{"loss": [0.6276973485946655, 0.5191783905029297, 0.41919317841529846, 0.5041368703047434, 0.43717315793037415, 0.36698553959528607, 0.23763359586397806, 0.24566363294919333, 0.1525331437587738, 0.1856064349412918, 0.1750514656305313, 0.13411042094230652, 0.23026017347971597, 0.1282158891359965, 0.13714271783828735, 0.12510698785384497, 0.12884194403886795, 0.12875805546840033, 0.12621464331944784, 0.1484734813372294, 0.1263259599606196, 0.1254564623037974, 0.12389739354451497, 0.17209976414839426, 0.12559557457764944, 0.1240954299767812, 0.145582248767217, 0.12441282471021016, 0.1324309433499972, 0.14327782889207205, 0.16786246995131174, 0.14595184723536173, 0.14284348984559378, 0.16348199546337128, 0.24716157217820486, 0.1234824260075887, 0.1842940946420034, 0.1528115173180898, 0.17423197130362192, 0.15853211283683777, 0.13759219149748483, 0.13661181926727295, 0.1347226177652677, 0.1569427748521169, 0.15190126995245615, 0.15118185679117838, 0.18768232564131418, 0.12036860982577006, 0.13977115352948508, 0.16489643355210623, 0.12974464893341064, 0.5712687969207764, 0.11739541341861089, 0.12645655373732248, 0.1265475203593572, 0.32395411531130475, 0.11900411297877629, 0.11531358708937962, 0.17915381491184235, 0.11710967868566513, 0.13559338450431824, 0.12111148486534755, 0.1592884212732315, 0.12201010187466939, 0.1184178094069163, 0.4702453315258026, 0.11675751209259033, 0.1576156367858251, 0.13171397149562836, 0.13191770513852438, 0.16161868969599405, 0.12153759350379308, 0.2423767993847529, 0.11662762612104416, 0.1221180334687233, 0.22822165489196777, 0.11632086833318074, 0.15628831088542938, 0.12324121346076329, 0.1212286502122879, 0.11693688482046127, 0.13042553265889487, 0.1398868908484777, 0.11919290075699489, 0.12144489338000615, 0.12140679856141408, 0.11908440788586934, 0.12330987801154454, 0.12189823389053345, 0.12150228520234425, 0.12307513256867726, 0.12324427564938863, 0.12368152290582657, 0.12366656462351482, 0.12372671067714691, 0.12495264907677968, 0.12166501084963481, 0.12407479186852773, 0.1234397863348325, 0.1272532045841217], "accuracy": [66.7460452457901, 66.5759482905256, 67.64755910869195, 89.3349209049158, 89.41996938254805, 90.38952202755571, 93.60435448205477, 93.82548052389862, 95.90066337812553, 96.07076033339003, 96.64908998128934, 96.64908998128934, 96.58105119918353, 96.61507059023643, 96.58105119918353, 96.44497363497193, 96.29188637523389, 96.32590576628678, 96.42796393944549, 96.35992515733969, 96.27487667970743, 96.37693485286613, 96.76815784997449, 96.51301241707773, 96.61507059023643, 96.66609967681579, 96.70011906786868, 96.56404150365708, 96.53002211260419, 96.56404150365708, 96.34291546181323, 95.81561490049329, 96.32590576628678, 96.32590576628678, 96.32590576628678, 96.61507059023643, 96.12178941996939, 96.56404150365708, 96.34291546181323, 96.13879911549583, 96.35992515733969, 96.25786698418098, 96.30889607076033, 96.54703180813064, 96.59806089470999, 96.56404150365708, 96.66609967681579, 96.78516754550094, 96.56404150365708, 96.58105119918353, 96.56404150365708, 72.56336111583603, 96.61507059023643, 96.70011906786868, 96.78516754550094, 72.66541928899473, 96.71712876339514, 96.75114815444803, 96.73413845892159, 97.0403129783977, 96.80217724102738, 96.78516754550094, 96.76815784997449, 96.76815784997449, 96.93825480523898, 72.71644837557407, 96.90423541418609, 96.95526450076544, 96.85320632760674, 97.00629358734479, 96.83619663208029, 96.97227419629189, 96.98928389181833, 97.00629358734479, 97.00629358734479, 96.97227419629189, 96.95526450076544, 96.95526450076544, 96.95526450076544, 96.87021602313318, 96.95526450076544, 96.78516754550094, 96.85320632760674, 96.88722571865964, 96.90423541418609, 96.81918693655383, 96.95526450076544, 96.81918693655383, 96.93825480523898, 96.95526450076544, 96.83619663208029, 96.83619663208029, 96.73413845892159, 96.87021602313318, 96.83619663208029, 96.81918693655383, 96.75114815444803, 96.83619663208029, 96.78516754550094, 96.81918693655383], "precision": [34.79318734793188, 34.13409824309788, 36.03940217391305, 65.00994035785288, 65.20584329349269, 67.52893124574541, 77.7602523659306, 78.38479809976246, 87.62331838565022, 88.00358102059087, 90.91751621872103, 91.45539906103286, 90.50691244239631, 91.2067352666043, 91.19025304592316, 91.123701605288, 91.04761904761904, 91.22137404580153, 91.19318181818183, 90.92627599243856, 91.19617224880383, 91.16809116809117, 92.06049149338375, 90.77353215284249, 91.83285849952516, 92.5, 92.19047619047619, 92.45647969052224, 92.69005847953217, 92.87109375, 92.03109815354713, 92.20647773279353, 92.68774703557312, 92.51968503937007, 92.51968503937007, 92.89191820837391, 92.68537074148297, 92.87109375, 91.07312440645774, 91.36760426770127, 93.12749003984064, 91.66666666666666, 91.69082125603865, 91.56398104265404, 91.66666666666666, 91.65085388994308, 91.54135338345864, 93.04347826086956, 91.49338374291115, 91.65876777251185, 91.65085388994308, 39.94718973972086, 91.75355450236967, 91.55722326454033, 91.75257731958763, 40.05285013212533, 91.64319248826291, 91.73708920187794, 91.72932330827066, 93.22519083969466, 91.6822429906542, 91.51910531220877, 91.43389199255121, 91.43389199255121, 93.10344827586206, 40.14296463506396, 92.84351145038168, 93.11004784688996, 93.07025986525505, 93.12977099236642, 93.0635838150289, 93.28214971209214, 93.04099142040037, 93.21223709369025, 93.12977099236642, 93.19923371647509, 93.11004784688996, 93.11004784688996, 93.11004784688996, 92.26415094339623, 93.11004784688996, 92.14758751182592, 92.25684608120869, 93.0835734870317, 93.09021113243762, 92.32227488151659, 93.11004784688996, 92.40265906932574, 93.18618042226487, 93.11004784688996, 92.40986717267552, 92.40986717267552, 91.96597353497165, 92.34404536862004, 92.24952741020795, 92.08294062205466, 91.9735599622285, 92.16981132075472, 92.3076923076923, 92.08294062205466], "recall": [92.68518518518518, 88.14814814814815, 98.24074074074073, 90.83333333333333, 90.92592592592592, 91.85185185185185, 91.2962962962963, 91.66666666666666, 90.46296296296296, 91.01851851851852, 90.83333333333333, 90.18518518518519, 90.92592592592592, 90.27777777777779, 90.0925925925926, 89.35185185185185, 88.51851851851852, 88.51851851851852, 89.16666666666667, 89.07407407407408, 88.24074074074075, 88.88888888888889, 90.18518518518519, 90.18518518518519, 89.53703703703704, 89.07407407407408, 89.62962962962962, 88.51851851851852, 88.05555555555556, 88.05555555555556, 87.68518518518519, 84.35185185185186, 86.85185185185185, 87.03703703703704, 87.03703703703704, 88.33333333333333, 85.64814814814815, 88.05555555555556, 88.79629629629629, 87.22222222222223, 86.57407407407408, 87.5925925925926, 87.87037037037037, 89.44444444444444, 89.62962962962962, 89.44444444444444, 90.18518518518519, 89.16666666666667, 89.62962962962962, 89.53703703703704, 89.44444444444444, 98.05555555555556, 89.62962962962962, 90.37037037037037, 90.64814814814814, 98.24074074074073, 90.37037037037037, 90.46296296296296, 90.37037037037037, 90.46296296296296, 90.83333333333333, 90.92592592592592, 90.92592592592592, 90.92592592592592, 90.0, 98.79629629629629, 90.0925925925926, 90.0925925925926, 89.53703703703704, 90.37037037037037, 89.44444444444444, 90.0, 90.37037037037037, 90.27777777777779, 90.37037037037037, 90.0925925925926, 90.0925925925926, 90.0925925925926, 90.0925925925926, 90.55555555555556, 90.0925925925926, 90.18518518518519, 90.46296296296296, 89.72222222222223, 89.81481481481481, 90.18518518518519, 90.0925925925926, 90.0925925925926, 89.9074074074074, 90.0925925925926, 90.18518518518519, 90.18518518518519, 90.0925925925926, 90.46296296296296, 90.37037037037037, 90.46296296296296, 90.18518518518519, 90.46296296296296, 90.0, 90.46296296296296],