{"loss": [0.27683088238040604, 1.7593475767970086, 0.600288736820221, 0.5820804895957311, 0.5575351203978062, 0.3361897021780411, 0.20787233512227735, 0.22218886343762279, 0.06735097614272187, 0.1231768486648798, 0.061829106110769014, 0.10973533892383178, 0.04736968911873798, 0.15570239782333373, 0.03309342587541323, 0.051392642634455116, 0.07522585766079525, 0.08100178770876179, 0.051546537648731225, 0.043033040513594946, 0.050876553068713595, 0.037484058579429984, 0.04352569793040554, 0.041498899015714415, 0.04110094100721957, 0.044918740082842606, 0.03636246616641681, 0.038727875901483154, 0.035567513650554855, 0.03564158051633664, 0.03504066975321621, 0.035652555625032015, 0.03273067539082452, 0.032143336061174824, 0.030467744920849023, 0.030451873000808215, 0.029760905668663327, 0.03367426179504643, 0.0311086430370536, 0.03499731413923049, 0.034734236483927816, 0.03327094816690078, 0.032934628615524465, 0.03252586531608055, 0.029431449014809916, 0.02943971436538656, 0.03950823596373084, 0.05087426757823171, 0.0356935052596964, 0.027960486023221164, 0.02693393063847907, 0.030619261585331212, 0.043700823045316306, 0.045635752268620614, 0.03026419398515524, 0.03445568017928357, 0.04035285984830504, 0.032629376671878464, 0.03314796738666094, 0.030928968564937046, 0.02579260337690357, 0.028999058433885998, 0.027151615821251956, 0.03210387595114298, 0.028607518079030947, 0.053070083109972375, 0.030278806170875517, 0.033624173768718416, 0.05596978678833693, 0.042708055954426526, 0.0267242631871098, 0.024461126989917828, 0.03605924825804929, 0.02632898046615689, 0.027621467518329154, 0.029037047206268957, 0.024787983137066476, 0.03401595688968276, 0.028550576608007153, 0.02422285729786381, 0.025188930488172143, 0.02639887129344667, 0.022849739320663504, 0.025919803773843644, 0.025217109225147093, 0.025111039260373218, 0.02672117362798114, 0.024157626274294065, 0.0238902116859875, 0.02386832349555334, 0.023525712343835038, 0.02484217386265906, 0.029005385685256138, 0.15531493620947004, 0.025487417747475167, 0.02518032637060969, 0.028675401899502805, 0.025768288516580164, 0.025018963080462222, 0.023044686600236067], "accuracy": [90.0, 21.901041666666668, 68.265625, 68.9375, 69.02083333333333, 69.52083333333333, 97.5625, 97.54166666666667, 97.08854166666667, 97.59895833333333, 97.11979166666667, 97.77083333333333, 97.30208333333333, 97.79166666666667, 97.17708333333333, 97.8125, 97.82291666666667, 97.84895833333333, 97.27083333333333, 97.328125, 97.78645833333333, 96.94791666666667, 97.25, 97.21354166666667, 96.69270833333333, 97.453125, 97.30729166666667, 97.06770833333333, 97.328125, 97.31770833333333, 97.36979166666667, 97.375, 97.5625, 97.43229166666667, 97.55208333333333, 97.60416666666667, 97.49479166666667, 97.52083333333333, 97.58854166666667, 97.39583333333333, 97.53125, 97.61979166666667, 97.33333333333333, 97.71875, 97.61458333333333, 97.64583333333333, 96.52604166666667, 97.203125, 97.58333333333333, 98.19791666666667, 97.50520833333333, 97.63020833333333, 96.125, 97.52604166666667, 98.00520833333333, 96.65625, 97.48958333333333, 97.4375, 97.421875, 98.0625, 98.06770833333333, 98.00520833333333, 97.80208333333333, 97.890625, 97.91666666666667, 98.03125, 97.02604166666667, 98.08333333333333, 98.13541666666667, 97.86979166666667, 98.28125, 97.46354166666667, 98.05208333333333, 97.91666666666667, 97.48958333333333, 98.265625, 97.96875, 97.78645833333333, 98.19791666666667, 98.02604166666667, 98.34895833333333, 98.32291666666667, 98.0625, 97.97916666666667, 98.05208333333333, 98.05208333333333, 98.29166666666667, 98.32291666666667, 98.27083333333333, 98.203125, 98.21354166666667, 97.58854166666667, 97.86979166666667, 98.16145833333333, 98.125, 97.83333333333333, 98.03645833333333, 98.08854166666667, 98.36458333333333, 98.10416666666667], "precision": [0.0, 11.341730234758442, 23.498031246030738, 24.090210148641724, 24.146341463414632, 24.381026843888453, 88.74066168623266, 90.26696329254727, 90.00587889476779, 91.56695156695157, 92.47980111870727, 93.62573099415205, 93.4863523573201, 93.84525205158265, 98.31697054698458, 93.40277777777779, 94.17647058823529, 94.40188568061285, 92.92742927429273, 93.94128669581512, 94.1523922031896, 94.4074567243675, 93.88398486759144, 93.85687143761875, 99.08326967150497, 96.79529103989536, 94.76707083599234, 95.08305647840531, 98.61782999308915, 98.8865692414753, 98.49211788896504, 99.23504867872045, 99.25373134328358, 99.24085576259489, 99.18588873812755, 99.12516823687753, 99.58649207443143, 99.24965893587995, 99.59155888359427, 99.78962131837307, 99.6565934065934, 99.79577944179714, 99.71751412429379, 99.46595460614152, 98.60372340425532, 99.06417112299465, 99.36958234830576, 98.458304134548, 99.1891891891892, 99.3107769423559, 99.4509265614276, 99.45982444294395, 99.83050847457628, 99.18311776718856, 99.42122186495178, 99.45820433436533, 99.38186813186813, 99.44598337950139, 99.37629937629939, 99.5518565941101, 98.55799373040752, 99.16826615483045, 99.08256880733946, 98.52658552210121, 99.15912031047866, 98.42964824120602, 98.42067480258436, 98.98989898989899, 99.05778894472361, 99.15419648666233, 99.31761786600497, 99.44789510006902, 99.2984693877551, 99.15912031047866, 99.58620689655172, 98.65113427345187, 98.66412213740458, 98.50746268656717, 98.70049504950495, 99.29622520793346, 99.44478716841456, 99.50433705080545, 98.86363636363636, 98.9769820971867, 98.8621997471555, 98.98605830164765, 99.37965260545906, 98.71951219512195, 98.29683698296837, 98.28326180257511, 98.70290302655961, 98.72909698996656, 99.15419648666233, 99.68294229549778, 99.49238578680203, 99.34383202099738, 99.10884786760026, 99.36427209154482, 99.3849938499385, 99.74424552429667], "recall": [0.0, 99.89583333333333, 96.35416666666666, 97.91666666666666, 97.96875, 97.44791666666667, 86.61458333333333, 84.53125, 79.73958333333333, 83.69791666666667, 77.5, 83.38541666666667, 78.48958333333333, 83.38541666666667, 73.02083333333333, 84.0625, 83.38541666666667, 83.4375, 78.69791666666667, 78.33333333333333, 83.02083333333333, 73.85416666666667, 77.55208333333333, 77.1875, 67.55208333333333, 77.08333333333334, 77.34375, 74.53125, 74.32291666666667, 74.01041666666667, 74.84375, 74.32291666666667, 76.19791666666667, 74.89583333333333, 76.14583333333333, 76.71875, 75.26041666666666, 75.78125, 76.19791666666667, 74.11458333333333, 75.57291666666667, 76.35416666666667, 73.54166666666667, 77.60416666666666, 77.23958333333333, 77.1875, 65.67708333333333, 73.17708333333334, 76.45833333333333, 82.55208333333334, 75.46875, 76.71875, 61.354166666666664, 75.88541666666667, 80.52083333333333, 66.92708333333334, 75.36458333333333, 74.79166666666667, 74.6875, 80.98958333333334, 81.875, 80.72916666666666, 78.75, 80.10416666666667, 79.84375, 81.61458333333333, 71.40625, 81.66666666666667, 82.13541666666667, 79.375, 83.38541666666667, 75.05208333333333, 81.09375, 79.84375, 75.20833333333333, 83.80208333333333, 80.78125, 79.0625, 83.07291666666666, 80.83333333333333, 83.95833333333333, 83.64583333333333, 81.5625, 80.625, 81.45833333333333, 81.35416666666667, 83.4375, 84.32291666666667, 84.16666666666667, 83.48958333333333, 83.22916666666667, 76.875, 79.375, 81.875, 81.66666666666667, 78.85416666666667, 81.09375, 81.40625, 84.16666666666667, 81.25],