{"loss": [0.45622508724530536, 0.09376549969116847, 0.06865220392743747, 0.062913133452336, 0.1559649556875229, 0.24757911264896393, 0.12565474957227707, 0.11878477782011032, 0.11735072235266368, 0.1571725308895111, 0.23003205160299936, 0.06948604931433995, 0.042109345396359764, 0.05397543186942736, 0.07652872800827026, 0.10032786180575688, 0.12285926938056946, 0.07321399201949437, 0.08929196993509929, 0.11630760878324509, 0.08923923224210739, 0.06460496534903844, 0.05434064567089081, 0.05087884018818537, 0.04264675825834274, 0.04494874800244967, 0.04053754732012749, 0.06573289632797241, 0.05341556668281555, 0.07779088864723842, 0.05401494229833285, 0.08137571066617966, 0.04873531311750412, 0.07087834427754085, 0.06068358818689982, 0.055224561442931495, 0.094812606771787, 0.05495868002374967, 0.09679852922757466, 0.06963414698839188, 0.07429625342289607, 0.06244393065571785, 0.061380273352066674, 0.05144994457562765, 0.04897953445712725, 0.06676766028006871, 0.07060158004363377, 0.051930210242668785, 0.0475564810136954, 0.04568768168489138, 0.055993651350339256, 0.04248743007580439, 0.0407889187335968, 0.04222696895400683, 0.04019194096326828, 0.078229159116745, 0.06251765166719754, 0.05141349136829376, 0.041120732203125954, 0.04387508953611056, 0.0464933676024278, 0.04856783772508303, 0.04244644567370415, 0.04479484756787618, 0.044580645859241486, 0.03959591748813788, 0.04164477810263634, 0.04209014897545179, 0.0455115499595801, 0.042506564408540726, 0.036160303900639214, 0.03281795047223568, 0.0360621822377046, 0.03967612671355406, 0.03157551462451617, 0.031121763711174328, 0.03312658083935579, 0.03241917242606481, 0.03435562985638777, 0.031805019825696945, 0.030670213823517162, 0.035288785894711815, 0.033621085807681084, 0.030559993038574856, 0.030263042077422142, 0.03096703129510085, 0.03451516727606455, 0.03614494763314724, 0.03296570169428984, 0.031222941353917122, 0.03237520717084408, 0.03181241390605768, 0.03136405969659487, 0.03272797912359238, 0.03284683947761854, 0.03092530493934949, 0.03306336204210917, 0.03305270274480184, 0.02957656296590964, 0.02803231030702591], "accuracy": [84.57220615750978, 85.28661336962068, 93.89351930600442, 94.26773260758632, 93.34920904915802, 91.41010375914271, 94.99914951522368, 94.77802347337983, 95.74757611838749, 95.18625616601463, 95.28831433917333, 95.35635312127913, 95.44140159891138, 95.42439190338493, 95.23728525259398, 95.20326586154108, 95.08419799285593, 96.07076033339003, 95.22027555706752, 95.49243068549073, 95.28831433917333, 95.35635312127913, 96.18982820207518, 96.49600272155128, 96.64908998128934, 96.64908998128934, 96.70011906786868, 96.10477972444293, 96.73413845892159, 96.51301241707773, 97.00629358734479, 95.91767307365198, 97.41452627997958, 96.83619663208029, 96.80217724102738, 97.12536145602994, 96.42796393944549, 96.92124510971253, 95.76458581391392, 96.59806089470999, 96.41095424391904, 96.64908998128934, 96.30889607076033, 97.00629358734479, 96.61507059023643, 96.30889607076033, 96.47899302602484, 96.90423541418609, 96.90423541418609, 96.92124510971253, 96.81918693655383, 96.98928389181833, 96.95526450076544, 96.98928389181833, 97.0403129783977, 96.29188637523389, 96.61507059023643, 96.95526450076544, 97.02330328287124, 96.98928389181833, 96.93825480523898, 96.98928389181833, 97.02330328287124, 96.95526450076544, 96.95526450076544, 97.07433236945059, 97.02330328287124, 96.76815784997449, 97.05732267392413, 96.75114815444803, 96.87021602313318, 97.02330328287124, 97.00629358734479, 97.09134206497704, 97.05732267392413, 97.10835176050348, 97.09134206497704, 97.07433236945059, 97.09134206497704, 97.00629358734479, 97.09134206497704, 96.90423541418609, 97.02330328287124, 97.09134206497704, 97.05732267392413, 96.97227419629189, 96.95526450076544, 96.90423541418609, 96.98928389181833, 96.88722571865964, 96.92124510971253, 96.87021602313318, 96.98928389181833, 96.83619663208029, 96.85320632760674, 96.88722571865964, 96.90423541418609, 96.78516754550094, 97.02330328287124, 96.93825480523898], "precision": [95.76719576719577, 99.08675799086758, 97.3718791064389, 93.45029239766082, 80.08733624454149, 70.6389088298636, 88.37890625, 87.48787584869059, 88.71268656716418, 85.1721094439541, 86.59981768459434, 98.55595667870037, 98.44868735083531, 96.5556831228473, 90.16064257028113, 86.27272727272727, 85.72719060523939, 95.2076677316294, 86.28519527702089, 87.35105407882676, 90.10989010989012, 93.90642002176278, 93.94250513347022, 96.19450317124736, 97.32047159699893, 97.32047159699893, 97.73706896551724, 93.64102564102565, 94.1351888667992, 93.01868239921338, 94.66403162055336, 89.54802259887006, 97.4437627811861, 93.56725146198829, 93.3852140077821, 95.23336643495531, 91.11531190926276, 96.29248197734294, 87.87602552415679, 94.17670682730925, 91.18483412322274, 94.55095862764884, 90.90047393364928, 97.18162839248434, 94.53993933265924, 90.82308420056765, 93.6063936063936, 96.48033126293996, 96.48033126293996, 96.58031088082902, 95.98352214212153, 97.08029197080292, 96.87825182101977, 97.08029197080292, 97.28601252609603, 90.50751879699249, 94.45005045408678, 96.6839378238342, 97.18456725755996, 96.88473520249221, 96.58385093167702, 96.88473520249221, 97.08636836628513, 96.6839378238342, 96.6839378238342, 97.48953974895397, 97.08636836628513, 95.22357723577237, 97.1904266389178, 95.0354609929078, 98.90829694323145, 97.68177028451001, 97.57894736842105, 97.59162303664921, 98.19341126461212, 98.50746268656717, 98.29968119022317, 98.29787234042553, 98.19724284199364, 98.08510638297872, 98.40255591054313, 97.46300211416491, 98.3957219251337, 98.81847475832438, 98.81593110871906, 98.28693790149893, 98.07897545357524, 97.86780383795309, 98.49624060150376, 98.59154929577466, 98.17792068595928, 99.01531728665208, 98.18569903948773, 98.27213822894169, 98.37837837837839, 98.48648648648648, 97.97008547008546, 98.4766050054407, 99.34569247546347, 98.80694143167028], "recall": [16.75925925925926, 20.09259259259259, 68.61111111111111, 73.98148148148148, 84.9074074074074, 91.11111111111111, 83.79629629629629, 83.51851851851852, 88.05555555555556, 89.35185185185185, 87.96296296296296, 75.83333333333333, 76.38888888888889, 77.87037037037037, 83.14814814814815, 87.87037037037037, 87.87037037037037, 82.77777777777777, 87.96296296296296, 88.24074074074075, 83.51851851851852, 79.9074074074074, 84.72222222222221, 84.25925925925925, 84.07407407407408, 84.07407407407408, 83.98148148148148, 84.53703703703704, 87.68518518518519, 87.5925925925926, 88.70370370370371, 88.05555555555556, 88.24074074074075, 88.88888888888889, 88.88888888888889, 88.79629629629629, 89.25925925925927, 86.57407407407408, 89.25925925925927, 86.85185185185185, 89.07407407407408, 86.75925925925925, 88.79629629629629, 86.20370370370371, 86.57407407407408, 88.88888888888889, 86.75925925925925, 86.29629629629629, 86.29629629629629, 86.29629629629629, 86.29629629629629, 86.20370370370371, 86.20370370370371, 86.20370370370371, 86.29629629629629, 89.16666666666667, 86.66666666666667, 86.38888888888889, 86.29629629629629, 86.38888888888889, 86.38888888888889, 86.38888888888889, 86.38888888888889, 86.38888888888889, 86.38888888888889, 86.29629629629629, 86.38888888888889, 86.75925925925925, 86.48148148148148, 86.85185185185185, 83.88888888888889, 85.83333333333333, 85.83333333333333, 86.29629629629629, 85.55555555555556, 85.55555555555556, 85.64814814814815, 85.55555555555556, 85.74074074074073, 85.37037037037038, 85.55555555555556, 85.37037037037038, 85.18518518518519, 85.18518518518519, 85.0, 85.0, 85.0925925925926, 85.0, 84.9074074074074, 84.25925925925925, 84.81481481481481, 83.79629629629629, 85.18518518518519, 84.25925925925925, 84.25925925925925, 84.35185185185186, 84.9074074074074, 83.79629629629629, 84.35185185185186, 84.35185185185186],