{"loss": [0.6866824626922607, 0.7862988909085592, 0.6230477094650269, 0.42963723341623944, 0.5063157280286154, 0.44536277651786804, 0.5222669243812561, 0.4061572154362996, 0.30759520332018536, 0.37640148401260376, 0.2059862514336904, 0.2173556387424469, 0.20460578302542368, 0.2424937238295873, 0.28310208519299823, 0.2767586012681325, 0.2222215086221695, 0.20646450420220694, 0.27390430370966595, 0.19874740143616995, 0.2237618863582611, 0.217354416847229, 0.18159544467926025, 0.12667757521073023, 0.16223452488581339, 0.15383796890576681, 0.10338196903467178, 0.15096128483613333, 0.09814047068357468, 0.09157593796650569, 0.14029282331466675, 0.07627714673678081, 0.07596941292285919, 0.07515279203653336, 0.09433834006388982, 0.08844021707773209, 0.07465670506159465, 0.07305837670962016, 0.0667800505956014, 0.08551574250062306, 0.07057355592648189, 0.07317598164081573, 0.07083210597435634, 0.07488211989402771, 0.07153915117184322, 0.07233271251122157, 0.07037755598624547, 0.06917538493871689, 0.08061430603265762, 0.0730713705221812, 0.07141451785961787, 0.07905138035615285, 0.09920094162225723, 0.08981907616058986, 0.07987569272518158, 0.07236696034669876, 0.08025213330984116, 0.07575504978497823, 0.12102339168389638, 0.09242880344390869, 0.07915254185597102, 0.07442050551374753, 0.07937866946061452, 0.08592823147773743, 0.08061032245556514, 0.07441349575916927, 0.07449085017045338, 0.07546536376078923, 0.08084110915660858, 0.07452231148878734, 0.08201322456200917, 0.07624667634566624, 0.09187603493531545, 0.08894386639197667, 0.08497996379931767, 0.07742997010548909, 0.07821138699849446, 0.07845620810985565, 0.07871380696694057, 0.09331498543421428, 0.08132541676362355, 0.08727682133515675, 0.11296338091293971, 0.10022646685441335, 0.07968547195196152, 0.08714058995246887, 0.20501348872979483, 0.1277157391111056, 0.08903706322113673, 0.09913478295008342, 0.1216989333430926, 0.11608353008826573, 0.10074235995610555, 0.1339513286948204, 0.10488473623991013, 0.1309064825375875, 0.10558762401342392, 0.11926909784475963, 0.1125475416580836, 0.09988564749558766], "accuracy": [66.7460452457901, 38.88416397346487, 65.99761864262629, 75.40398026875319, 74.67256336111583, 80.77904405511141, 79.50331689062766, 86.39224357883994, 89.79418268412995, 77.66626977377105, 93.94454839258377, 92.95798605204966, 93.00901513862902, 91.63122980098656, 91.35907467256337, 92.68583092362647, 91.88637523388331, 93.11107331178772, 89.5050178601803, 93.14509270284061, 93.19612178941998, 93.80847082837217, 95.03316890627657, 95.33934342575267, 95.50944038101719, 96.51301241707773, 95.78159550944038, 96.63208028576288, 96.63208028576288, 95.83262459601973, 96.58105119918353, 96.61507059023643, 96.68310937234223, 96.56404150365708, 96.46198333049838, 96.58105119918353, 95.79860520496683, 96.61507059023643, 96.71712876339514, 96.63208028576288, 95.66252764075523, 96.30889607076033, 96.18982820207518, 96.25786698418098, 95.64551794522878, 96.22384759312808, 96.15580881102228, 96.05375063786359, 95.62850824970234, 95.79860520496683, 95.79860520496683, 95.54345977207008, 94.11464534784827, 95.22027555706752, 95.67953733628168, 95.62850824970234, 95.88365368259907, 96.01973124681068, 93.77445143731927, 95.42439190338493, 95.81561490049329, 95.93468276917844, 95.71355672733458, 95.40738220785848, 95.84963429154618, 96.01973124681068, 96.01973124681068, 96.05375063786359, 95.64551794522878, 96.01973124681068, 95.78159550944038, 95.86664398707264, 95.18625616601463, 95.69654703180814, 95.59448885864943, 95.83262459601973, 95.71355672733458, 95.79860520496683, 95.67953733628168, 94.82905255995918, 95.62850824970234, 95.44140159891138, 93.84249021942507, 95.73056642286103, 95.79860520496683, 95.16924647048818, 92.02245279809492, 94.69297499574758, 95.44140159891138, 94.38680047627147, 93.04303452968192, 94.38680047627147, 94.26773260758632, 93.40023813573737, 94.69297499574758, 93.46827691784317, 94.57390712706243, 94.35278108521858, 94.16567443442763, 94.55689743153597], "precision": [33.179546328335256, 23.076923076923077, 33.606849803781664, 41.80107526881721, 40.99515631880229, 48.6587982832618, 46.84183931278423, 58.88324873096447, 66.10738255033557, 44.47081158044613, 79.38311688311688, 77.93624161073825, 78.13288477712364, 73.00469483568075, 72.10200927357032, 76.85950413223141, 72.12032281731474, 78.67459643160578, 66.61880832735105, 78.71077184054283, 78.96081771720614, 81.56966490299824, 86.96060037523452, 88.82466281310212, 89.38223938223938, 90.62209842154132, 91.02564102564102, 91.21495327102804, 91.52542372881356, 91.2142152023692, 90.95992544268407, 91.28397375820056, 91.78470254957507, 91.33709981167608, 90.67164179104478, 91.11318989710009, 91.11549851924975, 91.75355450236967, 92.68527430221367, 91.36960600375235, 91.37412236710131, 91.29186602870814, 91.47286821705426, 91.18773946360153, 90.87301587301587, 91.81286549707602, 91.86274509803921, 92.06349206349206, 90.30362389813908, 91.11549851924975, 91.69169169169169, 90.09803921568627, 88.63157894736841, 89.98998998999, 91.05367793240556, 91.6076845298281, 90.60077519379846, 90.67307692307692, 83.17843866171005, 87.65088207985144, 91.20553359683794, 91.1851126346719, 90.8284023668639, 88.64503816793892, 89.80952380952381, 91.79841897233202, 91.55206286836936, 91.08527131782945, 88.79472693032015, 91.63385826771653, 90.07707129094412, 90.279114533205, 87.62983947119925, 89.87463837994214, 89.58534233365476, 91.13300492610837, 90.27237354085604, 90.71358748778103, 91.21756487025948, 86.05947955390334, 91.356783919598, 89.49416342412452, 82.05357142857143, 90.51808406647116, 91.44278606965173, 88.04971319311663, 74.69684721099435, 87.35408560311284, 91.42857142857143, 84.78664192949907, 80.36199095022624, 87.27634194831015, 85.14664143803216, 81.0592459605027, 86.9942196531792, 81.12701252236137, 85.72769953051643, 84.95327102803738, 84.79697828139756, 86.39846743295018], "recall": [79.9074074074074, 99.72222222222223, 87.22222222222223, 86.38888888888889, 86.20370370370371, 83.98148148148148, 85.83333333333333, 85.92592592592592, 91.20370370370371, 86.75925925925925, 90.55555555555556, 86.01851851851852, 86.01851851851852, 86.38888888888889, 86.38888888888889, 86.11111111111111, 91.01851851851852, 85.74074074074073, 85.92592592592592, 85.92592592592592, 85.83333333333333, 85.64814814814815, 85.83333333333333, 85.37037037037038, 85.74074074074073, 90.37037037037037, 85.46296296296296, 90.37037037037037, 90.0, 85.55555555555556, 90.37037037037037, 90.18518518518519, 90.0, 89.81481481481481, 90.0, 90.18518518518519, 85.46296296296296, 89.62962962962962, 89.16666666666667, 90.18518518518519, 84.35185185185186, 88.33333333333333, 87.4074074074074, 88.14814814814815, 84.81481481481481, 87.22222222222223, 86.75925925925925, 85.92592592592592, 85.37037037037038, 85.46296296296296, 84.81481481481481, 85.0925925925926, 77.96296296296296, 83.24074074074073, 84.81481481481481, 83.88888888888889, 86.57407407407408, 87.31481481481481, 82.87037037037037, 87.4074074074074, 85.46296296296296, 86.20370370370371, 85.27777777777777, 86.01851851851852, 87.31481481481481, 86.01851851851852, 86.29629629629629, 87.03703703703704, 87.31481481481481, 86.20370370370371, 86.57407407407408, 86.85185185185185, 85.92592592592592, 86.29629629629629, 86.01851851851852, 85.64814814814815, 85.92592592592592, 85.92592592592592, 84.62962962962963, 85.74074074074073, 84.16666666666667, 85.18518518518519, 85.0925925925926, 85.74074074074073, 85.0925925925926, 85.27777777777777, 85.55555555555556, 83.14814814814815, 82.96296296296296, 84.62962962962963, 82.22222222222221, 81.2962962962963, 83.33333333333334, 83.61111111111111, 83.61111111111111, 83.98148148148148, 84.53703703703704, 84.16666666666667, 83.14814814814815, 83.51851851851852],