{"loss": [0.6100838780403137, 0.9851219455401102, 0.6838856736818949, 0.40782006581624347, 0.39462992548942566, 0.23674334088961282, 0.1871306449174881, 0.2226458340883255, 0.22983671724796295, 0.22266765932242075, 0.17097085217634836, 0.13953917721907297, 0.10820806523164113, 0.1316222424308459, 0.11773060758908589, 0.12918651352326074, 0.11155940592288971, 0.11897684385379155, 0.12423769881327947, 0.1364303876956304, 0.13806501030921936, 0.17873850464820862, 0.14491227765878043, 0.13490028182665506, 0.14098963141441345, 0.153317391872406, 0.14966327945391336, 0.14872654775778452, 0.14577709138393402, 0.13832365969816843, 0.13245433072249094, 0.14524789651234946, 0.14755409955978394, 0.14594603578249613, 0.13470875968535742, 0.12609103818734488, 0.1222118188937505, 0.12101207921902339, 0.12453197687864304, 0.1406785547733307, 0.13222122937440872, 0.11003350218137105, 0.140032430489858, 0.13141265511512756, 0.12869173288345337, 0.1360072394212087, 0.11232373863458633, 0.10624986390272777, 0.1287657842040062, 0.11400980254014333, 0.10372172544399898, 0.11674957474072774, 0.10594518979390462, 0.12439337869485219, 0.11951122681299846, 0.1243302250901858, 0.10802174359560013, 0.12783950318892798, 0.12159123768409093, 0.11627823114395142, 0.1168640007575353, 0.11062087118625641, 0.12104820708433787, 0.12086643526951472, 0.10645137478907903, 0.11829031507174174, 0.1310876434048017, 0.1090598280231158, 0.12780081232388815, 0.1015648494164149, 0.12098864962657292, 0.1308570603529612, 0.10483745237191518, 0.10055440415938695, 0.11494304488102595, 0.12180052946011226, 0.1079682856798172, 0.12505124260981879, 0.11979450037082036, 0.12305013338724773, 0.11346922318140666, 0.1110262821118037, 0.10753388454516728, 0.10844783236583073, 0.10916867603858312, 0.10695294787486394, 0.10260660201311111, 0.1068276862303416, 0.0991663287083308, 0.0971175233523051, 0.10922796030839284, 0.10351757456858952, 0.12006898472706477, 0.12585230420033136, 0.09982251872618993, 0.09956641743580501, 0.16048850119113922, 0.1066585083802541, 0.12164092312256496, 0.12268304328123729], "accuracy": [67.30736519816296, 46.113284572206155, 66.83109372342236, 71.32165334240517, 72.25718659635993, 96.27487667970743, 96.51301241707773, 94.76101377785338, 94.40381017179793, 94.53988773600952, 94.79503316890627, 96.35992515733969, 96.56404150365708, 96.44497363497193, 96.44497363497193, 96.30889607076033, 96.29188637523389, 96.25786698418098, 96.30889607076033, 96.29188637523389, 96.34291546181323, 96.20683789760163, 96.32590576628678, 96.64908998128934, 96.37693485286613, 96.29188637523389, 96.25786698418098, 96.30889607076033, 96.32590576628678, 96.37693485286613, 96.35992515733969, 96.32590576628678, 96.29188637523389, 96.37693485286613, 96.39394454839258, 96.10477972444293, 97.14237115155639, 96.76815784997449, 96.59806089470999, 95.95169246470488, 96.32590576628678, 97.09134206497704, 96.29188637523389, 96.42796393944549, 96.37693485286613, 95.86664398707264, 97.14237115155639, 97.19340023813574, 95.98571185575778, 96.35992515733969, 97.43153597550604, 96.73413845892159, 96.88722571865964, 96.66609967681579, 96.73413845892159, 96.42796393944549, 97.38050688892669, 96.29188637523389, 96.73413845892159, 96.78516754550094, 96.75114815444803, 96.80217724102738, 96.68310937234223, 96.76815784997449, 96.80217724102738, 96.76815784997449, 96.25786698418098, 96.81918693655383, 96.35992515733969, 97.5846232352441, 96.75114815444803, 96.01973124681068, 97.39751658445314, 96.97227419629189, 96.70011906786868, 96.29188637523389, 96.49600272155128, 96.63208028576288, 96.29188637523389, 96.22384759312808, 96.75114815444803, 96.97227419629189, 96.92124510971253, 96.98928389181833, 97.17639054260928, 96.95526450076544, 97.05732267392413, 97.32947780234734, 97.38050688892669, 97.21040993366219, 97.02330328287124, 97.00629358734479, 96.68310937234223, 96.97227419629189, 97.19340023813574, 97.05732267392413, 96.64908998128934, 97.05732267392413, 96.98928389181833, 96.58105119918353], "precision": [35.01779359430605, 25.365738555922608, 35.1027397260274, 38.60045146726862, 39.66228893058161, 88.81875563570784, 90.47178538390379, 81.79571663920923, 80.40485829959513, 80.92909535452323, 81.93069306930693, 88.66071428571428, 89.69258589511753, 89.12848158131177, 89.12848158131177, 88.49241748438894, 88.48214285714285, 88.32442067736186, 88.56121537086685, 88.48214285714285, 88.58162355040142, 88.08888888888889, 88.70967741935483, 92.24880382775119, 88.94878706199461, 88.48214285714285, 88.46153846153845, 88.83888388838884, 88.64042933810376, 89.0892696122633, 88.8689407540395, 88.64042933810376, 88.62007168458781, 88.80931065353626, 88.95870736086175, 87.48898678414096, 92.77673545966229, 90.75091575091575, 90.0, 86.86514886164623, 88.57142857142857, 92.51637043966323, 88.41354723707666, 89.04847396768402, 88.87892376681614, 86.48648648648648, 92.77673545966229, 93.03857008466603, 87.01754385964912, 89.009009009009, 94.6205571565802, 90.88397790055248, 91.64345403899722, 90.55045871559632, 90.88397790055248, 89.11870503597122, 94.43378119001919, 88.68940754039497, 90.88397790055248, 91.13573407202216, 90.96774193548387, 91.21996303142329, 90.633608815427, 91.05166051660517, 91.21996303142329, 91.05166051660517, 88.5304659498208, 91.30434782608695, 88.79928315412187, 95.62256809338521, 90.96774193548387, 87.17047451669596, 94.43911792905082, 92.22846441947566, 90.71691176470588, 88.68940754039497, 89.79963570127505, 90.38461538461539, 88.68940754039497, 88.37209302325581, 90.96774193548387, 92.14953271028037, 91.8918918918919, 92.23573433115061, 93.35863377609108, 92.06349206349206, 92.58215962441314, 94.33237271853987, 94.60500963391137, 93.5361216730038, 92.40862230552952, 92.32209737827716, 90.85872576177285, 92.3076923076923, 93.44729344729345, 92.58215962441314, 90.2461257976299, 92.58215962441314, 92.23573433115061, 89.91825613079018], "recall": [91.11111111111111, 99.53703703703704, 94.9074074074074, 95.0, 97.87037037037038, 91.20370370370371, 90.55555555555556, 91.94444444444444, 91.94444444444444, 91.94444444444444, 91.94444444444444, 91.94444444444444, 91.85185185185185, 91.85185185185185, 91.85185185185185, 91.85185185185185, 91.75925925925927, 91.75925925925927, 91.75925925925927, 91.75925925925927, 91.94444444444444, 91.75925925925927, 91.66666666666666, 89.25925925925927, 91.66666666666666, 91.75925925925927, 91.57407407407408, 91.38888888888889, 91.75925925925927, 91.48148148148148, 91.66666666666666, 91.75925925925927, 91.57407407407408, 91.85185185185185, 91.75925925925927, 91.94444444444444, 91.57407407407408, 91.75925925925927, 91.66666666666666, 91.85185185185185, 91.85185185185185, 91.57407407407408, 91.85185185185185, 91.85185185185185, 91.75925925925927, 91.85185185185185, 91.57407407407408, 91.57407407407408, 91.85185185185185, 91.48148148148148, 91.20370370370371, 91.38888888888889, 91.38888888888889, 91.38888888888889, 91.38888888888889, 91.75925925925927, 91.11111111111111, 91.48148148148148, 91.38888888888889, 91.38888888888889, 91.38888888888889, 91.38888888888889, 91.38888888888889, 91.38888888888889, 91.38888888888889, 91.38888888888889, 91.48148148148148, 91.38888888888889, 91.75925925925927, 91.01851851851852, 91.38888888888889, 91.85185185185185, 91.20370370370371, 91.20370370370371, 91.38888888888889, 91.48148148148148, 91.2962962962963, 91.38888888888889, 91.48148148148148, 91.48148148148148, 91.38888888888889, 91.2962962962963, 91.2962962962963, 91.2962962962963, 91.11111111111111, 91.2962962962963, 91.2962962962963, 90.92592592592592, 90.92592592592592, 91.11111111111111, 91.2962962962963, 91.2962962962963, 91.11111111111111, 91.11111111111111, 91.11111111111111, 91.2962962962963, 91.66666666666666, 91.2962962962963, 91.2962962962963, 91.66666666666666],