{"loss": [0.6350945631663004, 0.6190697948137919, 0.5805624524752299, 0.6199008226394653, 0.5597585439682007, 0.6687334378560384, 0.6690660119056702, 0.5295140941937765, 0.5494387348492941, 0.4577905337015788, 0.2948268751303355, 0.29686885078748065, 0.37662824988365173, 0.30496691664059955, 0.3319185475508372, 0.6221772233645121, 0.5527522365252177, 0.3189479211966197, 0.41845982273419696, 0.4126104811827342, 0.4173898796240489, 0.2756639818350474, 0.3956893781820933, 0.434371680021286, 0.3026863634586334, 0.29147342840830487, 0.3119112352530162, 0.21943970024585724, 0.224927028020223, 0.30608763297398883, 0.3029114902019501, 0.6866580843925476, 0.3096071481704712, 0.444181352853775, 0.3956608672936757, 0.38924533128738403, 0.3145892322063446, 0.3413412670294444, 0.148843452334404, 0.43939560651779175, 0.3117561340332031, 0.14274930457274118, 0.14885698755582175, 0.12968779355287552, 0.1257334699233373, 0.1317103107770284, 0.12861020614703497, 0.12018354485432307, 0.11500371992588043, 0.11248332013686498, 0.11120453228553136, 0.11901909112930298, 0.13385610034068426, 0.1422794610261917, 0.13176138947407404, 0.1360451579093933, 0.11429870625336964, 0.11262030154466629, 0.12774949769179025, 0.11989044149716695, 0.1247415045897166, 0.1168400968114535, 0.10295431067546208, 0.10614324857791264, 0.1105382889509201, 0.1024693747361501, 0.09636789311965306, 0.09583038836717606, 0.10040574024120967, 0.10226016243298848, 0.09246947119633357, 0.09118907650311787, 0.10891800870498021, 0.09271430224180222, 0.09596054752667744, 0.08844853440920512, 0.08703568577766418, 0.08820473154385884, 0.08607847491900127, 0.09083889424800873, 0.08799689263105392, 0.09310453136761983, 0.08982194463411967, 0.08806271106004715, 0.08885474006334941, 0.09321668247381847, 0.09480151285727818, 0.09777956455945969, 0.08980787048737209, 0.09522346158822377, 0.09182499349117279, 0.09006164968013763, 0.09186949580907822, 0.09236687918504079, 0.09697117408116658, 0.08971536159515381, 0.09430058300495148, 0.09175925453503926, 0.09335477153460185, 0.09567534923553467], "accuracy": [65.64041503657084, 59.78907977547202, 66.28678346657595, 65.5553665589386, 65.16414356183024, 67.57952032658615, 71.28763395135228, 69.97788739581561, 69.96087770028916, 69.99489709134207, 69.99489709134207, 69.99489709134207, 69.97788739581561, 70.01190678686852, 69.19544140159891, 70.53920734818847, 71.45773090661677, 71.47474060214323, 71.47474060214323, 71.45773090661677, 71.44072121109032, 71.44072121109032, 71.44072121109032, 71.61081816635482, 71.59380847082838, 71.57679877530192, 71.55978907977547, 95.18625616601463, 94.36979078074502, 71.62782786188127, 69.43357713896921, 71.66184725293417, 71.59380847082838, 71.62782786188127, 71.72988603503997, 71.69586664398707, 71.71287633951353, 71.69586664398707, 96.66609967681579, 71.72988603503997, 71.78091512161933, 96.71712876339514, 96.73413845892159, 95.42439190338493, 96.75114815444803, 94.64194590916823, 94.62493621364177, 96.83619663208029, 96.85320632760674, 96.98928389181833, 96.85320632760674, 95.40738220785848, 95.25429494812043, 95.23728525259398, 95.56046946759653, 95.56046946759653, 96.93825480523898, 95.10120768838237, 95.59448885864943, 95.06718829732948, 95.50944038101719, 95.06718829732948, 97.36349719340024, 97.68668140840279, 95.86664398707264, 97.34648749787378, 97.36349719340024, 97.38050688892669, 97.41452627997958, 97.41452627997958, 97.34648749787378, 97.41452627997958, 95.98571185575778, 97.43153597550604, 97.41452627997958, 97.44854567103249, 97.36349719340024, 97.36349719340024, 97.34648749787378, 97.34648749787378, 97.32947780234734, 97.05732267392413, 97.21040993366219, 97.29545841129443, 97.32947780234734, 97.34648749787378, 97.36349719340024, 97.44854567103249, 97.44854567103249, 97.32947780234734, 97.39751658445314, 97.38050688892669, 97.41452627997958, 97.38050688892669, 97.17639054260928, 97.34648749787378, 97.29545841129443, 97.32947780234734, 97.278448715768, 97.10835176050348], "precision": [29.67128027681661, 30.58076225045372, 34.53360768175583, 32.323232323232325, 32.73894436519258, 35.90443686006826, 38.77400295420975, 36.89246077305779, 36.85823754789272, 36.91660290742158, 36.87643898695319, 36.88650306748466, 36.872364890762746, 36.90065209052551, 35.69471624266145, 37.64215314632297, 38.90126206384558, 38.923933209647494, 38.923933209647494, 38.90126206384558, 38.88682745825603, 38.89506859473489, 38.89506859473489, 39.039821362113884, 39.01712583767684, 39.01078467831908, 38.97989575577066, 90.53916581892166, 90.39913700107874, 39.02985074626866, 35.913555992141454, 39.06716417910448, 38.97608370702541, 39.02165795369679, 39.133681852128454, 39.112602535421324, 39.1271913465125, 39.1044776119403, 91.69811320754717, 39.14988814317674, 39.193729003359465, 91.8791312559018, 91.88679245283019, 91.33537206931702, 91.65885660731021, 91.35135135135135, 91.16379310344827, 92.01127819548873, 92.09783631232361, 92.07828518173345, 92.09783631232361, 95.10022271714922, 94.94949494949495, 94.9438202247191, 96.37599093997736, 96.48127128263337, 96.58385093167702, 96.37002341920375, 96.70079635949944, 96.47058823529412, 96.57534246575342, 96.47058823529412, 96.95431472081218, 96.91848906560637, 96.44839067702553, 96.85598377281947, 97.14576962283384, 97.34151329243353, 97.54098360655738, 97.54098360655738, 97.3360655737705, 97.4437627811861, 97.95454545454545, 97.83728115345005, 97.93388429752066, 97.64344262295081, 96.95431472081218, 97.2420837589377, 97.23926380368098, 97.23926380368098, 96.85279187817258, 95.4864593781344, 96.35627530364373, 96.94189602446484, 97.13993871297242, 97.43326488706366, 97.6313079299691, 98.13664596273291, 97.74127310061603, 97.52832131822863, 97.8328173374613, 97.5359342915811, 97.7366255144033, 97.43852459016394, 96.16161616161617, 97.3360655737705, 97.9188345473465, 97.4306269270298, 97.32510288065843, 96.05263157894737], "recall": [63.51851851851852, 93.61111111111111, 93.24074074074075, 80.0, 85.0, 97.4074074074074, 97.22222222222221, 89.25925925925927, 89.07407407407408, 89.35185185185185, 88.98148148148148, 89.07407407407408, 89.07407407407408, 89.07407407407408, 84.44444444444444, 91.94444444444444, 97.03703703703704, 97.12962962962963, 97.12962962962963, 97.03703703703704, 97.03703703703704, 97.12962962962963, 97.12962962962963, 97.12962962962963, 97.03703703703704, 97.12962962962963, 96.94444444444444, 82.4074074074074, 77.5925925925926, 96.85185185185186, 84.62962962962963, 96.94444444444444, 96.57407407407408, 96.75925925925925, 97.03703703703704, 97.12962962962963, 97.12962962962963, 97.03703703703704, 90.0, 97.22222222222221, 97.22222222222221, 90.0925925925926, 90.18518518518519, 82.96296296296296, 90.55555555555556, 78.24074074074075, 78.33333333333333, 90.64814814814814, 90.64814814814814, 91.48148148148148, 90.64814814814814, 79.07407407407408, 78.33333333333333, 78.24074074074075, 78.7962962962963, 78.70370370370371, 86.38888888888889, 76.20370370370371, 78.70370370370371, 75.92592592592592, 78.33333333333333, 75.92592592592592, 88.42592592592592, 90.27777777777779, 80.46296296296296, 88.42592592592592, 88.24074074074075, 88.14814814814815, 88.14814814814815, 88.14814814814815, 87.96296296296296, 88.24074074074075, 79.81481481481481, 87.96296296296296, 87.77777777777777, 88.24074074074075, 88.42592592592592, 88.14814814814815, 88.05555555555556, 88.05555555555556, 88.33333333333333, 88.14814814814815, 88.14814814814815, 88.05555555555556, 88.05555555555556, 87.87037037037037, 87.77777777777777, 87.77777777777777, 88.14814814814815, 87.68518518518519, 87.77777777777777, 87.96296296296296, 87.96296296296296, 88.05555555555556, 88.14814814814815, 87.96296296296296, 87.12962962962963, 87.77777777777777, 87.5925925925926, 87.87037037037037],