{"loss": [0.7534188628196716, 0.6307323575019836, 0.6023057301839193, 0.5913774768511454, 0.6147783795992533, 0.560427208741506, 0.5284443100293478, 0.502079596122106, 0.46788902084032696, 0.630207896232605, 0.4388150175412496, 0.3619633913040161, 0.48640961448351544, 0.30722172061602276, 0.31375451882680255, 0.31937477986017865, 0.26460596919059753, 0.2660392423470815, 0.2725077172120412, 0.2555279384056727, 0.26603272557258606, 0.31920431057612103, 0.19836190342903137, 0.31789660453796387, 0.25242124994595844, 0.21455812950929007, 0.19538070261478424, 0.20823490619659424, 0.24935023486614227, 0.22051682074864706, 0.44527576367060345, 0.19973315298557281, 0.19022389749685922, 0.18896718323230743, 0.19282457729180655, 0.20978190998236337, 0.17844479779402414, 0.18642392754554749, 0.25488513708114624, 0.16943682730197906, 0.17747738460699716, 0.17778225739796957, 0.22890803217887878, 0.17555678884188333, 0.16713187098503113, 0.1737306664387385, 0.18595496813456217, 0.17841791113217673, 0.17020665109157562, 0.16648427148660025, 0.16409762700398764, 0.17672595381736755, 0.16630379855632782, 0.17888670166333517, 0.16250720620155334, 0.16284719109535217, 0.16144434611002603, 0.13777703046798706, 0.14237759759028754, 0.15277176102002463, 0.12435530374447505, 0.13090252876281738, 0.13787534832954407, 0.14236031472682953, 0.1413512279589971, 0.13058201223611832, 0.13043048977851868, 0.11961878836154938, 0.11732602616151173, 0.11368499944607417, 0.12325593332449596, 0.10675542056560516, 0.11876380691925685, 0.11833613365888596, 0.10844032218058904, 0.11704296618700027, 0.11988448103268941, 0.10265111426512401, 0.11576556166013081, 0.10612035542726517, 0.10230870544910431, 0.10676755507787068, 0.1106411541501681, 0.10869156817595164, 0.1121492584546407, 0.11109582583109538, 0.10603765398263931, 0.14190740883350372, 0.11328611274560292, 0.11892501264810562, 0.15563960373401642, 0.12401379893223445, 0.10471496979395549, 0.11202009518941243, 0.11982644100983937, 0.10061233739058177, 0.10031881183385849, 0.10367274781068166, 0.10412371903657913, 0.1265401691198349], "accuracy": [31.621023983670693, 57.78193570335091, 68.60010205817316, 70.45415887055621, 70.69229460792651, 70.19901343765946, 70.13097465555367, 70.11396496002722, 70.18200374213302, 70.23303282871237, 70.21602313318591, 70.19901343765946, 70.35210069739752, 70.42013947950332, 70.53920734818847, 70.60724613029427, 95.56046946759653, 95.57747916312297, 95.45841129443782, 95.45841129443782, 96.20683789760163, 71.01547882292907, 96.24085728865454, 70.79435278108522, 95.78159550944038, 95.71355672733458, 95.81561490049329, 95.73056642286103, 95.67953733628168, 95.61149855417588, 70.53920734818847, 95.74757611838749, 95.67953733628168, 95.71355672733458, 95.62850824970234, 94.94812042864433, 95.32233373022623, 94.98213981969722, 94.67596530022112, 94.96513012417078, 94.93111073311788, 94.94812042864433, 94.82905255995918, 94.76101377785338, 94.21670352100698, 93.92753869705733, 94.82905255995918, 94.98213981969722, 94.21670352100698, 94.67596530022112, 94.81204286443273, 93.97856778363668, 94.23371321653343, 94.88008164653853, 95.15223677496172, 94.08062595679537, 94.88008164653853, 96.15580881102228, 96.20683789760163, 96.12178941996939, 96.49600272155128, 95.10120768838237, 95.45841129443782, 95.45841129443782, 95.40738220785848, 95.23728525259398, 95.32233373022623, 95.03316890627657, 96.88722571865964, 96.42796393944549, 96.30889607076033, 96.41095424391904, 95.79860520496683, 95.57747916312297, 96.92124510971253, 95.78159550944038, 96.97227419629189, 96.88722571865964, 96.41095424391904, 96.97227419629189, 97.05732267392413, 96.42796393944549, 96.81918693655383, 96.44497363497193, 96.39394454839258, 96.41095424391904, 97.0403129783977, 96.76815784997449, 96.41095424391904, 96.39394454839258, 96.39394454839258, 96.32590576628678, 96.54703180813064, 96.87021602313318, 96.24085728865454, 97.46555536655895, 97.5165844531383, 97.36349719340024, 97.32947780234734, 96.39394454839258], "precision": [21.09712937475423, 30.039863325740317, 36.617749825297, 37.85582255083179, 37.95428999625328, 37.263078089461715, 37.177541729893775, 37.153700189753316, 37.22960151802657, 37.30098559514784, 37.2772089495639, 37.253414264036415, 37.46691871455576, 37.54253308128545, 37.698113207547166, 37.782805429864254, 89.03717826501429, 89.04761904761904, 89.27536231884058, 89.351403678606, 89.63922294172063, 38.190764572293716, 91.25840537944285, 37.88512742487638, 91.10671936758892, 91.31736526946108, 91.45129224652088, 91.4914914914915, 91.21756487025948, 90.77380952380952, 37.64215314632297, 91.5, 91.05367793240556, 91.1530815109344, 90.86395233366436, 86.76056338028168, 88.8138862102218, 86.99340245051837, 85.47641073080482, 86.8421052631579, 86.81732580037664, 86.89915174363809, 86.19402985074626, 86.14232209737828, 88.14432989690721, 85.40646425073457, 84.76702508960572, 85.71428571428571, 86.77932405566601, 90.84132055378062, 86.24883068288119, 85.03861003861005, 86.35917566241413, 86.23255813953489, 87.74928774928775, 87.57700205338809, 89.94871794871796, 89.24632352941177, 89.49308755760369, 89.08256880733944, 91.1487758945386, 88.59649122807018, 90.69069069069069, 90.77231695085256, 90.41916167664671, 89.44773175542406, 89.97020854021847, 87.95761078998073, 92.91866028708135, 90.05524861878453, 89.19164396003633, 90.49394221808015, 92.63050153531218, 90.75546719681908, 92.85033365109628, 91.93548387096774, 93.11663479923517, 93.00095877277086, 90.4186046511628, 92.62759924385632, 93.90125847047435, 90.4275092936803, 93.64613880742912, 90.36144578313254, 90.18518518518519, 90.26876737720112, 93.64161849710982, 92.38095238095238, 90.26876737720112, 90.4096834264432, 90.11090573012939, 90.14869888475836, 90.26629935720845, 93.32688588007737, 93.51570415400202, 97.06774519716885, 96.32936507936508, 95.8374628344896, 96.1961961961962, 92.13592233009709], "recall": [99.35185185185185, 97.68518518518519, 97.03703703703704, 94.81481481481482, 93.7962962962963, 91.01851851851852, 90.74074074074075, 90.64814814814814, 90.83333333333333, 91.11111111111111, 91.01851851851852, 90.92592592592592, 91.75925925925927, 91.94444444444444, 92.5, 92.77777777777779, 86.48148148148148, 86.57407407407408, 85.55555555555556, 85.46296296296296, 89.72222222222223, 93.42592592592592, 87.96296296296296, 92.22222222222223, 85.37037037037038, 84.72222222222221, 85.18518518518519, 84.62962962962963, 84.62962962962963, 84.72222222222221, 91.94444444444444, 84.72222222222221, 84.81481481481481, 84.9074074074074, 84.72222222222221, 85.55555555555556, 85.27777777777777, 85.46296296296296, 85.55555555555556, 85.55555555555556, 85.37037037037038, 85.37037037037038, 85.55555555555556, 85.18518518518519, 79.16666666666666, 80.74074074074075, 87.5925925925926, 87.22222222222223, 80.83333333333333, 78.98148148148148, 85.37037037037038, 81.57407407407408, 81.48148148148148, 85.83333333333333, 85.55555555555556, 78.98148148148148, 81.2037037037037, 89.9074074074074, 89.9074074074074, 89.9074074074074, 89.62962962962962, 84.16666666666667, 83.88888888888889, 83.79629629629629, 83.88888888888889, 83.98148148148148, 83.88888888888889, 84.53703703703704, 89.9074074074074, 90.55555555555556, 90.92592592592592, 89.9074074074074, 83.79629629629629, 84.53703703703704, 90.18518518518519, 84.44444444444444, 90.18518518518519, 89.81481481481481, 90.0, 90.74074074074075, 89.81481481481481, 90.0925925925926, 88.70370370370371, 90.27777777777779, 90.18518518518519, 90.18518518518519, 90.0, 89.81481481481481, 90.18518518518519, 89.9074074074074, 90.27777777777779, 89.81481481481481, 91.01851851851852, 89.35185185185185, 85.46296296296296, 88.88888888888889, 89.9074074074074, 89.53703703703704, 88.98148148148148, 87.87037037037037],