{"loss": [0.5089343587557474, 0.9651990731557211, 1.052955428759257, 1.1084777514139812, 0.9514506061871847, 0.8149161140124003, 0.35758500297864276, 0.23696819941202799, 0.14136351644992828, 0.1155472422639529, 0.158133735259374, 0.15692714353402457, 0.12387577444314957, 0.13560200730959573, 0.12105404088894527, 0.08783997098604839, 0.07588473210732143, 0.06859910488128662, 0.06165472666422526, 0.052718423306941986, 0.058809508879979454, 0.0539370725552241, 0.05337094888091087, 0.05432893087466558, 0.05533913647135099, 0.05153597270449003, 0.05475224182009697, 0.05166752760608991, 0.05592665324608485, 0.05307284618417422, 0.05689061557253202, 0.048602008571227394, 0.055546004325151443, 0.06149271751443545, 0.0712924525141716, 0.050163732220729194, 0.04842556888858477, 0.05318483213583628, 0.05731741587320963, 0.052510724713404976, 0.059019073843955994, 0.05528134604295095, 0.06425594414273898, 0.06540617222587268, 0.06788617745041847, 0.06604813908537228, 0.05682422841588656, 0.05517993619044622, 0.050254187236229576, 0.05513794347643852, 0.06227160866061846, 0.0590117002526919, 0.0718894898891449, 0.059845792750517525, 0.05917658284306526, 0.05740524083375931, 0.055850779016812645, 0.06050585210323334, 0.056692046423753105, 0.04681523765126864, 0.053066007792949677, 0.051984878877798714, 0.05095450083414713, 0.056030123184124626, 0.05503985037406286, 0.05000739172101021, 0.05403208111723264, 0.06321029737591743, 0.046384211629629135, 0.04946541910370191, 0.047799778481324516, 0.04919558639327685, 0.04656345645586649, 0.05975161244471868, 0.08891081809997559, 0.058917731046676636, 0.07738136251767476, 0.0707747017343839, 0.09783181299765904, 0.06843302398920059, 0.08219278107086818, 0.11441706617673238, 0.06631644815206528, 0.07097966223955154, 0.07232317825158437, 0.07411407927672069, 0.11069721976915996, 0.10982836534579594, 0.07374813531835873, 0.09491190314292908, 0.1301505813995997, 0.09869388242562611, 0.07792788247267406, 0.12160044411818187, 0.06433319052060445, 0.07013098647197087, 0.07633935411771138, 0.08312763770421346, 0.12600949158271155, 0.07552758355935414], "accuracy": [62.884844361285936, 55.79180132675625, 56.30209219254975, 55.75778193570335, 66.2697737710495, 65.92957986052049, 69.62068378976016, 95.20326586154108, 95.27130464364689, 95.27130464364689, 95.39037251233204, 96.20683789760163, 96.27487667970743, 96.25786698418098, 96.59806089470999, 96.70011906786868, 96.75114815444803, 96.46198333049838, 96.71712876339514, 96.66609967681579, 96.56404150365708, 96.37693485286613, 96.75114815444803, 96.73413845892159, 96.73413845892159, 96.85320632760674, 96.78516754550094, 96.85320632760674, 96.88722571865964, 96.95526450076544, 97.07433236945059, 96.53002211260419, 97.07433236945059, 96.71712876339514, 96.98928389181833, 96.56404150365708, 97.14237115155639, 97.15938084708284, 96.53002211260419, 97.00629358734479, 97.12536145602994, 96.47899302602484, 96.88722571865964, 95.93468276917844, 96.61507059023643, 96.13879911549583, 96.95526450076544, 96.47899302602484, 97.12536145602994, 96.88722571865964, 96.70011906786868, 95.30532403469978, 96.90423541418609, 96.93825480523898, 97.14237115155639, 96.70011906786868, 96.93825480523898, 95.50944038101719, 97.12536145602994, 97.12536145602994, 97.09134206497704, 97.12536145602994, 97.07433236945059, 95.66252764075523, 97.05732267392413, 96.90423541418609, 94.64194590916823, 97.10835176050348, 96.98928389181833, 96.95526450076544, 96.98928389181833, 96.98928389181833, 96.92124510971253, 92.60078244599421, 96.87021602313318, 93.97856778363668, 95.78159550944038, 93.06004422520837, 95.88365368259907, 95.88365368259907, 91.47814254124852, 95.93468276917844, 95.88365368259907, 95.88365368259907, 95.95169246470488, 93.84249021942507, 92.39666609967682, 95.96870216023133, 94.59091682258888, 91.68225888756591, 92.56676305494132, 95.96870216023133, 91.6142201054601, 95.90066337812553, 95.95169246470488, 95.98571185575778, 95.91767307365198, 92.53274366388841, 95.74757611838749, 94.55689743153597], "precision": [23.910984848484848, 29.15179796870711, 29.336663891201773, 29.08990926587847, 35.02487562189055, 34.79406919275124, 37.47338537970192, 84.57538994800693, 89.23679060665361, 89.23679060665361, 85.513608428446, 89.27589367552704, 89.6774193548387, 89.52205882352942, 91.27579737335834, 91.79245283018868, 92.21272554605888, 90.74766355140187, 92.27836034318399, 92.33716475095785, 92.53875968992247, 91.56279961649089, 93.79310344827586, 93.87351778656127, 93.19066147859922, 93.74389051808406, 92.96046287367406, 93.32042594385285, 93.33333333333333, 93.3589990375361, 93.65384615384616, 93.36633663366337, 92.5891181988743, 93.0164888457808, 92.15686274509804, 92.53875968992247, 97.4012474012474, 95.78736208625878, 92.27799227799228, 95.84178498985801, 95.68706118355065, 92.09257473481196, 94.8948948948949, 89.63242224316681, 93.65708622398414, 90.19792648444863, 95.6433637284701, 93.0898321816387, 96.81397738951696, 95.16616314199395, 95.20408163265306, 94.76614699331849, 95.26209677419355, 95.45454545454545, 96.91358024691358, 95.38934426229508, 95.63894523326572, 94.93392070484582, 96.91040164778579, 96.91040164778579, 96.61538461538461, 96.81397738951696, 96.70781893004116, 96.08938547486034, 96.99481865284974, 96.77083333333333, 96.13992762364293, 96.90721649484536, 97.37670514165792, 97.17277486910994, 97.27748691099475, 97.27748691099475, 97.66702014846236, 96.00570613409415, 96.56964656964658, 97.14285714285714, 97.38041002277905, 97.45762711864407, 96.76339285714286, 97.50566893424036, 94.74497681607419, 96.87848383500557, 96.45232815964523, 97.29119638826185, 96.98660714285714, 96.02564102564102, 94.8936170212766, 96.98996655518395, 96.80589680589681, 95.95645412130638, 96.52677279305355, 97.3063973063973, 95.50387596899225, 96.976483762598, 97.0917225950783, 97.52252252252252, 97.72727272727273, 97.06314243759178, 96.52466367713004, 97.5], "recall": [46.75925925925926, 98.33333333333333, 97.87037037037038, 97.96296296296296, 97.77777777777777, 97.77777777777777, 97.77777777777777, 90.37037037037037, 84.44444444444444, 84.44444444444444, 90.18518518518519, 90.18518518518519, 90.0925925925926, 90.18518518518519, 90.0925925925926, 90.0925925925926, 89.9074074074074, 89.9074074074074, 89.62962962962962, 89.25925925925927, 88.42592592592592, 88.42592592592592, 88.14814814814815, 87.96296296296296, 88.70370370370371, 88.79629629629629, 89.25925925925927, 89.25925925925927, 89.44444444444444, 89.81481481481481, 90.18518518518519, 87.31481481481481, 91.38888888888889, 88.79629629629629, 91.38888888888889, 88.42592592592592, 86.75925925925925, 88.42592592592592, 88.51851851851852, 87.5, 88.33333333333333, 88.42592592592592, 87.77777777777777, 88.05555555555556, 87.5, 88.61111111111111, 87.4074074074074, 87.31481481481481, 87.22222222222223, 87.5, 86.38888888888889, 78.7962962962963, 87.5, 87.5, 87.22222222222223, 86.20370370370371, 87.31481481481481, 79.81481481481481, 87.12962962962963, 87.12962962962963, 87.22222222222223, 87.22222222222223, 87.03703703703704, 79.62962962962963, 86.66666666666667, 86.01851851851852, 73.79629629629629, 87.03703703703704, 85.92592592592592, 85.92592592592592, 86.01851851851852, 86.01851851851852, 85.27777777777777, 62.31481481481481, 86.01851851851852, 69.25925925925925, 79.16666666666666, 63.888888888888886, 80.27777777777779, 79.62962962962963, 56.75925925925925, 80.46296296296296, 80.55555555555556, 79.81481481481481, 80.46296296296296, 69.35185185185185, 61.94444444444444, 80.55555555555556, 72.96296296296296, 57.12962962962963, 61.75925925925926, 80.27777777777779, 57.03703703703704, 80.18518518518518, 80.37037037037037, 80.18518518518518, 79.62962962962963, 61.2037037037037, 79.72222222222223, 72.22222222222221],