{"loss": [0.36169625222682955, 0.34527772963047026, 0.14582405164837836, 0.8146409451961517, 0.2570375010371208, 0.6614688515663147, 0.28173804730176927, 0.2672759875655174, 0.20496323108673095, 0.15945846289396287, 0.11542963311076164, 0.14780306369066237, 0.06894621960818767, 0.11507898047566414, 0.053843917697668074, 0.08501920849084854, 0.061598872765898705, 0.09275035411119462, 0.056419702246785164, 0.07098590135574341, 0.11201071143150329, 0.04588964991271496, 0.0728589229285717, 0.07739784903824329, 0.07226449139416218, 0.08796160966157913, 0.06667261272668838, 0.07716860845685006, 0.08795243576169014, 0.0819169081747532, 0.06796857826411724, 0.09845969900488853, 0.09628048315644264, 0.07368112169206142, 0.08441592901945114, 0.10075665339827537, 0.07682105526328087, 0.10037482157349586, 0.0776601865887642, 0.0702204555273056, 0.08824715539813041, 0.09247108995914459, 0.10661745369434357, 0.0798186905682087, 0.06847192198038102, 0.06663721092045308, 0.06457771696150302, 0.06309866048395633, 0.05615472160279751, 0.06046455502510071, 0.06736569106578827, 0.04674236737191677, 0.05648008286952973, 0.042189042270183566, 0.045271755754947664, 0.054881694912910464, 0.04707014001905918, 0.04303593076765537, 0.04461800567805767, 0.05700756423175335, 0.053644490987062456, 0.05583192445337772, 0.05051802173256874, 0.05639398358762264, 0.05111121647059917, 0.05175628736615181, 0.04877926334738732, 0.058335159346461295, 0.06147075071930885, 0.06542204804718495, 0.06257629580795765, 0.062127473205327986, 0.05737350545823574, 0.058992551639676094, 0.06738466545939445, 0.06380756944417953, 0.06365893706679344, 0.05696737430989742, 0.08820739835500717, 0.07058235444128513, 0.05761288069188595, 0.06430097669363022, 0.06225510910153389, 0.08118799179792405, 0.0708857998251915, 0.058663612231612206, 0.06772683449089527, 0.06630650945007802, 0.05199373513460159, 0.05726315341889858, 0.06633715629577637, 0.06387106366455556, 0.05467534027993679, 0.0471271350979805, 0.047375623136758804, 0.045618067309260366, 0.04623021986335516, 0.04504054300487041, 0.0422467302531004, 0.040838279947638514], "accuracy": [90.67708333333333, 94.70833333333333, 92.84895833333333, 70.375, 95.32291666666667, 74.83854166666667, 94.61458333333333, 89.27083333333333, 91.85416666666667, 95.25, 95.328125, 95.69791666666667, 96.55208333333333, 96.97916666666667, 97.19270833333333, 96.32291666666667, 95.40625, 96.45833333333333, 96.5625, 96.32291666666667, 96.34895833333333, 97.13541666666667, 96.734375, 96.22916666666667, 96.24479166666667, 96.33333333333333, 96.67708333333333, 96.390625, 95.9375, 96.26041666666667, 96.82291666666667, 95.67708333333333, 95.21354166666667, 96.328125, 95.31770833333333, 95.06770833333333, 97.234375, 94.96354166666667, 96.01041666666667, 97.015625, 95.18229166666667, 95.78645833333333, 94.58333333333333, 96.60416666666667, 96.59895833333333, 96.77604166666667, 96.26041666666667, 97.14583333333333, 96.76041666666667, 96.640625, 96.609375, 97.41666666666667, 96.890625, 97.49479166666667, 97.38020833333333, 97.29166666666667, 97.19270833333333, 97.26041666666667, 96.640625, 96.18229166666667, 96.82291666666667, 96.98958333333333, 96.36458333333333, 96.390625, 96.69270833333333, 96.61979166666667, 96.71354166666667, 96.375, 96.71354166666667, 95.91666666666667, 96.34375, 96.390625, 96.33333333333333, 96.578125, 96.53125, 96.36979166666667, 96.33333333333333, 96.453125, 95.22916666666667, 97.05729166666667, 96.328125, 97.19791666666667, 96.49479166666667, 95.71354166666667, 97.1875, 96.375, 96.47395833333333, 96.18229166666667, 97.66666666666667, 96.43229166666667, 96.671875, 96.36979166666667, 97.31770833333333, 97.32291666666667, 97.38541666666667, 97.61979166666667, 96.8125, 97.53125, 97.58333333333333, 96.59375], "precision": [100.0, 76.27906976744187, 96.12141652613828, 21.997621878715815, 78.80496054114995, 25.418003715588583, 92.35181644359464, 47.74193548387097, 56.893880712625865, 75.84615384615384, 78.43246247915509, 79.40860215053763, 94.109396914446, 88.0249716231555, 93.89701207883026, 81.91377497371188, 93.90862944162437, 78.94491129785247, 93.75, 83.53591160220995, 78.52129153018251, 97.1763085399449, 88.3679525222552, 84.36781609195401, 82.56382400869093, 82.93607800650055, 85.9304932735426, 84.36974789915966, 80.64516129032258, 81.26951092611863, 88.43896713615024, 77.5530839231547, 75.83892617449665, 86.18225134008338, 77.08222811671087, 75.29901196047842, 93.54231974921629, 74.52393206381883, 83.27566320645904, 91.39520590043024, 75.92496091714435, 81.05086640581331, 71.71767028627838, 89.08754623921085, 88.69883934025657, 90.37864680322781, 85.64650059311981, 92.34567901234568, 90.92055485498108, 89.08645003065604, 87.83542039355993, 95.0632911392405, 88.5264997087944, 95.39432176656152, 93.92436453812772, 93.53233830845771, 95.45753785385122, 95.49608355091384, 95.18072289156626, 91.88426252646437, 97.74052478134111, 89.47058823529412, 91.67803547066849, 95.34368070953437, 95.59971611071683, 95.16702203269367, 96.40028797696183, 95.06627393225331, 95.54770318021201, 93.6923076923077, 95.24517087667161, 92.16494845360825, 95.17087667161961, 94.25367904695165, 93.60222531293462, 84.142936906756, 91.64383561643835, 93.0507296733843, 79.59905660377359, 90.78868151715834, 91.46757679180887, 92.23716381418093, 91.15511551155116, 84.34564809016906, 89.70080552359033, 90.15748031496062, 92.95093296475466, 91.70765987350667, 92.00913242009132, 92.43986254295532, 93.30628803245436, 91.74061433447099, 93.66065879428216, 93.34155363748458, 94.36795994993741, 94.9048496009822, 94.42934782608695, 93.81818181818183, 94.12121212121211, 94.57746478873239], "recall": [6.770833333333333, 68.33333333333333, 29.6875, 77.08333333333334, 72.8125, 78.38541666666666, 50.31250000000001, 77.08333333333334, 76.51041666666667, 77.03125, 73.48958333333333, 76.92708333333333, 69.89583333333333, 80.78125, 76.92708333333333, 81.14583333333333, 57.8125, 88.07291666666667, 70.3125, 78.75, 87.39583333333333, 73.48958333333333, 77.55208333333333, 76.45833333333333, 79.16666666666666, 79.73958333333333, 79.84375, 78.4375, 78.125, 81.35416666666667, 78.48958333333333, 79.89583333333333, 76.51041666666667, 75.36458333333333, 75.67708333333333, 75.41666666666667, 77.70833333333333, 75.41666666666667, 75.20833333333333, 77.44791666666667, 75.88541666666667, 75.52083333333334, 75.67708333333333, 75.26041666666666, 75.625, 75.83333333333333, 75.20833333333333, 77.91666666666667, 75.10416666666667, 75.67708333333333, 76.71875, 78.22916666666667, 79.16666666666666, 78.75, 78.90625, 78.33333333333333, 75.52083333333334, 76.19791666666667, 69.94791666666667, 67.8125, 69.84375, 79.21875, 70.0, 67.1875, 70.15625, 69.73958333333333, 69.73958333333333, 67.23958333333333, 70.41666666666667, 63.4375, 66.77083333333333, 69.84375, 66.71875, 70.05208333333334, 70.10416666666667, 78.48958333333333, 69.6875, 69.73958333333333, 70.3125, 78.54166666666667, 69.79166666666666, 78.59375, 71.92708333333333, 70.15625, 81.19791666666667, 71.5625, 70.05208333333334, 67.96875, 83.95833333333333, 70.05208333333334, 71.875, 70.0, 78.48958333333333, 78.85416666666667, 78.54166666666667, 80.52083333333333, 72.39583333333334, 80.625, 80.88541666666667, 69.94791666666667],