{"loss": [0.5735628008842468, 0.32087095578511554, 0.19182262818018594, 0.24178463717301688, 0.28344159324963886, 0.18183942635854086, 0.17250402768452963, 0.13084176927804947, 0.15790646771589914, 0.12246230244636536, 0.1324904610713323, 0.10681104163328807, 0.11067912230889003, 0.10529053459564845, 0.09315940986076991, 0.12623973190784454, 0.09850248446067174, 0.11420304079850514, 0.13770409425099692, 0.09765232354402542, 0.13082483410835266, 0.1104892094930013, 0.09965361158053081, 0.11105012148618698, 0.10119107365608215, 0.1019714077313741, 0.09733278552691142, 0.09609875331322353, 0.08829723795255025, 0.08705410609642665, 0.10649346063534419, 0.10072963188091914, 0.09848645329475403, 0.08725359539190929, 0.08975085864464442, 0.09110066294670105, 0.08958541105190913, 0.09360956400632858, 0.08693134784698486, 0.08808822681506474, 0.08911880354086558, 0.09633087366819382, 0.09599306931098302, 0.09175256143013637, 0.09179251889387767, 0.08796996374924977, 0.08723309884468715, 0.0964774563908577, 0.09092978884776433, 0.10561605294545491, 0.08443499853213628, 0.08482526739438374, 0.10167906433343887, 0.08368073900540669, 0.08677863329648972, 0.08405947436889012, 0.08708738038937251, 0.08467275400956471, 0.1051749438047409, 0.08573271830876668, 0.08488892515500386, 0.0862564022342364, 0.09167144447565079, 0.08700453490018845, 0.08275764435529709, 0.08862742533286412, 0.08707567552725475, 0.08504702399174373, 0.09111405909061432, 0.08916592846314113, 0.09184019019206364, 0.08834551523129146, 0.08359843989213307, 0.0898607869942983, 0.08928751697142918, 0.09181356678406398, 0.0853203038374583, 0.09282790372769038, 0.08440619210402171, 0.0846299057205518, 0.08876245220502217, 0.086524598300457, 0.09810049086809158, 0.08917111903429031, 0.08530478676160176, 0.08698304742574692, 0.0876585120956103, 0.08427415788173676, 0.08309304714202881, 0.08873599270979564, 0.08595149964094162, 0.08849487205346425, 0.08164839446544647, 0.09432405233383179, 0.0847353811065356, 0.08270078649123509, 0.08563915888468425, 0.08587335546811421, 0.08374680082003276, 0.08447929223378499], "accuracy": [83.87480864092532, 86.49430175199863, 94.57390712706243, 92.97499574757612, 70.76033339003232, 94.86307195101207, 95.28831433917333, 96.63208028576288, 95.78159550944038, 96.34291546181323, 95.47542098996428, 97.22741962918863, 96.05375063786359, 97.07433236945059, 97.5846232352441, 96.00272155128424, 97.34648749787378, 96.80217724102738, 95.69654703180814, 97.41452627997958, 96.56404150365708, 96.97227419629189, 97.19340023813574, 96.93825480523898, 97.31246810682089, 97.278448715768, 97.36349719340024, 96.85320632760674, 97.5846232352441, 97.5846232352441, 97.44854567103249, 97.00629358734479, 97.29545841129443, 97.60163293077053, 97.49957475761184, 97.53359414866473, 97.49957475761184, 97.5165844531383, 97.63565232182344, 97.61864262629699, 97.55060384419119, 97.5846232352441, 97.49957475761184, 97.5846232352441, 97.49957475761184, 97.60163293077053, 97.60163293077053, 97.5846232352441, 97.55060384419119, 97.39751658445314, 97.65266201734988, 97.63565232182344, 97.17639054260928, 97.68668140840279, 97.63565232182344, 97.70369110392924, 97.55060384419119, 97.68668140840279, 97.02330328287124, 97.66967171287634, 97.68668140840279, 97.68668140840279, 97.5846232352441, 97.63565232182344, 97.68668140840279, 97.63565232182344, 97.63565232182344, 97.66967171287634, 97.60163293077053, 97.61864262629699, 97.56761353971764, 97.66967171287634, 97.70369110392924, 97.65266201734988, 97.60163293077053, 97.56761353971764, 97.75472019050859, 97.5846232352441, 97.65266201734988, 97.65266201734988, 97.60163293077053, 97.61864262629699, 97.55060384419119, 97.63565232182344, 97.65266201734988, 97.61864262629699, 97.5846232352441, 97.66967171287634, 97.70369110392924, 97.63565232182344, 97.70369110392924, 97.66967171287634, 97.78873958156149, 97.63565232182344, 97.68668140840279, 97.66967171287634, 97.63565232182344, 97.70369110392924, 97.73771049498214, 97.66967171287634], "precision": [100.0, 99.65277777777779, 90.0105152471083, 93.70904325032765, 37.39644970414201, 94.50800915331807, 99.6291718170581, 99.66216216216216, 94.3496801705757, 99.65556831228473, 94.92273730684326, 99.7828447339848, 94.82029598308668, 99.45533769063181, 99.78768577494692, 99.76442873969376, 99.35897435897436, 99.22737306843267, 99.52095808383234, 99.36170212765958, 99.10514541387025, 99.56043956043956, 99.56663055254604, 99.12663755458514, 99.78401727861771, 99.78354978354979, 99.89212513484358, 94.9748743718593, 99.78768577494692, 99.16142557651992, 99.78586723768737, 99.45295404814004, 99.78378378378379, 99.78791092258749, 99.78655282817502, 99.78700745473908, 99.46977730646871, 99.7867803837953, 99.57850368809274, 99.47368421052632, 99.57627118644068, 99.78768577494692, 99.78655282817502, 99.78768577494692, 99.78655282817502, 99.57761351636748, 99.57761351636748, 99.78768577494692, 99.57627118644068, 99.78517722878625, 99.0625, 99.26701570680628, 99.89082969432314, 99.26931106471815, 99.3704092339979, 99.37304075235109, 99.26315789473684, 99.16666666666667, 99.4535519125683, 99.57939011566772, 99.3723849372385, 99.3723849372385, 99.78768577494692, 99.7883597883598, 99.16666666666667, 99.47423764458465, 99.57850368809274, 99.3717277486911, 99.57761351636748, 99.57805907172997, 99.7874601487779, 99.57939011566772, 99.58027282266528, 99.57894736842105, 99.78791092258749, 99.7874601487779, 98.96694214876032, 99.8936170212766, 99.47478991596638, 99.57894736842105, 99.57761351636748, 99.57805907172997, 99.89339019189765, 99.7883597883598, 99.57894736842105, 99.78813559322035, 99.6822033898305, 99.57939011566772, 99.58027282266528, 99.68321013727561, 99.58027282266528, 99.68387776606956, 99.27385892116183, 99.68321013727561, 99.57983193277312, 99.3717277486911, 99.57850368809274, 99.58027282266528, 99.58115183246073, 99.57939011566772], "recall": [12.222222222222221, 26.574074074074073, 79.25925925925927, 66.20370370370371, 87.77777777777777, 76.48148148148148, 74.62962962962963, 81.94444444444444, 81.94444444444444, 80.37037037037037, 79.62962962962963, 85.0925925925926, 83.05555555555556, 84.53703703703704, 87.03703703703704, 78.42592592592592, 86.11111111111111, 83.24074074074073, 76.94444444444444, 86.48148148148148, 82.03703703703704, 83.88888888888889, 85.0925925925926, 84.07407407407408, 85.55555555555556, 85.37037037037038, 85.74074074074073, 87.5, 87.03703703703704, 87.5925925925926, 86.29629629629629, 84.16666666666667, 85.46296296296296, 87.12962962962963, 86.57407407407408, 86.75925925925925, 86.85185185185185, 86.66666666666667, 87.5, 87.5, 87.03703703703704, 87.03703703703704, 86.57407407407408, 87.03703703703704, 86.57407407407408, 87.31481481481481, 87.31481481481481, 87.03703703703704, 87.03703703703704, 86.01851851851852, 88.05555555555556, 87.77777777777777, 84.72222222222221, 88.05555555555556, 87.68518518518519, 88.05555555555556, 87.31481481481481, 88.14814814814815, 84.25925925925925, 87.68518518518519, 87.96296296296296, 87.96296296296296, 87.03703703703704, 87.31481481481481, 88.14814814814815, 87.5925925925926, 87.5, 87.87037037037037, 87.31481481481481, 87.4074074074074, 86.94444444444444, 87.68518518518519, 87.87037037037037, 87.5925925925926, 87.12962962962963, 86.94444444444444, 88.70370370370371, 86.94444444444444, 87.68518518518519, 87.5925925925926, 87.31481481481481, 87.4074074074074, 86.75925925925925, 87.31481481481481, 87.5925925925926, 87.22222222222223, 87.12962962962963, 87.68518518518519, 87.87037037037037, 87.4074074074074, 87.87037037037037, 87.5925925925926, 88.61111111111111, 87.4074074074074, 87.77777777777777, 87.87037037037037, 87.5, 87.87037037037037, 88.05555555555556, 87.68518518518519],