{"loss": [1.0641123056411743, 0.28445465366045636, 0.7005453308423361, 0.7229575514793396, 0.4583655297756195, 0.3755436937014262, 0.37355615695317584, 0.1854755381743113, 0.2809910178184509, 0.2346782237291336, 0.1948955605427424, 0.48563013474146527, 0.3124336500962575, 0.21944858133792877, 0.26929540435473126, 0.3493558367093404, 0.19643821815649667, 0.4907115896542867, 0.24418955047925314, 0.8078307112058004, 0.38935699065526325, 0.3029874861240387, 0.6596393982569376, 0.5059124529361725, 0.19131876528263092, 0.16496851046880087, 0.19356012841065726, 0.22471156219641367, 0.1459872623284658, 0.15834811826546988, 0.1504811296860377, 0.1596708744764328, 0.15857596695423126, 0.30553967754046124, 0.14044372737407684, 0.14275423189004263, 0.1759983797868093, 0.2623960077762604, 0.20002461969852448, 0.14849981665611267, 0.1452080806096395, 0.18935374915599823, 0.14577509959538779, 0.1834999074538549, 0.1301693692803383, 0.1277822976311048, 0.1467378834883372, 0.12275487432877223, 0.12919563055038452, 0.12221178412437439, 0.12877406924962997, 0.13280238211154938, 0.12279422332843144, 0.1161045953631401, 0.11941244701544444, 0.12087590495745341, 0.11987038950125377, 0.13253227372964224, 0.1375310073296229, 0.11751796056826909, 0.11810003717740376, 0.11418465028206508, 0.11824472745259602, 0.11425894498825073, 0.12539374579985937, 0.15260806183020273, 0.12017222493886948, 0.11663572241862614, 0.1312737613916397, 0.16456309954325357, 0.13430926203727722, 0.1337457224726677, 0.12699257085720697, 0.1344852770368258, 0.17522193491458893, 0.1287172188361486, 0.15634683271249136, 0.13270430515209833, 0.12146682540575664, 0.12874674797058105, 0.13070855289697647, 0.14901131888230643, 0.14068852365016937, 0.13648296147584915, 0.12252812087535858, 0.12500208367904028, 0.12453426420688629, 0.13398999720811844, 0.13047338277101517, 0.12499069919188817, 0.12052012483278911, 0.14449429512023926, 0.12736172725756964, 0.11416300634543101, 0.12304268529017766, 0.11713773260513942, 0.11449023584524791, 0.1240704208612442, 0.1224475825826327, 0.11528334518273671], "accuracy": [18.353461473039633, 93.00901513862902, 57.83296478993026, 69.45058683449567, 71.69586664398707, 72.00204116346318, 72.05307025004252, 96.25786698418098, 72.24017690083348, 96.37693485286613, 96.44497363497193, 72.46130294267732, 72.51233202925668, 96.53002211260419, 96.51301241707773, 72.54635142030958, 96.46198333049838, 72.24017690083348, 96.29188637523389, 72.20615750978058, 72.29120598741282, 72.20615750978058, 71.83194420819868, 72.05307025004252, 95.90066337812553, 95.95169246470488, 95.49243068549073, 96.54703180813064, 96.39394454839258, 96.54703180813064, 96.37693485286613, 96.56404150365708, 96.54703180813064, 72.37625446504508, 96.53002211260419, 96.51301241707773, 96.59806089470999, 96.59806089470999, 96.59806089470999, 96.61507059023643, 96.59806089470999, 96.66609967681579, 96.61507059023643, 96.66609967681579, 96.58105119918353, 96.61507059023643, 96.63208028576288, 96.59806089470999, 96.64908998128934, 96.64908998128934, 96.58105119918353, 96.58105119918353, 96.54703180813064, 96.61507059023643, 96.95526450076544, 96.58105119918353, 96.98928389181833, 96.85320632760674, 96.70011906786868, 97.00629358734479, 96.80217724102738, 96.83619663208029, 96.73413845892159, 96.73413845892159, 96.25786698418098, 96.34291546181323, 96.83619663208029, 96.80217724102738, 96.46198333049838, 95.96870216023133, 96.49600272155128, 96.58105119918353, 96.76815784997449, 96.32590576628678, 95.33934342575267, 96.81918693655383, 95.16924647048818, 96.78516754550094, 96.95526450076544, 96.93825480523898, 96.76815784997449, 96.66609967681579, 96.34291546181323, 96.66609967681579, 96.97227419629189, 96.98928389181833, 96.90423541418609, 96.68310937234223, 96.66609967681579, 96.71712876339514, 96.95526450076544, 95.98571185575778, 96.70011906786868, 96.92124510971253, 96.85320632760674, 96.90423541418609, 96.98928389181833, 96.95526450076544, 96.95526450076544, 96.93825480523898], "precision": [18.35658387206533, 83.4165834165834, 30.23452952811529, 37.37658674188998, 39.112602535421324, 39.3928035982009, 39.33308071239105, 90.11194029850746, 39.51367781155015, 90.93484419263456, 90.66293183940243, 39.84168865435356, 39.917231000752444, 91.32075471698113, 91.62702188392008, 39.909297052154194, 90.67164179104478, 39.63963963963964, 89.76014760147602, 39.6099024756189, 39.65322276667923, 39.6099024756189, 39.33333333333333, 39.54697363535091, 88.17106460418562, 88.41240875912408, 86.03006189213086, 90.63948100092678, 90.5607476635514, 91.32893496701226, 90.55191768007484, 91.49338374291115, 91.40698772426818, 39.735849056603776, 91.39886578449905, 91.3907284768212, 91.1214953271028, 91.19850187265918, 91.27579737335834, 91.36150234741784, 91.27579737335834, 91.6195856873823, 91.12978524743231, 91.54135338345864, 91.11318989710009, 91.51743638077285, 91.60377358490565, 91.27579737335834, 91.61168708765317, 91.53339604891816, 91.11318989710009, 91.11318989710009, 91.01964452759589, 91.43932267168391, 93.44262295081968, 91.19025304592316, 93.20574162679426, 92.41706161137441, 91.63533834586465, 93.37811900191939, 92.23484848484848, 92.57142857142857, 91.80790960451978, 92.44741873804972, 89.8886827458256, 89.64252978918424, 92.16981132075472, 92.0754716981132, 90.29574861367837, 87.93879387938794, 90.46296296296296, 90.95992544268407, 91.90207156308851, 90.29850746268657, 85.16579406631763, 92.08294062205466, 84.36960276338515, 91.98868991517436, 92.8639391056137, 92.61363636363636, 92.14015151515152, 91.6195856873823, 90.08341056533827, 91.69811320754717, 92.70833333333334, 92.71523178807946, 92.51893939393939, 91.31652661064426, 91.15456238361266, 91.48737137511694, 92.78252611585945, 87.81362007168458, 91.32462686567165, 92.93218720152817, 92.57849666983824, 92.84351145038168, 93.37175792507205, 93.02769818529131, 93.02769818529131, 93.10344827586206], "recall": [99.9074074074074, 77.31481481481481, 99.07407407407408, 98.14814814814815, 97.12962962962963, 97.31481481481481, 96.11111111111111, 89.44444444444444, 96.29629629629629, 89.16666666666667, 89.9074074074074, 97.87037037037038, 98.24074074074073, 89.62962962962962, 89.16666666666667, 97.77777777777777, 90.0, 97.77777777777777, 90.0925925925926, 97.77777777777777, 97.4074074074074, 97.77777777777777, 98.33333333333333, 98.61111111111111, 89.72222222222223, 89.72222222222223, 90.0925925925926, 90.55555555555556, 89.72222222222223, 89.72222222222223, 89.62962962962962, 89.62962962962962, 89.62962962962962, 97.5, 89.53703703703704, 89.44444444444444, 90.27777777777779, 90.18518518518519, 90.0925925925926, 90.0925925925926, 90.0925925925926, 90.0925925925926, 90.37037037037037, 90.18518518518519, 90.18518518518519, 89.9074074074074, 89.9074074074074, 90.0925925925926, 90.0, 90.0925925925926, 90.18518518518519, 90.18518518518519, 90.0925925925926, 90.0, 89.72222222222223, 90.0925925925926, 90.18518518518519, 90.27777777777779, 90.27777777777779, 90.0925925925926, 90.18518518518519, 90.0, 90.27777777777779, 89.53703703703704, 89.72222222222223, 90.55555555555556, 90.46296296296296, 90.37037037037037, 90.46296296296296, 90.46296296296296, 90.46296296296296, 90.37037037037037, 90.37037037037037, 89.62962962962962, 90.37037037037037, 90.46296296296296, 90.46296296296296, 90.37037037037037, 90.37037037037037, 90.55555555555556, 90.0925925925926, 90.0925925925926, 90.0, 90.0, 90.64814814814814, 90.74074074074075, 90.46296296296296, 90.55555555555556, 90.64814814814814, 90.55555555555556, 90.46296296296296, 90.74074074074075, 90.64814814814814, 90.0925925925926, 90.0925925925926, 90.0925925925926, 90.0, 90.18518518518519, 90.18518518518519, 90.0],