{"loss": [0.568626344203949, 0.5100970069567362, 0.5254581570625305, 0.6156432032585144, 0.5587324102719625, 0.49477456013361615, 0.2890458305676778, 0.24380870163440704, 0.20908098916212717, 0.1794249266386032, 0.17956629395484924, 0.17033962905406952, 0.1817652036746343, 0.16637220482031503, 0.14531514048576355, 0.13990996529658636, 0.14517007768154144, 0.14351336658000946, 0.13938558101654053, 0.1405175601442655, 0.1493192513783773, 0.1568147043387095, 0.15207590659459433, 0.19654720524946848, 0.14971216022968292, 0.16594432294368744, 0.15994619826475778, 0.18337776263554892, 0.16445117692152658, 0.16693959136803946, 0.19892843067646027, 0.17111208538214365, 0.17116258045037588, 0.17955601712067923, 0.19087259471416473, 0.18237807850042978, 0.1647943158944448, 0.18651900192101797, 0.169940655430158, 0.16904658575852713, 0.18979222575823465, 0.16541557013988495, 0.16664710144201914, 0.1652115136384964, 0.16073964536190033, 0.19762771328290304, 0.16309392948945364, 0.16327480971813202, 0.20474784076213837, 0.18127780656019846, 0.20218901336193085, 0.17715386052926382, 0.1735047996044159, 0.21308845778306326, 0.17145690321922302, 0.26487041016419727, 0.1882868011792501, 0.14266969760258993, 0.20868724584579468, 0.17900985479354858, 0.15730047722657522, 0.18830059468746185, 0.15273375312487283, 0.1985116501649221, 0.16695310672124228, 0.19132385651270548, 0.21159379680951437, 0.25155030687650043, 0.17472679416338602, 0.1950089434782664, 0.19070893029371896, 0.21437095602353415, 0.15001205106576285, 0.21227258443832397, 0.15077358484268188, 0.1781893571217855, 0.38674284021059674, 0.15728231767813364, 0.17448391020298004, 0.21774536867936453, 0.28235145409901935, 0.27549739678700763, 0.1562197357416153, 0.2963084677855174, 0.1399705857038498, 0.16830105582873026, 0.16891921559969583, 0.2158201883236567, 0.1631646752357483, 0.1894372502962748, 0.15452954669793448, 0.17122818032900491, 0.15340879062811533, 0.17222371697425842, 0.13326085358858109, 0.15755393107732138, 0.15301544467608133, 0.14818172653516135, 0.18787599603335062, 0.1316853885849317], "accuracy": [81.62952883143392, 68.3109372342235, 68.56608266712026, 66.59295798605206, 67.00119067868685, 66.2697737710495, 92.43068549072972, 92.37965640415037, 94.53988773600952, 95.15223677496172, 95.28831433917333, 95.61149855417588, 95.57747916312297, 95.03316890627657, 96.25786698418098, 96.17281850654874, 95.69654703180814, 95.62850824970234, 95.45841129443782, 96.37693485286613, 96.24085728865454, 94.96513012417078, 95.20326586154108, 95.03316890627657, 95.90066337812553, 96.46198333049838, 96.12178941996939, 95.27130464364689, 95.93468276917844, 95.84963429154618, 94.13165504337472, 95.64551794522878, 95.95169246470488, 95.84963429154618, 94.48885864943017, 95.64551794522878, 95.79860520496683, 95.64551794522878, 95.73056642286103, 95.76458581391392, 95.64551794522878, 95.93468276917844, 96.03674094233713, 95.86664398707264, 96.20683789760163, 95.79860520496683, 96.03674094233713, 96.00272155128424, 96.07076033339003, 96.08777002891648, 95.98571185575778, 95.86664398707264, 96.05375063786359, 96.07076033339003, 96.01973124681068, 94.01258717468957, 96.05375063786359, 96.66609967681579, 95.74757611838749, 95.96870216023133, 96.01973124681068, 96.44497363497193, 95.98571185575778, 95.84963429154618, 95.95169246470488, 95.81561490049329, 95.98571185575778, 96.01973124681068, 95.95169246470488, 95.91767307365198, 95.96870216023133, 96.53002211260419, 96.44497363497193, 96.01973124681068, 96.22384759312808, 96.08777002891648, 71.96802177241027, 96.51301241707773, 96.00272155128424, 95.98571185575778, 96.07076033339003, 94.23371321653343, 96.10477972444293, 71.95101207688383, 96.13879911549583, 96.01973124681068, 96.01973124681068, 96.08777002891648, 96.10477972444293, 96.24085728865454, 96.29188637523389, 96.07076033339003, 96.25786698418098, 96.07076033339003, 96.58105119918353, 96.13879911549583, 96.10477972444293, 96.27487667970743, 96.10477972444293, 96.73413845892159], "precision": [0.0, 35.88171655247025, 36.1671469740634, 34.77961432506887, 35.58981233243968, 35.18214637348211, 73.89014296463506, 73.61733931240659, 81.70426065162907, 84.71615720524017, 85.25021949078139, 86.56583629893238, 86.54188948306596, 84.38045375218151, 90.95238095238095, 91.14533205004813, 88.46511627906976, 88.2079851439183, 91.77800616649537, 92.62536873156341, 92.39881539980257, 88.81188118811882, 90.54878048780488, 91.91489361702128, 89.53817153628653, 93.77510040160642, 91.84675834970531, 91.59751037344398, 90.70667957405615, 89.73384030418251, 91.43179255918827, 90.63116370808679, 90.71566731141199, 90.03831417624522, 88.96907216494844, 92.38683127572016, 89.7803247373448, 91.869918699187, 89.36372269705602, 89.23512747875354, 88.43283582089553, 89.9335232668566, 90.60402684563759, 89.66824644549763, 91.24157844080847, 88.96164639850326, 90.06622516556291, 90.12345679012346, 89.34198331788693, 89.42486085343229, 88.85819521178637, 88.21917808219179, 89.18669131238447, 89.12442396313364, 88.95027624309392, 79.88505747126436, 88.54545454545455, 92.58188824662813, 87.18637992831542, 88.35304822565969, 88.45454545454545, 90.81537019681349, 88.43351548269581, 88.13868613138686, 88.909426987061, 87.97814207650273, 88.36363636363636, 89.75563909774436, 88.909426987061, 88.8170055452865, 88.84792626728111, 91.39886578449905, 91.99614271938283, 88.52459016393442, 89.72222222222223, 88.9908256880734, 39.44237918215613, 91.31255901794145, 88.65507776761208, 87.94964028776978, 88.20882088208822, 80.44371405094495, 88.5766092475068, 39.45905891070767, 89.2364305427783, 88.38475499092559, 88.73626373626374, 88.77737226277372, 88.85844748858447, 89.73172987974098, 89.9074074074074, 88.8380603842635, 89.81481481481481, 88.8380603842635, 92.38187078109932, 89.09257561869845, 89.00091659028413, 89.82423681776133, 88.71701546860783, 94.1351888667992], "recall": [0.0, 92.12962962962963, 92.96296296296296, 93.51851851851852, 98.33333333333333, 99.25925925925925, 90.92592592592592, 91.20370370370371, 90.55555555555556, 89.81481481481481, 89.9074074074074, 90.0925925925926, 89.9074074074074, 89.53703703703704, 88.42592592592592, 87.68518518518519, 88.05555555555556, 87.96296296296296, 82.68518518518519, 87.22222222222223, 86.66666666666667, 83.05555555555556, 82.5, 80.0, 87.96296296296296, 86.48148148148148, 86.57407407407408, 81.75925925925925, 86.75925925925925, 87.4074074074074, 75.0925925925926, 85.0925925925926, 86.85185185185185, 87.03703703703704, 79.9074074074074, 83.14814814814815, 87.03703703703704, 83.7037037037037, 87.12962962962963, 87.5, 87.77777777777777, 87.68518518518519, 87.5, 87.5925925925926, 87.77777777777777, 88.05555555555556, 88.14814814814815, 87.87037037037037, 89.25925925925927, 89.25925925925927, 89.35185185185185, 89.44444444444444, 89.35185185185185, 89.53703703703704, 89.44444444444444, 90.0925925925926, 90.18518518518519, 88.98148148148148, 90.0925925925926, 89.9074074074074, 90.0925925925926, 89.72222222222223, 89.9074074074074, 89.44444444444444, 89.07407407407408, 89.44444444444444, 90.0, 88.42592592592592, 89.07407407407408, 88.98148148148148, 89.25925925925927, 89.53703703703704, 88.33333333333333, 90.0, 89.72222222222223, 89.81481481481481, 98.24074074074073, 89.53703703703704, 89.72222222222223, 90.55555555555556, 90.74074074074075, 90.64814814814814, 90.46296296296296, 98.61111111111111, 89.81481481481481, 90.18518518518519, 89.72222222222223, 90.0925925925926, 90.0925925925926, 89.81481481481481, 89.9074074074074, 89.9074074074074, 89.81481481481481, 89.9074074074074, 88.70370370370371, 90.0, 89.9074074074074, 89.9074074074074, 90.27777777777779, 87.68518518518519],