{"loss": [0.6852385004361471, 0.9021320541699728, 0.9172249635060629, 0.8734866778055826, 0.704370896021525, 0.8867234190305074, 0.8817094365755717, 0.964111347993215, 0.8632487058639526, 0.8124104340871176, 0.7719040513038635, 0.7246218919754028, 0.7291991909344991, 0.69632887840271, 0.5868537425994873, 0.6336174011230469, 0.7962945501009623, 0.5572762489318848, 0.6832998792330424, 0.36611149708429974, 0.38064618905385333, 0.2939956684907277, 0.4242571492989858, 0.3189334173997243, 0.6950690944989523, 0.2771384119987488, 0.4479907651742299, 0.1688543955485026, 0.23757649461428323, 0.4628051022688548, 0.24926113585631052, 0.47440605362256366, 0.17850443720817566, 0.14821351567904154, 0.14405234654744467, 0.5911229054133097, 0.1753600835800171, 0.7094712654749552, 0.13107822587092718, 0.1607292095820109, 0.14297803739706674, 0.15039436022440592, 0.1420174017548561, 0.131702388326327, 0.17751740415891012, 0.13427876929442087, 0.40777910749117535, 0.11770828068256378, 0.13481017698844275, 0.12026796986659367, 0.13593373696009317, 0.12234093497196834, 0.21295676628748575, 0.12068544328212738, 0.12851638595263162, 0.1268826127052307, 0.14167208721240362, 0.12371319284041722, 0.16930420696735382, 0.1253990257779757, 0.12325130651394527, 0.13806543250878653, 0.12364878753821056, 0.16785026093324026, 0.11514508227507274, 0.15811270475387573, 0.1306091696023941, 0.1302481989065806, 0.15394974748293558, 0.12709092100461325, 0.13937941690286001, 0.12564266721407572, 0.20589612424373627, 0.12069343527158101, 0.15496564408143362, 0.1281925067305565, 0.17749391992886862, 0.14549475411574045, 0.1535892883936564, 0.14084555208683014, 0.17269445955753326, 0.1316568205753962, 0.15357447663942972, 0.14028962204853693, 0.1815994828939438, 0.12642776469389597, 0.14815056324005127, 0.12870514392852783, 0.12387394656737645, 0.39517803986867267, 0.11569029589494069, 0.19079536199569702, 0.12415434420108795, 0.18638509511947632, 0.1173318475484848, 0.17214877406756082, 0.16813514629999796, 0.13984393576780954, 0.25308293104171753, 0.14942429463068643], "accuracy": [51.04609627487668, 28.065997618642626, 58.547372002041165, 66.01462833815275, 71.67885694846062, 70.06293587344787, 71.23660486477291, 70.02891648239496, 71.64483755740773, 72.47831263820378, 72.51233202925668, 72.47831263820378, 72.44429324715088, 72.56336111583603, 72.56336111583603, 72.61439020241538, 72.58037081136247, 72.61439020241538, 72.68242898452118, 72.69943868004762, 72.64840959346827, 72.69943868004762, 72.68242898452118, 72.63139989794183, 72.64840959346827, 72.69943868004762, 72.63139989794183, 96.66609967681579, 96.66609967681579, 72.59738050688892, 96.59806089470999, 72.52934172478312, 96.70011906786868, 96.70011906786868, 96.68310937234223, 72.59738050688892, 96.68310937234223, 72.58037081136247, 96.71712876339514, 96.66609967681579, 96.58105119918353, 96.63208028576288, 96.61507059023643, 96.64908998128934, 96.64908998128934, 96.64908998128934, 72.54635142030958, 96.70011906786868, 96.68310937234223, 96.68310937234223, 96.53002211260419, 96.61507059023643, 96.66609967681579, 96.68310937234223, 96.61507059023643, 96.66609967681579, 96.63208028576288, 96.59806089470999, 96.53002211260419, 96.58105119918353, 96.58105119918353, 95.91767307365198, 96.56404150365708, 96.53002211260419, 96.61507059023643, 95.86664398707264, 96.53002211260419, 96.51301241707773, 95.78159550944038, 96.58105119918353, 95.86664398707264, 96.56404150365708, 96.17281850654874, 96.54703180813064, 95.90066337812553, 96.56404150365708, 95.84963429154618, 96.47899302602484, 96.17281850654874, 95.83262459601973, 96.39394454839258, 96.47899302602484, 95.79860520496683, 95.95169246470488, 95.96870216023133, 96.70011906786868, 95.91767307365198, 96.49600272155128, 96.81918693655383, 72.12110903214833, 96.54703180813064, 96.05375063786359, 96.46198333049838, 96.47899302602484, 96.61507059023643, 96.49600272155128, 95.88365368259907, 96.07076033339003, 96.58105119918353, 95.71355672733458], "precision": [24.284897025171624, 20.298056970382948, 30.70798976400341, 34.58697112155809, 39.12235031610264, 37.96886058032555, 38.91107078039928, 37.97602256699577, 39.21352443954429, 39.9024024024024, 39.92481203007519, 39.85671191553545, 39.78046934140803, 39.95476818695816, 39.962335216572505, 40.0300978179082, 39.969834087481146, 40.0300978179082, 40.09789156626506, 40.120436582611966, 40.052750565184624, 40.120436582611966, 40.09789156626506, 40.06012777151447, 40.052750565184624, 40.120436582611966, 40.037664783427495, 91.15456238361266, 91.07806691449815, 40.0, 91.04477611940298, 39.901849754624386, 91.63533834586465, 91.55722326454033, 91.4714151827554, 39.96219281663516, 91.31652661064426, 39.94708994708995, 91.64319248826291, 91.30841121495327, 91.5014164305949, 91.13805970149254, 91.12978524743231, 91.30028063610851, 91.30028063610851, 91.30028063610851, 39.916918429003026, 91.55722326454033, 91.4714151827554, 91.4714151827554, 91.39886578449905, 91.51743638077285, 91.6195856873823, 91.6274694261524, 91.59584513692162, 91.46341463414635, 92.0, 91.50943396226415, 91.39886578449905, 91.81731684110372, 91.57994323557237, 91.42011834319527, 91.49338374291115, 91.55597722960151, 91.91246431969553, 91.23152709359606, 91.79389312977099, 91.54795821462488, 91.76706827309236, 91.81731684110372, 91.3946587537092, 91.5719696969697, 91.46459747817653, 92.04218600191754, 92.07622868605817, 91.65085388994308, 91.8, 91.93083573487031, 91.87071498530852, 91.87562688064193, 91.8918918918919, 92.25556631171345, 91.9436052366566, 91.84890656063618, 92.02392821535393, 92.67822736030828, 92.42424242424242, 92.42718446601941, 94.25173439048564, 39.18762088974855, 92.61418853255587, 92.06349206349206, 92.578125, 92.50243427458618, 93.0596285434995, 92.26305609284333, 92.49492900608519, 92.4075924075924, 93.04603330068561, 92.68041237113403], "recall": [78.61111111111111, 99.62962962962963, 100.0, 95.37037037037037, 97.4074074074074, 99.35185185185185, 99.25925925925925, 99.72222222222223, 98.79629629629629, 98.42592592592592, 98.33333333333333, 97.87037037037038, 97.31481481481481, 98.14814814814815, 98.24074074074073, 98.51851851851852, 98.14814814814815, 98.51851851851852, 98.61111111111111, 98.70370370370371, 98.42592592592592, 98.70370370370371, 98.61111111111111, 98.70370370370371, 98.42592592592592, 98.70370370370371, 98.42592592592592, 90.64814814814814, 90.74074074074075, 98.33333333333333, 90.37037037037037, 97.87037037037038, 90.27777777777779, 90.37037037037037, 90.37037037037037, 97.87037037037038, 90.55555555555556, 97.87037037037038, 90.37037037037037, 90.46296296296296, 89.72222222222223, 90.46296296296296, 90.37037037037037, 90.37037037037037, 90.37037037037037, 90.37037037037037, 97.87037037037038, 90.37037037037037, 90.37037037037037, 90.37037037037037, 89.53703703703704, 89.9074074074074, 90.0925925925926, 90.18518518518519, 89.81481481481481, 90.27777777777779, 89.44444444444444, 89.81481481481481, 89.53703703703704, 89.35185185185185, 89.62962962962962, 85.83333333333333, 89.62962962962962, 89.35185185185185, 89.44444444444444, 85.74074074074073, 89.07407407407408, 89.25925925925927, 84.62962962962963, 89.35185185185185, 85.55555555555556, 89.53703703703704, 87.31481481481481, 88.88888888888889, 85.0, 89.44444444444444, 85.0, 88.61111111111111, 86.85185185185185, 84.81481481481481, 88.14814814814815, 88.24074074074075, 84.53703703703704, 85.55555555555556, 85.46296296296296, 89.07407407407408, 84.72222222222221, 88.14814814814815, 88.05555555555556, 93.7962962962963, 88.24074074074075, 85.92592592592592, 87.77777777777777, 87.96296296296296, 88.14814814814815, 88.33333333333333, 84.44444444444444, 85.64814814814815, 87.96296296296296, 83.24074074074073],