{"loss": [0.8030969500541687, 0.9402923186620077, 0.9259020090103149, 0.9107884168624878, 0.73470671971639, 0.7934778730074564, 0.5487121939659119, 0.5132842659950256, 0.22247297565142313, 0.3577575981616974, 0.21337599555651346, 0.24733130633831024, 0.19572814802328745, 0.1807350218296051, 0.18786543111006418, 0.2570323993762334, 0.1704407533009847, 0.2592727839946747, 0.2555068830649058, 0.20184107621510824, 0.21416346728801727, 0.31437063217163086, 0.18236157298088074, 0.33734041452407837, 0.19271778563658395, 0.5020988484223684, 0.1955149918794632, 0.37001248200734455, 0.27075723310311633, 0.5572665532430013, 0.2688182095686595, 0.31444118420283, 0.28491727511088055, 0.3814673125743866, 0.23731666803359985, 0.30645719170570374, 0.3699263036251068, 0.22271275520324707, 0.4126121699810028, 0.24886160095532736, 0.2905130386352539, 0.3360041677951813, 0.186868945757548, 0.34431707859039307, 0.20261308054129282, 0.2625063459078471, 0.3046025137106578, 0.27088211973508197, 0.23826582729816437, 0.335664302110672, 0.1824414680401484, 0.4004125694433848, 0.1707779715458552, 0.19493310650189719, 0.21657421191533408, 0.33178629477818805, 0.20265566309293112, 0.252956286072731, 0.16024947663148245, 0.20701981584231058, 0.17100935677687326, 0.20182092984517416, 0.22333510716756186, 0.22839598854382834, 0.16444726288318634, 0.16171869138876596, 0.18210440377394357, 0.16124928990999857, 0.1907943437496821, 0.14755788445472717, 0.17975659171740213, 0.13345001637935638, 0.187321608265241, 0.14712228377660116, 0.13144327948490778, 0.1529812067747116, 0.14126302798589072, 0.13863649467627207, 0.1395338922739029, 0.13035696496566138, 0.11934256305297215, 0.11979452768961589, 0.13333678990602493, 0.13183250526587167, 0.15333774189154306, 0.11926715821027756, 0.11236002792914708, 0.1404073884089788, 0.1203283245364825, 0.12290689597527187, 0.11569167673587799, 0.11983092129230499, 0.12030019114414851, 0.12560386210680008, 0.10509622097015381, 0.10966084152460098, 0.10369507471720378, 0.1095001424352328, 0.10482677817344666, 0.11448064943154652], "accuracy": [26.73924136757952, 49.17502976696717, 59.65300221126042, 70.48817826160912, 70.02891648239496, 71.72988603503997, 72.25718659635993, 72.27419629188637, 96.12178941996939, 90.84878380676986, 94.21670352100698, 93.70641265521347, 94.19969382548052, 95.15223677496172, 95.73056642286103, 95.56046946759653, 94.81204286443273, 95.15223677496172, 95.08419799285593, 95.49243068549073, 95.06718829732948, 93.50229630889606, 94.88008164653853, 93.79146113284573, 95.59448885864943, 79.67341384589216, 95.37336281680558, 87.0896410954244, 94.25072291205987, 78.3296478993026, 94.36979078074502, 93.50229630889606, 93.09406361626127, 85.04847763225038, 94.35278108521858, 92.95798605204966, 84.21500255145433, 94.04660656574248, 85.21857458751488, 94.59091682258888, 93.36621874468447, 89.14781425412485, 95.05017860180303, 85.9329817996258, 94.23371321653343, 94.23371321653343, 92.95798605204966, 90.287463854397, 93.87650961047797, 86.2391563191019, 95.01615921075013, 83.46657594829053, 94.84606225548562, 95.13522707943528, 95.37336281680558, 96.05375063786359, 95.96870216023133, 87.61694165674434, 96.44497363497193, 95.49243068549073, 95.95169246470488, 95.90066337812553, 92.77087940125871, 92.87293757441742, 96.39394454839258, 96.22384759312808, 92.71985031467936, 96.37693485286613, 95.79860520496683, 96.07076033339003, 95.91767307365198, 96.22384759312808, 96.01973124681068, 96.39394454839258, 96.30889607076033, 95.73056642286103, 96.58105119918353, 96.15580881102228, 96.20683789760163, 97.05732267392413, 96.85320632760674, 97.29545841129443, 97.34648749787378, 96.54703180813064, 96.35992515733969, 96.78516754550094, 97.22741962918863, 96.58105119918353, 96.56404150365708, 96.51301241707773, 97.29545841129443, 96.97227419629189, 96.22384759312808, 96.41095424391904, 97.53359414866473, 96.78516754550094, 97.48256506208538, 97.10835176050348, 97.278448715768, 97.36349719340024], "precision": [20.003718163227365, 26.46768623581648, 31.166180758017493, 38.12114617337686, 37.82142857142857, 39.092953523238386, 39.731643682445025, 39.715781600598355, 88.65698729582577, 69.19263456090651, 84.90566037735849, 79.8821548821549, 84.76011288805269, 89.7897897897898, 93.67755532139094, 92.3474663908997, 88.02747791952895, 89.86960882647944, 89.5895895895896, 92.49217935349321, 89.81854838709677, 81.66969147005445, 88.91108891108891, 81.22270742358079, 91.42280524722503, 46.97209057398631, 89.8422090729783, 60.97060833902938, 87.3991935483871, 45.0, 87.8665318503539, 84.55445544554455, 81.67293233082707, 56.66887856668878, 89.45147679324894, 80.71955719557195, 54.78589420654912, 86.06719367588933, 57.056856187290975, 89.03688524590164, 84.29423459244532, 67.02619414483821, 85.96171376481313, 58.51851851851851, 87.16148445336009, 88.79581151832461, 81.77480916030534, 70.80948487326248, 85.50295857988166, 59.377162629757784, 92.26638023630504, 53.13588850174216, 90.68062827225131, 86.75925925925925, 94.0087145969499, 89.33209647495362, 88.77644894204232, 61.50326797385621, 91.123701605288, 87.6269621421976, 90.40307101727447, 90.29779058597502, 76.82227682227682, 76.58889782783588, 90.8662900188324, 91.01338432122371, 76.46103896103897, 91.01229895931883, 88.74418604651163, 90.23696682464455, 89.62264150943396, 91.01338432122371, 89.6810506566604, 90.4096834264432, 90.97815764482431, 88.92018779342723, 94.52887537993921, 93.93004115226337, 90.9264565425024, 94.85657764589516, 92.57849666983824, 95.82089552238806, 95.56213017751479, 92.04218600191754, 91.15969581749049, 93.12681510164569, 95.71286141575274, 92.30028873917227, 92.70428015564202, 92.51700680272108, 96.56218402426694, 96.11451942740287, 92.72908366533864, 93.32003988035892, 97.46192893401016, 93.63369245837414, 97.45417515274949, 97.39583333333334, 97.42268041237114, 97.33879222108496], "recall": [99.62962962962963, 99.35185185185185, 98.98148148148148, 97.31481481481481, 98.05555555555556, 96.57407407407408, 98.70370370370371, 98.33333333333333, 90.46296296296296, 90.46296296296296, 83.33333333333334, 87.87037037037037, 83.42592592592592, 83.05555555555556, 82.31481481481482, 82.68518518518519, 83.05555555555556, 82.96296296296296, 82.87037037037037, 82.12962962962963, 82.5, 83.33333333333334, 82.4074074074074, 86.11111111111111, 83.88888888888889, 82.5925925925926, 84.35185185185186, 82.5925925925926, 80.27777777777779, 80.83333333333333, 80.46296296296296, 79.07407407407408, 80.46296296296296, 79.07407407407408, 78.51851851851852, 81.01851851851852, 80.55555555555556, 80.64814814814815, 78.98148148148148, 80.46296296296296, 78.51851851851852, 80.55555555555556, 87.31481481481481, 80.46296296296296, 80.46296296296296, 78.51851851851852, 79.35185185185185, 80.18518518518518, 80.27777777777779, 79.44444444444444, 79.53703703703704, 84.72222222222221, 80.18518518518518, 86.75925925925925, 79.9074074074074, 89.16666666666667, 89.35185185185185, 87.12962962962963, 89.35185185185185, 87.87037037037037, 87.22222222222223, 87.03703703703704, 86.85185185185185, 88.14814814814815, 89.35185185185185, 88.14814814814815, 87.22222222222223, 89.07407407407408, 88.33333333333333, 88.14814814814815, 87.96296296296296, 88.14814814814815, 88.51851851851852, 89.9074074074074, 88.70370370370371, 87.68518518518519, 86.38888888888889, 84.53703703703704, 88.14814814814815, 88.79629629629629, 90.0925925925926, 89.16666666666667, 89.72222222222223, 88.88888888888889, 88.79629629629629, 89.07407407407408, 88.88888888888889, 88.79629629629629, 88.24074074074075, 88.14814814814815, 88.42592592592592, 87.03703703703704, 86.20370370370371, 86.66666666666667, 88.88888888888889, 88.51851851851852, 88.61111111111111, 86.57407407407408, 87.5, 88.05555555555556],