{"loss": [0.3907528618971507, 0.20756584902604422, 0.20050949851671854, 0.23006450633207956, 0.20960753162701926, 0.12868231038252512, 0.15140307943026224, 0.15459510187307993, 0.1290576159954071, 0.1200873131553332, 0.12201330562432607, 0.12168697516123454, 0.12316935261090596, 0.11723951001962025, 0.12001302093267441, 0.12003503988186519, 0.11992150296767552, 0.1202629382411639, 0.12727456539869308, 0.11612387498219807, 0.11633538454771042, 0.1256609633564949, 0.11589532097180684, 0.12392900387446086, 0.11860835800568263, 0.12148900081713994, 0.12328496823708217, 0.11939251174529393, 0.12745128571987152, 0.1287886326511701, 0.12309639404217403, 0.12358227372169495, 0.12491793433825175, 0.12507403641939163, 0.11693598578373592, 0.11819874991973241, 0.12164796392122905, 0.12733801951011023, 0.12025197347005208, 0.11814271161953609, 0.1239722470442454, 0.12787503004074097, 0.12928755581378937, 0.12833968798319498, 0.11816766858100891, 0.11640863865613937, 0.11101652433474858, 0.10712131857872009, 0.10793333252271016, 0.10394911468029022, 0.10128316034873326, 0.10826364904642105, 0.10347616175810496, 0.09224676340818405, 0.10687599579493205, 0.09170319388310115, 0.09801853199799855, 0.09193685899178188, 0.09133841345707576, 0.09521581729253133, 0.09884394705295563, 0.09383269896109898, 0.1007040465871493, 0.09343986958265305, 0.091422105828921, 0.0999649241566658, 0.09124386062224706, 0.09368831912676494, 0.09290242940187454, 0.09626936167478561, 0.09306710710128148, 0.10113574812809627, 0.10498433063427608, 0.09035459160804749, 0.09313941995302837, 0.09732977052529652, 0.10329951097567876, 0.09639505793650945, 0.09601972003777821, 0.10618097583452861, 0.12031158804893494, 0.10109439740578334, 0.09163299202919006, 0.09527507176001866, 0.09333660701910655, 0.09751861542463303, 0.09276656309763591, 0.08703104654947917, 0.09346912056207657, 0.08856667826573054, 0.08580375462770462, 0.09754592180252075, 0.08712941656510036, 0.09432879090309143, 0.10080210119485855, 0.0888244907061259, 0.0884185681740443, 0.08568456520636876, 0.10023815681536992, 0.0953503077228864], "accuracy": [71.10052730056132, 95.79860520496683, 95.79860520496683, 96.56404150365708, 96.58105119918353, 96.63208028576288, 96.61507059023643, 96.78516754550094, 96.58105119918353, 96.88722571865964, 96.88722571865964, 96.92124510971253, 96.76815784997449, 96.97227419629189, 96.97227419629189, 96.98928389181833, 96.97227419629189, 97.10835176050348, 97.00629358734479, 97.00629358734479, 97.0403129783977, 97.05732267392413, 97.09134206497704, 97.09134206497704, 97.02330328287124, 97.0403129783977, 97.02330328287124, 97.02330328287124, 96.80217724102738, 96.73413845892159, 97.00629358734479, 96.98928389181833, 96.90423541418609, 96.92124510971253, 96.93825480523898, 96.92124510971253, 96.95526450076544, 96.87021602313318, 96.85320632760674, 97.00629358734479, 96.88722571865964, 96.87021602313318, 96.87021602313318, 96.90423541418609, 96.90423541418609, 96.97227419629189, 96.95526450076544, 97.68668140840279, 97.5846232352441, 96.97227419629189, 97.53359414866473, 97.63565232182344, 97.68668140840279, 97.66967171287634, 97.72070079945568, 97.77172988603505, 97.55060384419119, 97.78873958156149, 97.75472019050859, 97.61864262629699, 97.73771049498214, 97.73771049498214, 97.29545841129443, 97.73771049498214, 97.68668140840279, 97.60163293077053, 97.75472019050859, 97.61864262629699, 97.56761353971764, 97.63565232182344, 97.53359414866473, 97.49957475761184, 97.70369110392924, 97.63565232182344, 97.5846232352441, 97.61864262629699, 97.49957475761184, 97.65266201734988, 97.63565232182344, 97.60163293077053, 97.07433236945059, 97.77172988603505, 97.80574927708794, 97.73771049498214, 97.61864262629699, 97.63565232182344, 97.61864262629699, 97.80574927708794, 97.60163293077053, 97.63565232182344, 97.73771049498214, 97.60163293077053, 97.85677836366729, 97.66967171287634, 97.5846232352441, 97.66967171287634, 97.65266201734988, 97.65266201734988, 97.55060384419119, 97.5846232352441], "precision": [38.173481085212075, 91.2784935579782, 91.2784935579782, 91.73003802281369, 91.97707736389685, 92.56756756756756, 92.56038647342996, 94.06528189910979, 94.25981873111783, 94.27443237907205, 94.27443237907205, 94.28571428571428, 94.23459244532803, 94.2156862745098, 94.2156862745098, 94.3081452404318, 94.30255402750491, 95.04950495049505, 95.0199203187251, 94.31372549019608, 94.49901768172889, 95.03475670307844, 94.95548961424333, 94.95548961424333, 94.58128078817734, 95.02982107355865, 94.93545183714002, 94.93545183714002, 95.05050505050505, 95.03042596348884, 95.0199203187251, 95.0149551345962, 95.08032128514057, 95.0852557673019, 94.37869822485207, 94.994994994995, 95.00499500499501, 95.07042253521126, 94.61615154536392, 94.93041749502981, 94.5382323733863, 94.97991967871486, 95.07042253521126, 94.98997995991984, 94.81037924151696, 95.00998003992017, 94.82587064676616, 99.57983193277312, 99.57716701902748, 95.00998003992017, 99.68119022316685, 99.68321013727561, 99.57983193277312, 99.57939011566772, 99.47698744769873, 99.47862356621481, 99.89339019189765, 99.47916666666666, 99.47807933194154, 99.6828752642706, 99.58115183246073, 99.47753396029259, 99.67637540453075, 99.47753396029259, 99.3723849372385, 99.57761351636748, 99.47807933194154, 99.47368421052632, 99.36775553213909, 99.57850368809274, 99.68119022316685, 99.68051118210862, 99.37304075235109, 99.47423764458465, 99.47257383966245, 99.6828752642706, 99.89304812834224, 99.57894736842105, 99.47423764458465, 99.68253968253968, 99.8901098901099, 99.79013641133263, 99.58289885297185, 99.47753396029259, 99.6828752642706, 99.68321013727561, 99.57805907172997, 99.68652037617555, 99.4731296101159, 99.3704092339979, 99.37434827945776, 99.57761351636748, 99.48132780082987, 99.68387776606956, 99.8936170212766, 99.68387776606956, 99.57894736842105, 99.57894736842105, 99.7872340425532, 99.78768577494692], "recall": [92.5, 85.27777777777777, 85.27777777777777, 89.35185185185185, 89.16666666666667, 88.79629629629629, 88.70370370370371, 88.05555555555556, 86.66666666666667, 88.42592592592592, 88.42592592592592, 88.61111111111111, 87.77777777777777, 88.98148148148148, 88.98148148148148, 88.98148148148148, 88.88888888888889, 88.88888888888889, 88.33333333333333, 89.07407407407408, 89.07407407407408, 88.61111111111111, 88.88888888888889, 88.88888888888889, 88.88888888888889, 88.51851851851852, 88.51851851851852, 88.51851851851852, 87.12962962962963, 86.75925925925925, 88.33333333333333, 88.24074074074075, 87.68518518518519, 87.77777777777777, 88.61111111111111, 87.87037037037037, 88.05555555555556, 87.5, 87.87037037037037, 88.42592592592592, 88.14814814814815, 87.5925925925926, 87.5, 87.77777777777777, 87.96296296296296, 88.14814814814815, 88.24074074074075, 87.77777777777777, 87.22222222222223, 88.14814814814815, 86.85185185185185, 87.4074074074074, 87.77777777777777, 87.68518518518519, 88.05555555555556, 88.33333333333333, 86.75925925925925, 88.42592592592592, 88.24074074074075, 87.31481481481481, 88.05555555555556, 88.14814814814815, 85.55555555555556, 88.14814814814815, 87.96296296296296, 87.31481481481481, 88.24074074074075, 87.5, 87.31481481481481, 87.5, 86.85185185185185, 86.66666666666667, 88.05555555555556, 87.5925925925926, 87.31481481481481, 87.31481481481481, 86.48148148148148, 87.5925925925926, 87.5925925925926, 87.22222222222223, 84.16666666666667, 88.05555555555556, 88.42592592592592, 88.14814814814815, 87.31481481481481, 87.4074074074074, 87.4074074074074, 88.33333333333333, 87.4074074074074, 87.68518518518519, 88.24074074074075, 87.31481481481481, 88.79629629629629, 87.5925925925926, 86.94444444444444, 87.5925925925926, 87.5925925925926, 87.5925925925926, 86.85185185185185, 87.03703703703704],