{"loss": [0.4595343867937724, 0.9235350489616394, 1.1497950553894043, 0.8967244029045105, 0.7142443060874939, 0.666409969329834, 0.6214141845703125, 0.5472856760025024, 0.5654790004094442, 0.5715864698092142, 0.5436196525891622, 0.5526291529337565, 0.6434565782546997, 0.5416443149248759, 0.5821900566418966, 0.5943341056505839, 0.4255693058172862, 0.43752390146255493, 0.31670209765434265, 0.2739102343718211, 0.2590028444925944, 0.27751315633455914, 0.25874600807825726, 0.3640475273132324, 0.313082883755366, 0.23964828252792358, 0.23876419166723886, 0.2017113963762919, 0.18724546333154043, 0.17992250621318817, 0.18844006955623627, 0.18549580872058868, 0.18318181236584982, 0.1776248166958491, 0.21346263587474823, 0.22228395442167917, 0.18243602911631265, 0.19649838904539743, 0.23095198472340903, 0.17395987610022226, 0.1675560623407364, 0.18436967333157858, 0.15180732309818268, 0.16467180848121643, 0.16297930479049683, 0.16256459057331085, 0.16146409511566162, 0.16437693933645883, 0.15682720641295114, 0.1645269195238749, 0.1500308761994044, 0.15545664727687836, 0.15435170630613962, 0.16486786305904388, 0.16830775638421377, 0.1540510505437851, 0.16471143066883087, 0.15414895613988241, 0.17279518147309622, 0.16929755608240762, 0.15772981444994608, 0.17307699720064798, 0.17940515279769897, 0.16528629759947458, 0.16237917045752207, 0.2013750523328781, 0.17332085967063904, 0.17044301827748617, 0.16658691068490347, 0.16640025873978934, 0.18318197627862295, 0.1906696210304896, 0.18919073045253754, 0.1818057248989741, 0.19906087716420492, 0.16722706953684488, 0.18992485602696738, 0.18532626827557883, 0.1885445366303126, 0.19386984407901764, 0.19867120683193207, 0.22378448645273843, 0.19048223396142325, 0.20014074941476187, 0.18595539530118307, 0.18006898214419684, 0.20333768924077353, 0.19679011901219687, 0.19570517043272653, 0.1822666128476461, 0.19241190950075784, 0.19463501870632172, 0.18488029638926187, 0.17610437174638113, 0.18185221403837204, 0.17164500057697296, 0.1734477256735166, 0.1708104262749354, 0.17390346030394235, 0.17262141903241476], "accuracy": [82.76917843170607, 67.98775301922096, 54.8902874638544, 56.13199523728525, 60.28236094573907, 66.01462833815275, 66.25276407552305, 68.65113114475251, 66.25276407552305, 65.8955604694676, 68.15784997448546, 69.94386800476272, 70.21602313318591, 70.19901343765946, 69.48460622554856, 61.89828202075183, 69.60367409423371, 68.73617962238475, 93.19612178941998, 92.22656914441231, 92.78788909678516, 93.29817996257867, 94.53988773600952, 93.06004422520837, 94.35278108521858, 95.25429494812043, 95.16924647048818, 95.32233373022623, 95.57747916312297, 95.62850824970234, 95.79860520496683, 95.95169246470488, 96.78516754550094, 96.80217724102738, 96.39394454839258, 96.75114815444803, 96.73413845892159, 96.80217724102738, 96.25786698418098, 96.78516754550094, 96.87021602313318, 96.76815784997449, 96.88722571865964, 96.87021602313318, 96.88722571865964, 96.97227419629189, 96.97227419629189, 96.97227419629189, 96.90423541418609, 96.93825480523898, 97.02330328287124, 96.98928389181833, 96.93825480523898, 97.02330328287124, 97.00629358734479, 97.00629358734479, 97.00629358734479, 96.97227419629189, 97.10835176050348, 96.97227419629189, 96.95526450076544, 96.98928389181833, 96.97227419629189, 96.95526450076544, 96.97227419629189, 96.90423541418609, 96.97227419629189, 96.98928389181833, 97.00629358734479, 96.98928389181833, 96.80217724102738, 96.85320632760674, 96.75114815444803, 96.81918693655383, 96.81918693655383, 96.80217724102738, 96.78516754550094, 96.88722571865964, 96.87021602313318, 96.80217724102738, 96.81918693655383, 96.76815784997449, 96.78516754550094, 96.73413845892159, 96.78516754550094, 96.68310937234223, 96.63208028576288, 96.76815784997449, 96.73413845892159, 96.85320632760674, 96.83619663208029, 96.75114815444803, 96.87021602313318, 96.75114815444803, 96.81918693655383, 97.00629358734479, 96.80217724102738, 96.73413845892159, 96.92124510971253, 96.90423541418609], "precision": [93.5064935064935, 35.830388692579504, 28.90499194847021, 29.48261702710101, 31.54954425169068, 34.88142292490119, 35.16086671043992, 36.83120469451156, 35.12179065174457, 34.929944607363964, 36.47540983606557, 37.814827953174884, 38.0562477750089, 38.034188034188034, 37.48246844319776, 32.40291262135923, 37.47786043216436, 36.81280445372303, 77.07006369426752, 74.54688731284476, 76.7536704730832, 77.09320695102686, 81.8105616093881, 76.08695652173914, 80.70607553366173, 84.49612403100775, 84.13379073756431, 86.8252516010979, 88.17504655493482, 88.1371640407785, 88.81640260950606, 89.56766917293233, 92.38820171265462, 92.80230326295586, 89.74358974358975, 91.89443920829406, 93.10679611650485, 91.99623352165726, 89.66789667896678, 92.38820171265462, 92.58555133079848, 91.90207156308851, 92.91866028708135, 92.66666666666666, 93.0835734870317, 93.7015503875969, 93.53281853281852, 93.53281853281852, 93.67704280155642, 93.26923076923077, 93.8894277400582, 93.87755102040816, 93.9453125, 93.63548698167791, 93.54527938342967, 93.7137330754352, 93.88349514563107, 93.53281853281852, 93.5823754789272, 93.7015503875969, 94.03714565004888, 94.04878048780488, 93.7864077669903, 94.1234084231146, 93.8715953307393, 93.17307692307692, 93.7864077669903, 94.04878048780488, 94.140625, 93.79243452958292, 93.3852140077821, 93.32042594385285, 93.11348205625606, 92.8092042186002, 93.3074684772066, 93.72549019607843, 93.04347826086956, 93.41723136495644, 93.4108527131783, 93.13346228239845, 93.22362052274927, 93.28793774319067, 92.96046287367406, 93.359375, 93.37877312560857, 93.08666017526777, 92.32245681381957, 92.8709055876686, 92.61036468330134, 93.74389051808406, 93.65234375, 92.94685990338164, 93.24324324324324, 93.45063538611925, 92.97401347449471, 93.7137330754352, 93.89763779527559, 93.7007874015748, 93.42995169082126, 93.76218323586744], "recall": [6.666666666666667, 93.88888888888889, 99.72222222222223, 99.72222222222223, 99.35185185185185, 98.05555555555556, 99.16666666666667, 98.79629629629629, 98.79629629629629, 99.25925925925925, 98.88888888888889, 98.70370370370371, 98.98148148148148, 98.88888888888889, 98.98148148148148, 98.88888888888889, 97.96296296296296, 97.96296296296296, 89.62962962962962, 87.5925925925926, 87.12962962962963, 90.37037037037037, 90.37037037037037, 90.74074074074075, 91.01851851851852, 90.83333333333333, 90.83333333333333, 87.87037037037037, 87.68518518518519, 88.05555555555556, 88.24074074074075, 88.24074074074075, 89.9074074074074, 89.53703703703704, 90.74074074074075, 90.27777777777779, 88.79629629629629, 90.46296296296296, 90.0, 89.9074074074074, 90.18518518518519, 90.37037037037037, 89.9074074074074, 90.0925925925926, 89.72222222222223, 89.53703703703704, 89.72222222222223, 89.72222222222223, 89.16666666666667, 89.81481481481481, 89.62962962962962, 89.44444444444444, 89.07407407407408, 89.9074074074074, 89.9074074074074, 89.72222222222223, 89.53703703703704, 89.72222222222223, 90.46296296296296, 89.53703703703704, 89.07407407407408, 89.25925925925927, 89.44444444444444, 88.98148148148148, 89.35185185185185, 89.72222222222223, 89.44444444444444, 89.25925925925927, 89.25925925925927, 89.53703703703704, 88.88888888888889, 89.25925925925927, 88.88888888888889, 89.62962962962962, 89.07407407407408, 88.51851851851852, 89.16666666666667, 89.35185185185185, 89.25925925925927, 89.16666666666667, 89.16666666666667, 88.79629629629629, 89.25925925925927, 88.51851851851852, 88.79629629629629, 88.51851851851852, 89.07407407407408, 89.25925925925927, 89.35185185185185, 88.79629629629629, 88.79629629629629, 89.07407407407408, 89.44444444444444, 88.51851851851852, 89.44444444444444, 89.72222222222223, 88.33333333333333, 88.14814814814815, 89.53703703703704, 89.07407407407408],