{"loss": [0.5614829858144125, 0.49519803126653034, 0.6034204761187235, 0.6334201097488403, 0.6075273752212524, 0.6149134039878845, 0.6324774622917175, 0.5977792541186014, 0.5929843783378601, 0.6040471990903219, 0.5963749686876932, 0.5856642127037048, 0.45438525080680847, 0.5656496286392212, 0.39339373509089154, 0.5578028758366903, 0.4699398875236511, 0.38186262051264447, 0.6179589629173279, 0.4935486614704132, 0.6163575649261475, 0.47948593894640607, 0.6767452160517374, 0.36823559800783795, 0.5408131877581278, 0.2783225079377492, 0.3139303922653198, 0.2642301321029663, 0.4603450795014699, 0.341841717561086, 0.21737359960873923, 0.1807138373454412, 0.25716514388720196, 0.2383092741171519, 0.23715615769227347, 0.2608236124118169, 0.1771183709303538, 0.21037007868289948, 0.2003074437379837, 0.20543264349301657, 0.291954904794693, 0.16481355329354605, 0.19822469850381216, 0.16602404415607452, 0.1807319869597753, 0.18538992603619894, 0.2335809071858724, 0.1755776753028234, 0.20105849703152975, 0.1619259218374888, 0.20508902768294016, 0.17367014785607657, 0.20029344658056894, 0.19334869583447775, 0.18054280678431192, 0.24870569010575613, 0.17155834039052328, 0.2381933629512787, 0.2265082746744156, 0.2232461522022883, 0.21011977891127268, 0.2171379973491033, 0.2615024546782176, 0.2814701000849406, 0.2603124678134918, 0.32434237003326416, 0.26588597893714905, 0.2886698842048645, 0.27285056312878925, 0.3021562695503235, 0.3535902003447215, 0.28417567412058514, 0.43001140157381695, 0.31725285450617474, 0.4186559319496155, 0.2899298469225566, 0.305318683385849, 0.2575802206993103, 0.29741790890693665, 0.3144370416800181, 0.2571440239747365, 0.29667967557907104, 0.26559844116369885, 0.27317415674527484, 0.27299582958221436, 0.292425403992335, 0.2391046186288198, 0.3013259172439575, 0.27128411332766217, 0.28165701031684875, 0.22262108822663626, 0.3278421262900035, 0.24759283165136972, 0.27608948945999146, 0.2820772627989451, 0.2790195246537526, 0.3249166011810303, 0.2849668165047963, 0.2830101549625397, 0.27404449383417767], "accuracy": [69.90984861370981, 70.91342064977037, 67.34138458921585, 69.87582922265692, 68.65113114475251, 69.96087770028916, 69.58666439870726, 69.63769348528662, 69.77377104949821, 69.84180983160401, 69.92685830923627, 69.94386800476272, 69.99489709134207, 70.04592617792142, 70.06293587344787, 70.06293587344787, 70.02891648239496, 70.07994556897431, 70.13097465555367, 70.13097465555367, 70.13097465555367, 70.14798435108011, 70.11396496002722, 70.16499404660657, 70.11396496002722, 94.16567443442763, 70.11396496002722, 94.23371321653343, 68.12383058343255, 92.43068549072972, 92.19254975335942, 92.36264670862391, 92.15853036230652, 92.27759823099167, 92.29460792651811, 91.97142371151557, 92.37965640415037, 92.03946249362136, 92.19254975335942, 92.05647218914781, 92.00544310256846, 92.48171457730906, 92.03946249362136, 92.37965640415037, 92.05647218914781, 92.10750127572716, 91.85235584283042, 91.85235584283042, 91.81833645177751, 91.98843340704201, 91.76730736519816, 91.15495832624596, 91.15495832624596, 92.00544310256846, 92.03946249362136, 91.73328797414526, 91.10392923966661, 90.81476441571697, 90.7637353291376, 90.93383228440211, 91.08691954414016, 90.78074502466406, 90.37251233202926, 90.95084197992855, 90.03231842150025, 90.79775472019051, 90.84878380676986, 90.44055111413506, 90.79775472019051, 89.5390372512332, 90.71270624255826, 88.67154277938425, 90.86579350229631, 88.29732947780235, 90.95084197992855, 90.74672563361116, 90.96785167545501, 90.91682258887566, 90.98486137098146, 90.78074502466406, 91.0699098486137, 90.71270624255826, 90.88280319782275, 90.93383228440211, 90.8317741112434, 90.91682258887566, 90.88280319782275, 91.05290015308726, 91.05290015308726, 91.12093893519307, 91.08691954414016, 91.27402619493111, 91.32505528151046, 91.32505528151046, 91.10392923966661, 91.25701649940466, 91.22299710835176, 91.03589045756081, 91.15495832624596, 91.34206497703691], "precision": [36.25847626645393, 38.06818181818182, 35.557083906464925, 37.57641136281913, 35.58745749905554, 36.58059467918623, 35.86261980830671, 35.89435774309724, 36.08782435129741, 36.14554178328668, 36.24, 36.26549380247901, 36.287089013632716, 36.34175691937425, 36.35634028892456, 36.35634028892456, 36.29421221864952, 36.359983929288866, 36.46917534027222, 36.46917534027222, 36.46917534027222, 36.49459783913566, 36.45458183273309, 36.48757016840417, 36.44373247897477, 90.36144578313254, 36.44373247897477, 90.75907590759076, 33.30529857022708, 91.28738621586476, 89.25410872313527, 91.13428943937419, 89.22686945500634, 89.321608040201, 89.23654568210263, 90.3183023872679, 91.7989417989418, 89.94778067885117, 90.16817593790427, 89.85695708712613, 90.02624671916011, 91.42857142857143, 90.0523560209424, 91.90981432360743, 90.06535947712419, 91.96185286103542, 89.69616908850726, 89.80132450331125, 89.7742363877822, 91.88445667125173, 89.73333333333333, 91.42011834319527, 91.42011834319527, 92.12707182320442, 92.03296703296702, 89.81233243967829, 91.38187221396731, 91.66666666666666, 92.01877934272301, 91.7557251908397, 91.86746987951807, 91.77018633540372, 91.99346405228758, 91.64133738601824, 91.86440677966101, 91.65378670788253, 91.6923076923077, 92.73927392739274, 91.91290824261276, 91.8918918918919, 91.84952978056427, 91.07142857142857, 92.75590551181102, 90.83333333333333, 90.65281899109793, 92.81150159744409, 91.4027149321267, 90.74626865671642, 91.41566265060241, 90.88145896656535, 90.98966026587888, 89.03508771929825, 88.96848137535817, 89.01569186875892, 89.03318903318903, 88.45070422535211, 89.30635838150289, 89.3465909090909, 89.45868945868945, 89.51841359773371, 89.48863636363636, 91.87592319054653, 91.91176470588235, 92.53731343283582, 90.30390738060781, 92.23880597014926, 92.34234234234235, 92.08523592085236, 91.91616766467065, 91.67883211678833], "recall": [84.16666666666667, 93.05555555555556, 95.74074074074073, 96.75925925925925, 87.22222222222223, 86.57407407407408, 83.14814814814815, 83.05555555555556, 83.7037037037037, 83.7037037037037, 83.88888888888889, 83.98148148148148, 83.79629629629629, 83.88888888888889, 83.88888888888889, 83.88888888888889, 83.61111111111111, 83.79629629629629, 84.35185185185186, 84.35185185185186, 84.35185185185186, 84.44444444444444, 84.35185185185186, 84.25925925925925, 84.25925925925925, 76.38888888888889, 84.25925925925925, 76.38888888888889, 73.33333333333333, 65.0, 65.37037037037037, 64.72222222222223, 65.18518518518519, 65.83333333333333, 66.01851851851852, 63.05555555555556, 64.25925925925927, 63.7962962962963, 64.53703703703704, 63.98148148148148, 63.51851851851852, 65.18518518518519, 63.70370370370371, 64.16666666666667, 63.7962962962963, 62.5, 62.87037037037037, 62.77777777777778, 62.59259259259259, 61.85185185185185, 62.31481481481481, 57.22222222222222, 57.22222222222222, 61.75925925925926, 62.03703703703704, 62.03703703703704, 56.94444444444444, 55.00000000000001, 54.44444444444444, 55.648148148148145, 56.481481481481474, 54.72222222222223, 52.129629629629626, 55.833333333333336, 50.18518518518519, 54.907407407407405, 55.18518518518518, 52.03703703703704, 54.72222222222223, 47.22222222222222, 54.25925925925926, 42.5, 54.53703703703704, 40.370370370370374, 56.574074074074076, 53.7962962962963, 56.111111111111114, 56.2962962962963, 56.2037037037037, 55.37037037037037, 57.03703703703704, 56.388888888888886, 57.49999999999999, 57.77777777777777, 57.12962962962963, 58.14814814814815, 57.22222222222222, 58.24074074074074, 58.14814814814815, 58.51851851851851, 58.333333333333336, 57.592592592592595, 57.870370370370374, 57.407407407407405, 57.77777777777777, 57.22222222222222, 56.94444444444444, 56.018518518518526, 56.851851851851855, 58.14814814814815],