{"loss": [0.9044917623202006, 0.6240370472272238, 0.6124392946561178, 0.6821919679641724, 0.7191723982493082, 0.779802123705546, 0.800013542175293, 0.45290298263231915, 0.4755606750647227, 0.5482767224311829, 0.5460238854090372, 0.5654969215393066, 0.4014977713425954, 0.4222467641035716, 0.384260614713033, 0.40826648473739624, 0.3346344828605652, 0.3316051463286082, 0.31217360496520996, 0.34387801090876263, 0.3534387747446696, 0.3490319649378459, 0.3835053543249766, 0.32094722986221313, 0.3410521149635315, 0.34806721409161884, 0.35407472650210065, 0.34326088428497314, 0.3521420657634735, 0.3092275659243266, 0.2930201590061188, 0.3158365587393443, 0.2730219562848409, 0.23314044872919717, 0.22048795223236084, 0.2414038081963857, 0.2701623539129893, 0.24200493097305298, 0.2702947159608205, 0.21652594208717346, 0.29733970761299133, 0.3595319489638011, 0.27506783604621887, 0.3703867594401042, 0.21478326121966043, 0.32881935437520343, 0.31589020291964215, 0.2616681456565857, 0.2516509046157201, 0.20834278066953024, 0.21056812008221945, 0.3416487177213033, 0.2604646583398183, 0.23472163577874502, 0.28294920921325684, 0.1722512592871984, 0.1880473494529724, 0.20782202978928885, 0.1859839012225469, 0.22376905381679535, 0.15123802920182547, 0.4970964988072713, 0.17709963023662567, 0.20095094541708627, 0.16369836032390594, 0.23376877109209696, 0.24527825911839804, 0.17976418137550354, 0.25962606569131214, 0.16196899116039276, 0.205322856704394, 0.32706496119499207, 0.1755871226390203, 0.20989272991816202, 0.146575336654981, 0.1501535971959432, 0.17238124211629233, 0.156601349512736, 0.2177456667025884, 0.20272095998128256, 0.1729027976592382, 0.16175475219885507, 0.20743600527445474, 0.15794810156027475, 0.14232615878184637, 0.13839087386926016, 0.16007952888806662, 0.15074831744035086, 0.13870273530483246, 0.13587922602891922, 0.13282395154237747, 0.12436534216006596, 0.12855721513430277, 0.12227117518583934, 0.12578006088733673, 0.12846542398134866, 0.1244587500890096, 0.12489479780197144, 0.1260666623711586, 0.1275916447242101], "accuracy": [18.370471168566084, 65.94658955604694, 70.02891648239496, 69.43357713896921, 68.17485967001191, 67.95373362816805, 66.8140840278959, 71.01547882292907, 69.34852866133696, 66.8481034189488, 66.89913250552816, 67.06922946079266, 67.2223167205307, 90.62765776492601, 90.8998128933492, 90.32148324544991, 91.24000680387822, 88.8586494301752, 88.22929069569655, 87.9741452627998, 83.72172138118728, 86.68140840278959, 83.72172138118728, 84.18098316040142, 85.15053580540908, 85.26960367409423, 83.67069229460793, 83.53461473039633, 84.60622554856268, 85.86494301751999, 86.63037931621024, 87.61694165674434, 88.19527130464364, 95.30532403469978, 96.00272155128424, 90.57662867834665, 87.61694165674434, 95.15223677496172, 88.1102228270114, 95.11821738390883, 87.17468957305664, 79.43527810852186, 87.88909678516754, 85.71185575778193, 94.99914951522368, 79.14611328457221, 88.2803197822759, 89.93026024834155, 94.18268412995407, 95.18625616601463, 95.23728525259398, 85.35465215172648, 93.45126722231672, 94.31876169416567, 93.24715087599932, 95.37336281680558, 95.49243068549073, 95.47542098996428, 95.42439190338493, 95.56046946759653, 95.74757611838749, 72.34223507399217, 95.78159550944038, 95.61149855417588, 95.76458581391392, 95.73056642286103, 96.85320632760674, 96.03674094233713, 96.07076033339003, 96.10477972444293, 96.05375063786359, 72.54635142030958, 95.56046946759653, 96.29188637523389, 97.07433236945059, 96.64908998128934, 96.56404150365708, 96.61507059023643, 96.35992515733969, 95.98571185575778, 96.51301241707773, 96.56404150365708, 96.59806089470999, 95.86664398707264, 96.63208028576288, 96.51301241707773, 96.32590576628678, 95.91767307365198, 96.54703180813064, 96.12178941996939, 97.24442932471509, 97.5846232352441, 97.55060384419119, 97.56761353971764, 97.55060384419119, 97.56761353971764, 97.41452627997958, 97.44854567103249, 97.41452627997958, 97.26143902024154], "precision": [18.370471168566084, 34.612817089452605, 37.85612535612536, 37.4254647492108, 36.45083932853717, 36.34510869565217, 35.5651309247597, 38.646288209606986, 37.42160278745645, 35.62686073436983, 35.65275016567263, 35.6951871657754, 35.77426939872355, 68.25396825396825, 69.31254429482637, 67.68166089965398, 70.54545454545455, 64.04494382022472, 62.48391248391248, 61.91693290734824, 53.41476957245974, 59.09369259032455, 53.39966832504146, 54.20403587443946, 55.99305153445281, 56.22093023255814, 53.30760749724366, 53.08370044052864, 54.97441728254691, 57.42397137745975, 58.95249695493301, 61.18170266836086, 62.647444298820446, 86.15107913669064, 89.37558247903075, 68.75891583452211, 61.19592875318066, 85.0838481906443, 62.34607906675308, 84.87247141600703, 60.17478152309613, 46.86436558094312, 61.794871794871796, 57.11743772241993, 84.65608465608466, 46.47001934235977, 62.769431743958194, 67.01534170153417, 81.16554054054053, 85.48530721282279, 85.90664272890484, 56.399766218585626, 78.18329278183292, 81.50337837837837, 77.1678599840891, 86.20071684587813, 86.35147190008921, 85.70175438596492, 86.17305976806423, 85.95258999122038, 87.86496350364963, 39.75993998499625, 87.74954627949182, 86.3716814159292, 87.06512042818912, 86.7790594498669, 92.57849666983824, 88.18755635707845, 88.34688346883469, 88.9295516925892, 88.40579710144928, 39.92452830188679, 90.66534260178749, 89.54128440366974, 94.59724950884086, 92.24880382775119, 91.33709981167608, 92.15311004784688, 90.0184842883549, 88.36363636363636, 91.3907284768212, 92.04980842911877, 91.66666666666666, 92.48730964467005, 92.16061185468452, 96.19852164730729, 90.37383177570094, 92.6829268292683, 91.64292497625831, 93.64754098360656, 95.62624254473161, 97.56592292089249, 97.36842105263158, 97.56345177664974, 97.36842105263158, 97.37108190091, 97.93388429752066, 98.13664596273291, 98.13278008298755, 98.1151832460733], "recall": [100.0, 96.01851851851852, 98.42592592592592, 98.79629629629629, 98.51851851851852, 99.07407407407408, 99.35185185185185, 98.33333333333333, 99.44444444444444, 99.72222222222223, 99.62962962962963, 98.88888888888889, 98.61111111111111, 91.57407407407408, 90.55555555555556, 90.55555555555556, 89.81481481481481, 89.72222222222223, 89.9074074074074, 89.72222222222223, 89.07407407407408, 89.35185185185185, 89.44444444444444, 89.53703703703704, 89.53703703703704, 89.53703703703704, 89.53703703703704, 89.25925925925927, 89.53703703703704, 89.16666666666667, 89.62962962962962, 89.16666666666667, 88.51851851851852, 88.70370370370371, 88.79629629629629, 89.25925925925927, 89.07407407407408, 89.25925925925927, 89.07407407407408, 89.35185185185185, 89.25925925925927, 89.25925925925927, 89.25925925925927, 89.16666666666667, 88.88888888888889, 88.98148148148148, 88.98148148148148, 88.98148148148148, 88.98148148148148, 88.88888888888889, 88.61111111111111, 89.35185185185185, 89.25925925925927, 89.35185185185185, 89.81481481481481, 89.07407407407408, 89.62962962962962, 90.46296296296296, 89.44444444444444, 90.64814814814814, 89.16666666666667, 98.14814814814815, 89.53703703703704, 90.37037037037037, 90.37037037037037, 90.55555555555556, 90.0925925925926, 90.55555555555556, 90.55555555555556, 90.0, 90.37037037037037, 97.96296296296296, 84.53703703703704, 90.37037037037037, 89.16666666666667, 89.25925925925927, 89.81481481481481, 89.16666666666667, 90.18518518518519, 90.0, 89.44444444444444, 88.98148148148148, 89.62962962962962, 84.35185185185186, 89.25925925925927, 84.35185185185186, 89.53703703703704, 84.44444444444444, 89.35185185185185, 84.62962962962963, 89.07407407407408, 89.07407407407408, 89.07407407407408, 88.98148148148148, 89.07407407407408, 89.16666666666667, 87.77777777777777, 87.77777777777777, 87.5925925925926, 86.75925925925925],