{"loss": [0.495416780312856, 0.3765513102213542, 0.6761656602223715, 0.633838971455892, 0.3800556461016337, 0.19897416730721793, 0.10551352550586064, 0.11745595186948776, 0.08628022174040477, 0.09616122146447499, 0.09620668987433116, 0.11991900702317555, 0.15158572296301523, 0.2191813588142395, 0.1137897123893102, 0.2638290425141652, 0.20127953588962555, 0.15565183262030283, 0.17367630203564963, 0.11688297986984253, 0.15071133772532144, 0.09927574296792348, 0.184026171763738, 0.10499492784341176, 0.12816048661867777, 0.11537826806306839, 0.16324549913406372, 0.08581483115752538, 0.10341533521811168, 0.0802674541870753, 0.07655726869901021, 0.07707614203294118, 0.07456369698047638, 0.07501390079657237, 0.07559717446565628, 0.07033632695674896, 0.06799547622601192, 0.06729036817948024, 0.07164369647701581, 0.07867817332347234, 0.0721948891878128, 0.06894541531801224, 0.07063016543785731, 0.07532607515652974, 0.0687519075969855, 0.05982435246308645, 0.06383893763025601, 0.06592218950390816, 0.06393875181674957, 0.05933241421977679, 0.06656505664189656, 0.06233120337128639, 0.06598713621497154, 0.07439600676298141, 0.069761178145806, 0.08859642595052719, 0.06063373883565267, 0.06143474827210108, 0.07938369611899058, 0.054618642975886665, 0.0508808878560861, 0.06528200084964435, 0.061518060664335884, 0.05618366474906603, 0.07992033163706462, 0.05209633087118467, 0.05316241333882014, 0.04779456928372383, 0.04993045578400294, 0.05792065213123957, 0.07245063409209251, 0.04304943606257439, 0.04276096820831299, 0.043732900172472, 0.05258353675405184, 0.05518064399560293, 0.048310428857803345, 0.05752702678243319, 0.08318444341421127, 0.05167482669154803, 0.05640228589375814, 0.05557868008812269, 0.05684636657436689, 0.05637518813212713, 0.056212114791075386, 0.04844650626182556, 0.05295291915535927, 0.04749011745055517, 0.04369025180737177, 0.041237269838651024, 0.05210823814074198, 0.04692034050822258, 0.04529518509904543, 0.04714774712920189, 0.0509854331612587, 0.04903229574362437, 0.041604459285736084, 0.04754250248273214, 0.04848825931549072, 0.1001913274327914], "accuracy": [92.43068549072972, 70.93043034529681, 69.53563531212791, 70.09695526450076, 70.50518795713556, 95.27130464364689, 95.25429494812043, 95.28831433917333, 95.18625616601463, 95.25429494812043, 95.33934342575267, 95.37336281680558, 95.37336281680558, 95.83262459601973, 95.54345977207008, 71.11753699608776, 96.07076033339003, 95.64551794522878, 96.07076033339003, 96.10477972444293, 96.58105119918353, 96.58105119918353, 96.58105119918353, 96.12178941996939, 96.12178941996939, 95.49243068549073, 95.47542098996428, 96.15580881102228, 95.50944038101719, 95.52645007654363, 95.56046946759653, 95.54345977207008, 95.57747916312297, 95.57747916312297, 95.59448885864943, 95.57747916312297, 95.57747916312297, 95.56046946759653, 95.57747916312297, 95.54345977207008, 95.52645007654363, 95.54345977207008, 95.59448885864943, 95.56046946759653, 96.17281850654874, 95.64551794522878, 95.64551794522878, 95.81561490049329, 95.86664398707264, 95.69654703180814, 95.54345977207008, 96.15580881102228, 95.35635312127913, 95.10120768838237, 95.59448885864943, 95.54345977207008, 96.24085728865454, 95.01615921075013, 95.45841129443782, 96.66609967681579, 96.29188637523389, 95.22027555706752, 96.63208028576288, 95.30532403469978, 96.41095424391904, 96.20683789760163, 95.98571185575778, 97.00629358734479, 95.49243068549073, 95.47542098996428, 96.15580881102228, 97.02330328287124, 97.0403129783977, 95.56046946759653, 94.94812042864433, 95.81561490049329, 96.64908998128934, 95.30532403469978, 96.17281850654874, 95.83262459601973, 96.44497363497193, 95.81561490049329, 95.88365368259907, 95.74757611838749, 96.51301241707773, 96.68310937234223, 96.03674094233713, 97.0403129783977, 96.68310937234223, 97.05732267392413, 96.34291546181323, 96.92124510971253, 97.46555536655895, 95.83262459601973, 97.14237115155639, 96.95526450076544, 96.41095424391904, 97.5165844531383, 96.39394454839258, 96.92124510971253], "precision": [94.03606102635229, 38.064516129032256, 37.05860939206407, 37.463017751479285, 37.54760091393754, 96.41203703703704, 96.08745684695052, 95.99083619702176, 95.02824858757062, 95.87628865979381, 96.32183908045977, 96.75925925925925, 95.39325842696628, 96.33740288568258, 96.58314350797266, 37.776898734177216, 96.9060773480663, 97.24770642201835, 97.43016759776536, 98.07909604519774, 98.0327868852459, 97.82372143634385, 97.92802617230099, 98.08126410835214, 98.08126410835214, 93.95900755124056, 93.9524838012959, 98.1941309255079, 94.06047516198704, 94.16216216216216, 94.55930359085963, 94.55337690631809, 94.56521739130434, 94.46854663774403, 94.47453954496208, 94.46854663774403, 94.56521739130434, 94.55930359085963, 94.56521739130434, 94.55337690631809, 94.54743729552891, 94.55337690631809, 94.47453954496208, 94.46254071661238, 98.74572405929305, 94.58874458874459, 94.58874458874459, 98.82903981264637, 98.83313885647608, 94.60625674217907, 94.55337690631809, 98.74429223744292, 98.79081015719467, 94.49438202247191, 94.57111834961998, 94.65065502183407, 98.86234357224119, 98.76084262701363, 98.79951980792316, 98.6784140969163, 98.86621315192744, 98.77899877899878, 98.89135254988913, 98.7864077669903, 98.87514060742407, 98.7485779294653, 94.79830148619958, 98.91774891774891, 94.53551912568307, 98.8009592326139, 98.63325740318906, 98.8133764832794, 98.60515021459227, 94.46254071661238, 98.51301115241635, 98.82903981264637, 98.56985698569856, 94.56762749445676, 98.5244040862656, 99.05992949471211, 98.87766554433222, 98.82903981264637, 98.60788863109049, 94.71982758620689, 94.96402877697841, 98.89502762430939, 94.72016895459345, 98.92008639308855, 98.89502762430939, 98.81593110871906, 94.63364293085655, 94.994994994995, 98.84575026232949, 94.94079655543595, 98.51063829787235, 98.80823401950163, 98.76543209876543, 98.54469854469855, 94.55852156057495, 94.72636815920397], "recall": [62.77777777777778, 92.87037037037037, 94.25925925925925, 93.7962962962963, 91.2962962962963, 77.12962962962962, 77.31481481481481, 77.5925925925926, 77.87037037037037, 77.5, 77.5925925925926, 77.4074074074074, 78.61111111111111, 80.37037037037037, 78.51851851851852, 88.42592592592592, 81.2037037037037, 78.51851851851852, 80.74074074074075, 80.37037037037037, 83.05555555555556, 83.24074074074073, 83.14814814814815, 80.46296296296296, 80.46296296296296, 80.64814814814815, 80.55555555555556, 80.55555555555556, 80.64814814814815, 80.64814814814815, 80.46296296296296, 80.37037037037037, 80.55555555555556, 80.64814814814815, 80.74074074074075, 80.64814814814815, 80.55555555555556, 80.46296296296296, 80.55555555555556, 80.37037037037037, 80.27777777777779, 80.37037037037037, 80.74074074074075, 80.55555555555556, 80.18518518518518, 80.92592592592592, 80.92592592592592, 78.14814814814814, 78.42592592592592, 81.2037037037037, 80.37037037037037, 80.0925925925926, 75.64814814814815, 77.87037037037037, 80.64814814814815, 80.27777777777779, 80.46296296296296, 73.79629629629629, 76.20370370370371, 82.96296296296296, 80.74074074074075, 74.9074074074074, 82.5925925925926, 75.37037037037037, 81.38888888888889, 80.37037037037037, 82.68518518518519, 84.62962962962963, 80.0925925925926, 76.29629629629629, 80.18518518518518, 84.81481481481481, 85.0925925925926, 80.55555555555556, 73.61111111111111, 78.14814814814814, 82.96296296296296, 78.98148148148148, 80.37037037037037, 78.05555555555556, 81.57407407407408, 78.14814814814814, 78.70370370370371, 81.38888888888889, 85.55555555555556, 82.87037037037037, 83.05555555555556, 84.81481481481481, 82.87037037037037, 85.0, 84.9074074074074, 87.87037037037037, 87.22222222222223, 81.66666666666667, 85.74074074074073, 84.44444444444444, 81.48148148148148, 87.77777777777777, 85.27777777777777, 88.14814814814815],