{"loss": [0.33817120393117267, 0.21973029772440592, 0.36812596519788104, 0.12373009572426479, 0.17492288847764334, 0.10692313065131505, 0.10272709528605144, 0.09241391966740291, 0.09527970850467682, 0.08910977592070897, 0.09542112549146016, 0.08906248211860657, 0.08941947917143504, 0.10155625641345978, 0.08786507447560628, 0.09301814933617909, 0.0898540789882342, 0.09730863571166992, 0.09597659111022949, 0.09731201082468033, 0.08520759145418803, 0.08609145134687424, 0.08546597013870876, 0.08879865209261577, 0.08787775536378224, 0.09378970414400101, 0.10008235772450765, 0.10033617665370305, 0.09397260348002116, 0.09773510197798412, 0.09191640714804332, 0.09290220588445663, 0.09796251356601715, 0.11263875663280487, 0.08132380743821462, 0.09161614874998729, 0.10320956508318584, 0.09323002149661382, 0.10317740092674892, 0.10007871439059575, 0.10032892227172852, 0.09357859442631404, 0.09354080508152644, 0.09144575397173564, 0.11382720619440079, 0.11192299177249272, 0.09565817813078563, 0.09602359185616176, 0.0968140388528506, 0.0954064354300499, 0.09556498875220616, 0.09888688723246257, 0.10511079430580139, 0.1033898542324702, 0.09438544263442357, 0.08702763666709264, 0.1025467316309611, 0.09420815855264664, 0.10258038341999054, 0.09277446568012238, 0.09091143310070038, 0.09029386192560196, 0.09328032284975052, 0.09624147415161133, 0.09563343475262324, 0.10274661829074223, 0.09361798812945683, 0.09199666976928711, 0.08849090586105983, 0.08801310261090596, 0.09790064146121343, 0.09519395728905995, 0.10042381783326466, 0.09056950608889262, 0.09450154503186543, 0.09995922694603603, 0.09639689822991689, 0.09935543189446132, 0.09722431500752766, 0.08975683897733688, 0.08794839680194855, 0.09367128709952037, 0.09744444241126378, 0.08804024507602055, 0.0903147632877032, 0.1012801080942154, 0.0936033104856809, 0.0912955030798912, 0.09134948750336964, 0.09655892476439476, 0.09144680202007294, 0.09311536699533463, 0.08973195652167003, 0.09032375365495682, 0.09881881127754848, 0.09573717166980107, 0.09820299098889033, 0.10117295881112416, 0.09148930509885152, 0.08358908196290334], "accuracy": [83.19442081986732, 95.76458581391392, 72.56336111583603, 97.41452627997958, 97.39751658445314, 97.38050688892669, 97.44854567103249, 97.39751658445314, 97.39751658445314, 97.36349719340024, 97.44854567103249, 97.46555536655895, 97.55060384419119, 97.53359414866473, 97.53359414866473, 97.5165844531383, 97.49957475761184, 97.60163293077053, 97.61864262629699, 97.48256506208538, 97.56761353971764, 97.66967171287634, 97.55060384419119, 97.56761353971764, 97.53359414866473, 97.5165844531383, 97.5846232352441, 97.5165844531383, 97.63565232182344, 97.61864262629699, 97.63565232182344, 97.49957475761184, 97.5165844531383, 97.44854567103249, 97.68668140840279, 97.65266201734988, 97.60163293077053, 97.63565232182344, 97.49957475761184, 97.61864262629699, 97.56761353971764, 97.60163293077053, 97.65266201734988, 97.63565232182344, 97.49957475761184, 97.48256506208538, 97.65266201734988, 97.65266201734988, 97.63565232182344, 97.66967171287634, 97.66967171287634, 97.65266201734988, 97.61864262629699, 97.63565232182344, 97.68668140840279, 97.66967171287634, 97.66967171287634, 97.66967171287634, 97.65266201734988, 97.66967171287634, 97.66967171287634, 97.66967171287634, 97.66967171287634, 97.66967171287634, 97.65266201734988, 97.63565232182344, 97.66967171287634, 97.66967171287634, 97.65266201734988, 97.66967171287634, 97.65266201734988, 97.63565232182344, 97.65266201734988, 97.63565232182344, 97.65266201734988, 97.63565232182344, 97.65266201734988, 97.65266201734988, 97.63565232182344, 97.66967171287634, 97.65266201734988, 97.65266201734988, 97.63565232182344, 97.66967171287634, 97.66967171287634, 97.61864262629699, 97.66967171287634, 97.65266201734988, 97.68668140840279, 97.63565232182344, 97.68668140840279, 97.66967171287634, 97.66967171287634, 97.68668140840279, 97.65266201734988, 97.66967171287634, 97.65266201734988, 97.65266201734988, 97.66967171287634, 97.72070079945568], "precision": [100.0, 91.0167818361303, 39.84761904761905, 98.63731656184487, 98.53403141361257, 98.83966244725738, 98.4375, 98.43260188087774, 98.43260188087774, 97.6313079299691, 98.84453781512606, 98.7434554973822, 99.05660377358491, 99.57582184517497, 99.36642027455122, 99.36575052854123, 99.15700737618546, 99.78791092258749, 99.6828752642706, 99.78632478632478, 98.85297184567257, 99.68387776606956, 99.05660377358491, 98.75130072840791, 98.85057471264368, 99.26160337552743, 99.36842105263159, 99.68085106382979, 99.57850368809274, 99.6828752642706, 99.7883597883598, 99.68051118210862, 99.8931623931624, 99.89270386266095, 99.57983193277312, 99.78858350951374, 99.89373007438896, 99.7883597883598, 99.89304812834224, 99.89384288747345, 99.36775553213909, 99.68253968253968, 99.78858350951374, 99.68321013727561, 99.89304812834224, 99.89293361884368, 99.78858350951374, 99.78858350951374, 99.68321013727561, 99.78880675818374, 99.68387776606956, 99.89406779661016, 99.78813559322035, 99.7883597883598, 99.78902953586498, 99.78880675818374, 99.89417989417989, 99.78880675818374, 99.89406779661016, 99.78880675818374, 99.78880675818374, 99.78880675818374, 99.68387776606956, 99.89417989417989, 99.78858350951374, 99.7883597883598, 99.68387776606956, 99.78880675818374, 99.57894736842105, 99.78880675818374, 99.78858350951374, 99.68321013727561, 99.78858350951374, 99.57850368809274, 99.78858350951374, 99.7883597883598, 99.68354430379746, 99.78858350951374, 99.7883597883598, 99.68387776606956, 99.57894736842105, 99.57894736842105, 99.68321013727561, 99.57939011566772, 99.68387776606956, 99.78813559322035, 99.68387776606956, 99.68354430379746, 99.68421052631578, 99.68321013727561, 99.68421052631578, 99.68387776606956, 99.68387776606956, 99.68421052631578, 99.89406779661016, 99.68387776606956, 99.78858350951374, 99.68354430379746, 99.68387776606956, 99.47698744769873], "recall": [8.518518518518519, 85.37037037037038, 96.85185185185186, 87.12962962962963, 87.12962962962963, 86.75925925925925, 87.5, 87.22222222222223, 87.22222222222223, 87.77777777777777, 87.12962962962963, 87.31481481481481, 87.5, 86.94444444444444, 87.12962962962963, 87.03703703703704, 87.12962962962963, 87.12962962962963, 87.31481481481481, 86.48148148148148, 87.77777777777777, 87.5925925925926, 87.5, 87.87037037037037, 87.5925925925926, 87.12962962962963, 87.4074074074074, 86.75925925925925, 87.5, 87.31481481481481, 87.31481481481481, 86.66666666666667, 86.57407407407408, 86.20370370370371, 87.77777777777777, 87.4074074074074, 87.03703703703704, 87.31481481481481, 86.48148148148148, 87.12962962962963, 87.31481481481481, 87.22222222222223, 87.4074074074074, 87.4074074074074, 86.48148148148148, 86.38888888888889, 87.4074074074074, 87.4074074074074, 87.4074074074074, 87.5, 87.5925925925926, 87.31481481481481, 87.22222222222223, 87.31481481481481, 87.5925925925926, 87.5, 87.4074074074074, 87.5, 87.31481481481481, 87.5, 87.5, 87.5, 87.5925925925926, 87.4074074074074, 87.4074074074074, 87.31481481481481, 87.5925925925926, 87.5, 87.5925925925926, 87.5, 87.4074074074074, 87.4074074074074, 87.4074074074074, 87.5, 87.4074074074074, 87.31481481481481, 87.5, 87.4074074074074, 87.31481481481481, 87.5925925925926, 87.5925925925926, 87.5925925925926, 87.4074074074074, 87.68518518518519, 87.5925925925926, 87.22222222222223, 87.5925925925926, 87.5, 87.68518518518519, 87.4074074074074, 87.68518518518519, 87.5925925925926, 87.5925925925926, 87.68518518518519, 87.31481481481481, 87.5925925925926, 87.4074074074074, 87.5, 87.5925925925926, 88.05555555555556],