{"loss": [0.5981473922729492, 0.6306806604067484, 1.0104924440383911, 0.9910287658373514, 1.0734591484069824, 1.0050069689750671, 1.0104347070058186, 0.7180278698603312, 0.8173970580101013, 0.5568022926648458, 0.7519053220748901, 0.7278675436973572, 0.8334173957506815, 0.7628357410430908, 0.6022136807441711, 0.5235260128974915, 0.5081463058789571, 0.3974125583966573, 0.5633058945337931, 0.48972394069035846, 0.49174700180689496, 0.4893401364485423, 0.42094730337460834, 0.6580833792686462, 0.38927032550175983, 0.5979443788528442, 0.5013737181822459, 0.4371919433275859, 0.38192832469940186, 0.4307885368665059, 0.33065319061279297, 0.5025109350681305, 0.38411447405815125, 0.5270830194155375, 0.44864700237909955, 0.3747538427511851, 0.37534430623054504, 0.4465235670407613, 0.38537545998891193, 0.37037070592244464, 0.3916793962319692, 0.6260570089022318, 0.43848637739817303, 0.5386866927146912, 0.39723093310991925, 0.3537818690141042, 0.4382045368353526, 0.4581039647261302, 0.36154137055079144, 0.4323384662469228, 0.4298449953397115, 0.40067487955093384, 0.3987806836764018, 0.31581389904022217, 0.4062030613422394, 0.37550992767016095, 0.3295164306958516, 0.45855845014254254, 0.4374735156695048, 0.3899443745613098, 0.39968626697858173, 0.3388219078381856, 0.4166784385840098, 0.4825761119524638, 0.3961552580197652, 0.40074388186136883, 0.3605353534221649, 0.3939249515533447, 0.5021799008051554, 0.42232462763786316, 0.3598318596680959, 0.423180490732193, 0.34971412022908527, 0.4184034466743469, 0.46128515402475995, 0.4336298207441966, 0.45406119028727215, 0.49151328206062317, 0.36396188537279767, 0.3588045338789622, 0.39040931065877277, 0.27607105175654095, 0.2956124146779378, 0.4969305396080017, 0.35089318950970966, 0.3715007205804189, 0.364672193924586, 0.3497525254885356, 0.3174688220024109, 0.2917849123477936, 0.362936794757843, 0.3038024107615153, 0.3113250235716502, 0.25829997658729553, 0.1857443501551946, 0.19195390741030374, 0.11690246810515721, 0.13381108144919077, 0.09309281160434087, 0.10406720638275146], "accuracy": [81.62952883143392, 18.370471168566084, 18.370471168566084, 18.370471168566084, 18.387480864092534, 18.523558428304135, 18.897771729886035, 50.55281510460963, 58.10511991835346, 66.89913250552816, 57.67987753019221, 48.12042864432727, 48.00136077564212, 48.15444803538016, 53.12127912910359, 59.92515733968362, 61.23490389522028, 68.2428984521177, 56.81238305834326, 68.2088790610648, 68.90627657764927, 68.65113114475251, 69.90984861370981, 69.80779044055112, 70.16499404660657, 69.90984861370981, 69.92685830923627, 69.84180983160401, 70.28406191529172, 70.02891648239496, 69.84180983160401, 69.72274196291886, 70.26705221976526, 69.17843170607246, 70.11396496002722, 70.25004252423882, 70.04592617792142, 70.33509100187106, 70.40312978397687, 70.35210069739752, 70.16499404660657, 70.01190678686852, 70.53920734818847, 70.38612008845041, 70.65827521687362, 70.96444973634972, 70.43714917502977, 70.60724613029427, 70.50518795713556, 70.21602313318591, 70.93043034529681, 70.76033339003232, 70.89641095424392, 71.10052730056132, 70.91342064977037, 70.52219765266202, 70.84538186766457, 70.48817826160912, 70.62425582582071, 70.52219765266202, 70.67528491240007, 70.99846912740261, 71.01547882292907, 70.62425582582071, 70.87940125871746, 70.86239156319103, 70.99846912740261, 71.03248851845552, 70.99846912740261, 71.08351760503487, 71.10052730056132, 71.15155638714067, 71.10052730056132, 71.01547882292907, 71.03248851845552, 71.04949821398196, 70.98145943187617, 70.98145943187617, 71.08351760503487, 71.10052730056132, 71.13454669161422, 71.08351760503487, 71.06650790950842, 71.10052730056132, 71.03248851845552, 71.08351760503487, 71.13454669161422, 70.86239156319103, 71.13454669161422, 71.13454669161422, 71.28763395135228, 71.06650790950842, 71.03248851845552, 96.81918693655383, 96.66609967681579, 96.71712876339514, 96.68310937234223, 96.68310937234223, 96.41095424391904, 96.58105119918353], "precision": [0.0, 18.370471168566084, 18.370471168566084, 18.370471168566084, 18.37359646138142, 18.387866394001364, 18.44626967830253, 26.92599141197272, 30.31596925704526, 35.518394648829435, 30.079230333899265, 25.963884821864326, 25.896122896854422, 25.95307917888563, 27.94736842105263, 31.22424955856386, 31.948208370972598, 36.473014781711925, 29.628595364423344, 36.44795602885607, 36.96864111498258, 36.76725633021158, 37.735849056603776, 37.65541740674956, 37.929799426934096, 37.72711079444247, 37.74055595153243, 37.682189832918596, 38.025134649910235, 37.82142857142857, 37.65586034912718, 37.64124293785311, 38.07142857142857, 37.166900420757365, 37.94944820220719, 37.997847147470395, 37.83494105037513, 38.11739441660701, 38.120950323974085, 38.07982740021575, 37.96428571428571, 37.89436370081531, 38.30703012912482, 38.192211504108606, 38.37837837837838, 38.5792349726776, 38.22476735862563, 38.362068965517246, 38.27956989247312, 38.06474564212024, 38.551146705496905, 38.46986647419704, 38.531443111595785, 38.70025556772544, 38.53711790393013, 38.268056054617325, 38.48110465116279, 38.291026099392205, 38.33393436711143, 38.29329508784511, 38.38383838383838, 38.607364199781266, 38.629737609329446, 38.33393436711143, 38.54242204496012, 38.486722444525284, 38.59072654253377, 38.685070831819836, 38.673432403044586, 38.7436456063907, 38.74954561977463, 38.8243831640058, 38.72495446265938, 38.7038377986966, 38.70148712368516, 38.7400434467777, 38.68402024584237, 38.67583212735167, 38.66959064327485, 38.74136049472535, 38.74498358263408, 38.65300146412884, 38.613861386138616, 38.757718852161275, 38.660356752821265, 38.66959064327485, 38.712038053421146, 38.34254143646409, 38.148290434114486, 38.148290434114486, 38.36140888208269, 38.49573916265284, 38.450129773822766, 98.5854189336235, 98.57142857142858, 98.57612267250822, 98.36065573770492, 98.36065573770492, 98.54748603351955, 98.5635359116022], "recall": [0.0, 100.0, 100.0, 100.0, 100.0, 99.9074074074074, 99.81481481481481, 98.70370370370371, 98.61111111111111, 98.33333333333333, 98.42592592592592, 98.51851851851852, 98.33333333333333, 98.33333333333333, 98.33333333333333, 98.24074074074073, 98.24074074074073, 98.24074074074073, 98.24074074074073, 98.24074074074073, 98.24074074074073, 98.14814814814815, 98.14814814814815, 98.14814814814815, 98.05555555555556, 98.05555555555556, 98.05555555555556, 98.14814814814815, 98.05555555555556, 98.05555555555556, 97.87037037037038, 98.70370370370371, 98.70370370370371, 98.14814814814815, 98.70370370370371, 98.05555555555556, 98.05555555555556, 98.61111111111111, 98.05555555555556, 98.05555555555556, 98.42592592592592, 98.98148148148148, 98.88888888888889, 98.98148148148148, 98.61111111111111, 98.05555555555556, 98.88888888888889, 98.88888888888889, 98.88888888888889, 99.07407407407408, 98.05555555555556, 98.70370370370371, 98.14814814814815, 98.14814814814815, 98.05555555555556, 98.61111111111111, 98.05555555555556, 99.16666666666667, 98.42592592592592, 98.88888888888889, 98.51851851851852, 98.05555555555556, 98.14814814814815, 98.42592592592592, 98.42592592592592, 97.96296296296296, 97.87037037037038, 98.61111111111111, 98.79629629629629, 98.79629629629629, 98.70370370370371, 99.07407407407408, 98.42592592592592, 98.98148148148148, 98.79629629629629, 99.07407407407408, 99.07407407407408, 98.98148148148148, 97.96296296296296, 98.61111111111111, 98.33333333333333, 97.77777777777777, 97.5, 98.79629629629629, 98.33333333333333, 97.96296296296296, 97.96296296296296, 96.38888888888889, 91.94444444444444, 91.94444444444444, 92.77777777777779, 96.2037037037037, 96.01851851851852, 83.88888888888889, 83.05555555555556, 83.33333333333334, 83.33333333333334, 83.33333333333334, 81.66666666666667, 82.5925925925926],