{"loss": [0.47499094406763714, 0.45282474160194397, 0.4756172001361847, 0.5001010398070017, 0.454498956600825, 0.49265414476394653, 0.423717459042867, 0.47651411096254986, 0.39490893483161926, 0.4091273943583171, 0.31461002429326373, 0.3378755847613017, 0.3109440207481384, 0.38781238595644635, 0.33643747369448346, 0.36138254404067993, 0.36793361107508343, 0.40100496013959247, 0.37087008357048035, 0.39641550183296204, 0.3659585813681285, 0.48026368021965027, 0.4248482584953308, 0.4942137996355693, 0.3654223581155141, 0.49575968583424884, 0.517815371354421, 0.47493146856625873, 0.3942048251628876, 0.44334707657496136, 0.4922909339269002, 0.3642883896827698, 0.4594520926475525, 0.5121896664301554, 0.41828299562136334, 0.46091752250989276, 0.37083418170611065, 0.49659887949625653, 0.39952409267425537, 0.43651024500528973, 0.4404134353001912, 0.4802264968554179, 0.40767354766527814, 0.5137102007865906, 0.3274203836917877, 0.40481339891751605, 0.3702354431152344, 0.38416600227355957, 0.36566739281018573, 0.34895873069763184, 0.35054486989974976, 0.35601964592933655, 0.32210808992385864, 0.31982117891311646, 0.37184091409047443, 0.3536575734615326, 0.33548781275749207, 0.32648298144340515, 0.32215210795402527, 0.3041059573491414, 0.36187872290611267, 0.3561261097590129, 0.30466318130493164, 0.3010493914286296, 0.33123589555422467, 0.3081588347752889, 0.2728268504142761, 0.2969609200954437, 0.2799432973066966, 0.2862470746040344, 0.2648397833108902, 0.24319800237814584, 0.2814365526040395, 0.26662129163742065, 0.27699824174245197, 0.2354261726140976, 0.2409337361653646, 0.26199971139431, 0.2778310179710388, 0.2512081563472748, 0.2425461212793986, 0.2442233661810557, 0.2556571116050084, 0.27534230550130206, 0.2681076427300771, 0.24873259663581848, 0.248858908812205, 0.248029425740242, 0.24344650407632193, 0.273480882247289, 0.23808213571707407, 0.24070316553115845, 0.2145537535349528, 0.24945281942685446, 0.22549744447072348, 0.23918411135673523, 0.22300752500693002, 0.26337068279584247, 0.2079712450504303, 0.2073854754368464], "accuracy": [81.62952883143392, 83.21143051539377, 83.70471168566083, 83.72172138118728, 85.13352610988264, 84.14696376934853, 86.49430175199863, 84.69127402619493, 87.65096104779724, 90.55961898282021, 92.27759823099167, 92.24357883993876, 91.71627827861882, 89.607076033339, 92.15853036230652, 92.05647218914781, 89.8792311617622, 91.0699098486137, 92.05647218914781, 90.78074502466406, 90.50858989624086, 88.8926688212281, 89.1648239496513, 87.99115495832625, 88.46742643306685, 80.76203435958496, 80.08164653852695, 87.9401258717469, 90.1513862901854, 90.03231842150025, 89.8111923796564, 91.15495832624596, 90.49158020071441, 88.9607076033339, 91.44412315019561, 90.93383228440211, 92.07348188467427, 84.40210920224528, 91.59721040993367, 91.15495832624596, 90.96785167545501, 89.1648239496513, 90.86579350229631, 75.3699608777003, 92.58377275046777, 91.10392923966661, 91.25701649940466, 90.91682258887566, 92.22656914441231, 92.02245279809492, 91.92039462493621, 91.42711345466917, 92.78788909678516, 92.48171457730906, 91.81833645177751, 92.51573396836197, 92.03946249362136, 92.26058853546522, 91.47814254124852, 92.49872427283552, 91.86936553835686, 91.6142201054601, 92.05647218914781, 92.07348188467427, 91.85235584283042, 92.99200544310257, 92.41367579520326, 92.99200544310257, 92.58377275046777, 93.00901513862902, 93.24715087599932, 94.21670352100698, 93.14509270284061, 92.78788909678516, 93.11107331178772, 93.28117026705222, 92.88994726994387, 93.45126722231672, 91.56319101888076, 92.99200544310257, 93.16210239836707, 93.57033509100187, 91.86936553835686, 92.31161762204457, 93.06004422520837, 93.50229630889606, 93.09406361626127, 93.45126722231672, 93.28117026705222, 91.85235584283042, 93.45126722231672, 92.61779214152067, 93.46827691784317, 92.36264670862391, 93.50229630889606, 92.27759823099167, 93.55332539547543, 92.24357883993876, 93.46827691784317, 93.45126722231672], "precision": [0.0, 100.0, 100.0, 100.0, 100.0, 100.0, 99.3103448275862, 100.0, 98.36065573770492, 92.13483146067416, 93.71508379888269, 91.48936170212765, 93.79615952732644, 90.92495636998254, 94.40459110473458, 93.35219236209336, 92.32111692844677, 88.5952712100139, 92.98737727910238, 86.05898123324397, 85.17520215633422, 74.17893544733862, 77.51552795031056, 71.15384615384616, 74.45255474452554, 48.03088803088803, 46.38602065131057, 71.44508670520231, 83.00395256916995, 80.1955990220049, 79.08101571946796, 89.54802259887006, 83.4403080872914, 75.02903600464576, 87.03465982028241, 86.81022880215343, 88.375, 56.86604886267902, 87.66066838046272, 84.82587064676616, 83.27272727272728, 75.54786620530565, 85.7707509881423, 40.11815252416756, 92.03655352480418, 81.90148911798396, 86.0969387755102, 86.20689655172413, 85.76349024110218, 90.3566710700132, 86.84531059683313, 87.5, 92.93193717277487, 90.8974358974359, 88.64516129032258, 92.7807486631016, 89.33161953727506, 90.53177691309988, 93.01634472511144, 90.08782936010039, 89.19270833333334, 85.48972188633616, 91.5875169606513, 89.66408268733849, 92.14586255259466, 90.04796163069544, 92.26666666666667, 89.29411764705883, 91.17647058823529, 88.85017421602788, 91.79926560587516, 94.36450839328538, 92.90240811153359, 89.14081145584726, 89.65922444183315, 92.75905118601749, 90.3658536585366, 93.06071871127634, 78.3495145631068, 93.37662337662339, 92.375, 94.65648854961832, 85.91885441527445, 88.19951338199513, 91.48148148148148, 92.14975845410628, 90.89805825242718, 90.83431257344301, 92.86608260325406, 84.10896708286039, 93.71069182389937, 85.18518518518519, 93.39152119700748, 84.9390919158361, 91.64677804295943, 84.0958605664488, 91.38134592680048, 84.28571428571429, 91.72661870503596, 91.51732377538829], "recall": [0.0, 8.61111111111111, 11.296296296296296, 11.38888888888889, 19.074074074074073, 13.703703703703704, 26.666666666666668, 16.666666666666664, 33.33333333333333, 53.148148148148145, 62.12962962962963, 63.70370370370371, 58.79629629629629, 48.24074074074074, 60.92592592592593, 61.111111111111114, 48.98148148148148, 58.98148148148148, 61.38888888888889, 59.44444444444444, 58.51851851851851, 60.64814814814815, 57.77777777777777, 58.24074074074074, 56.666666666666664, 57.592592592592595, 54.074074074074076, 57.22222222222222, 58.333333333333336, 60.74074074074074, 60.55555555555555, 58.7037037037037, 60.18518518518518, 59.81481481481481, 62.77777777777778, 59.72222222222222, 65.46296296296296, 62.5, 63.14814814814815, 63.14814814814815, 63.61111111111111, 60.64814814814815, 60.27777777777777, 69.16666666666667, 65.27777777777779, 66.20370370370371, 62.5, 60.18518518518518, 69.16666666666667, 63.33333333333333, 66.01851851851852, 62.22222222222222, 65.74074074074075, 65.64814814814814, 63.61111111111111, 64.25925925925927, 64.35185185185185, 64.62962962962962, 57.96296296296296, 66.48148148148148, 63.42592592592593, 65.46296296296296, 62.5, 64.25925925925927, 60.83333333333333, 69.53703703703704, 64.07407407407408, 70.27777777777777, 66.01851851851852, 70.83333333333334, 69.44444444444444, 72.87037037037038, 67.87037037037037, 69.16666666666667, 70.64814814814815, 68.7962962962963, 68.61111111111111, 69.53703703703704, 74.72222222222223, 66.57407407407408, 68.42592592592592, 68.88888888888889, 66.66666666666666, 67.12962962962963, 68.61111111111111, 70.64814814814815, 69.35185185185185, 71.57407407407408, 68.7037037037037, 68.61111111111111, 68.98148148148148, 72.4074074074074, 69.35185185185185, 71.01851851851852, 71.11111111111111, 71.48148148148148, 71.66666666666667, 71.01851851851852, 70.83333333333334, 70.92592592592592],