{"loss": [0.6919326782226562, 0.5938454469045004, 0.6025854746500651, 0.33867905537287396, 0.24536650876204172, 0.24499298632144928, 0.1906838317712148, 0.1961155285437902, 0.1698082834482193, 0.1558862179517746, 0.16425602634747824, 0.18520610531171164, 0.22321905195713043, 0.25567793349425, 0.2683745523293813, 0.22302227715651193, 0.49989771842956543, 0.21542046964168549, 0.21952620645364126, 0.15782069663206735, 0.8800139625867208, 0.23205576340357462, 0.17320925990740457, 0.32999856273333233, 0.12120457738637924, 0.12595349550247192, 0.13740524152914682, 0.13519823302825293, 0.13723348329464594, 0.13173139840364456, 0.1629003385702769, 0.12675237158934274, 0.11751974870761235, 0.1300666332244873, 0.1922984222571055, 0.10254193594058354, 0.2218549350897471, 0.09981932491064072, 0.09335153549909592, 0.11370053887367249, 0.09441622098286946, 0.10148598998785019, 0.10463114827871323, 0.0901531105240186, 0.1055077537894249, 0.08594843248526256, 0.09433165192604065, 0.09298757215340932, 0.10764377315839131, 0.09249769151210785, 0.08843044439951579, 0.09144679705301921, 0.08482810606559117, 0.08656411617994308, 0.10967306047677994, 0.09020901223023732, 0.08709632108608882, 0.08513111621141434, 0.08534968892733256, 0.0925321231285731, 0.08422281096378963, 0.08301087220509847, 0.08600865552822749, 0.08506386478741963, 0.08486464867989223, 0.08463859061400096, 0.08940460532903671, 0.08409911145766576, 0.5827246904373169, 0.10284033914407094, 0.08766971776882808, 0.08689090361197789, 0.08430705219507217, 0.0899960845708847, 0.09291451672712962, 0.09850554416577022, 0.08815423150857289, 0.08884321649869283, 0.08505961795647939, 0.11447367320458095, 0.08812782416741054, 0.08445994804302852, 0.09113449851671855, 0.09144710501035054, 0.09178820997476578, 0.08530091494321823, 0.0966921200354894, 0.0842152660091718, 0.09371133893728256, 0.08789452165365219, 0.08178838590780894, 0.09036410103241603, 0.08653543889522552, 0.12434332569440205, 0.08536750574906667, 0.13957242170969644, 0.1009800856312116, 0.08802519490321477, 0.08780493338902791, 0.09317384908596675], "accuracy": [52.10069739751658, 68.29392753869706, 69.09338322844022, 69.24647048817826, 95.50944038101719, 95.56046946759653, 95.57747916312297, 95.78159550944038, 95.76458581391392, 94.89709134206498, 95.57747916312297, 95.57747916312297, 95.54345977207008, 95.62850824970234, 95.64551794522878, 96.24085728865454, 71.67885694846062, 96.22384759312808, 96.20683789760163, 96.25786698418098, 72.17213811872767, 96.25786698418098, 96.22384759312808, 72.44429324715088, 96.59806089470999, 96.53002211260419, 96.59806089470999, 96.47899302602484, 96.51301241707773, 96.54703180813064, 96.42796393944549, 96.66609967681579, 96.63208028576288, 96.56404150365708, 96.63208028576288, 96.68310937234223, 96.58105119918353, 96.93825480523898, 97.68668140840279, 96.88722571865964, 97.09134206497704, 97.75472019050859, 97.09134206497704, 97.78873958156149, 97.72070079945568, 97.77172988603505, 97.65266201734988, 97.68668140840279, 97.48256506208538, 97.63565232182344, 97.65266201734988, 97.72070079945568, 97.78873958156149, 97.80574927708794, 97.10835176050348, 97.75472019050859, 97.87378805919374, 97.68668140840279, 97.72070079945568, 97.60163293077053, 97.77172988603505, 97.83976866814083, 97.75472019050859, 97.78873958156149, 97.87378805919374, 97.85677836366729, 97.80574927708794, 97.8227589726144, 73.48188467426434, 96.70011906786868, 97.83976866814083, 97.87378805919374, 97.92481714577309, 97.8227589726144, 97.41452627997958, 97.00629358734479, 97.83976866814083, 97.39751658445314, 97.83976866814083, 97.22741962918863, 97.85677836366729, 97.8907977547202, 97.5846232352441, 97.32947780234734, 97.22741962918863, 97.46555536655895, 97.17639054260928, 97.90780745024664, 97.09134206497704, 97.41452627997958, 97.8227589726144, 97.43153597550604, 97.48256506208538, 96.24085728865454, 97.60163293077053, 97.49957475761184, 97.46555536655895, 97.48256506208538, 97.49957475761184, 97.48256506208538], "precision": [26.963906581740975, 36.01997146932953, 36.61460225208863, 36.75400291120815, 89.38223938223938, 89.71871968962174, 91.75152749490834, 92.19066937119675, 92.79093717816684, 93.33333333333333, 93.71002132196162, 93.52441613588111, 93.32627118644068, 93.27024185068349, 93.36842105263158, 91.4975845410628, 38.72832369942196, 91.0919540229885, 91.24157844080847, 91.42581888246627, 39.42161339421613, 91.42581888246627, 91.32947976878613, 39.71820258948972, 91.82509505703422, 91.95402298850574, 92.47104247104248, 91.77033492822967, 91.62702188392008, 91.64292497625831, 90.96045197740112, 92.0952380952381, 91.76136363636364, 90.79925650557621, 91.29213483146067, 91.39382600561272, 90.65679925994449, 92.61363636363636, 96.91848906560637, 91.7986952469711, 93.16239316239316, 96.93069306930693, 93.08056872037915, 96.84418145956607, 96.46365422396856, 97.2139303482587, 96.2671905697446, 96.45669291338582, 95.15503875968993, 96.26352015732547, 96.2671905697446, 96.64694280078896, 97.12301587301587, 97.21946375372393, 93.25095057034221, 96.83794466403161, 97.51243781094527, 97.01195219123507, 97.39478957915831, 95.89442815249268, 97.02675916749257, 97.79338014042126, 97.30538922155688, 96.93675889328063, 97.4180734856008, 97.98792756539235, 97.5975975975976, 97.98387096774194, 40.83429008802143, 97.8401727861771, 97.50747756729811, 97.7022977022977, 97.99599198396794, 97.31610337972168, 94.87427466150871, 98.08510638297872, 97.8894472361809, 95.57522123893806, 97.50747756729811, 93.8755980861244, 97.4155069582505, 97.99196787148594, 95.80078125, 94.4177093358999, 94.47138700290981, 95.77187807276303, 94.1119691119691, 98.284561049445, 93.49282296650718, 95.40117416829746, 98.17813765182186, 94.87922705314008, 95.15503875968993, 92.39881539980257, 95.89442815249268, 95.33527696793003, 95.15033947623667, 95.41910331384015, 95.51219512195121, 95.3307392996109], "recall": [94.07407407407408, 93.51851851851852, 93.33333333333333, 93.51851851851852, 85.74074074074073, 85.64814814814815, 83.42592592592592, 84.16666666666667, 83.42592592592592, 77.77777777777779, 81.38888888888889, 81.57407407407408, 81.57407407407408, 82.12962962962963, 82.12962962962963, 87.68518518518519, 93.05555555555556, 88.05555555555556, 87.77777777777777, 87.87037037037037, 95.92592592592592, 87.87037037037037, 87.77777777777777, 96.57407407407408, 89.44444444444444, 88.88888888888889, 88.70370370370371, 88.79629629629629, 89.16666666666667, 89.35185185185185, 89.44444444444444, 89.53703703703704, 89.72222222222223, 90.46296296296296, 90.27777777777779, 90.46296296296296, 90.74074074074075, 90.55555555555556, 90.27777777777779, 91.20370370370371, 90.83333333333333, 90.64814814814814, 90.92592592592592, 90.92592592592592, 90.92592592592592, 90.46296296296296, 90.74074074074075, 90.74074074074075, 90.92592592592592, 90.64814814814814, 90.74074074074075, 90.74074074074075, 90.64814814814814, 90.64814814814814, 90.83333333333333, 90.74074074074075, 90.74074074074075, 90.18518518518519, 90.0, 90.83333333333333, 90.64814814814814, 90.27777777777779, 90.27777777777779, 90.83333333333333, 90.83333333333333, 90.18518518518519, 90.27777777777779, 90.0, 98.79629629629629, 83.88888888888889, 90.55555555555556, 90.55555555555556, 90.55555555555556, 90.64814814814814, 90.83333333333333, 85.37037037037038, 90.18518518518519, 90.0, 90.55555555555556, 90.83333333333333, 90.74074074074075, 90.37037037037037, 90.83333333333333, 90.83333333333333, 90.18518518518519, 90.18518518518519, 90.27777777777779, 90.18518518518519, 90.46296296296296, 90.27777777777779, 89.81481481481481, 90.92592592592592, 90.92592592592592, 86.66666666666667, 90.83333333333333, 90.83333333333333, 90.83333333333333, 90.64814814814814, 90.64814814814814, 90.74074074074075],