{"loss": [0.49693117539087933, 0.49724331498146057, 0.4972675641377767, 0.49707404772440594, 0.49688050150871277, 0.4971465865770976, 0.4961305459340413, 0.49688056111335754, 0.49644504984219867, 0.4967111349105835, 0.49746108055114746, 0.4972917040189107, 0.49692894021670025, 0.4964208702246348, 0.49688056111335754, 0.4969772497812907, 0.4969531198342641, 0.49659021695454914, 0.4967837731043498, 0.49644498030344647, 0.4972917139530182, 0.4968562722206116, 0.4973401029904683, 0.4969288806120555, 0.49724329511324566, 0.49743689099947613, 0.49649343887964886, 0.4971465468406677, 0.4971949557463328, 0.49741268157958984, 0.49719494581222534, 0.4965902070204417, 0.49724337458610535, 0.496928870677948, 0.49721912542978924, 0.4970981975396474, 0.4969772199789683, 0.4971223870913188, 0.49707403779029846, 0.4967112143834432, 0.4966144065062205, 0.4971466362476349, 0.49721916516621906, 0.49680793285369873, 0.496880571047465, 0.49668702483177185, 0.49683211247126263, 0.4969046314557393, 0.4975336293379466, 0.49719493587811786, 0.49697725971539813, 0.49782391389211017, 0.49763038754463196, 0.4969046413898468, 0.49704985817273456, 0.49685630202293396, 0.4973643521467845, 0.4971224168936412, 0.496638556321462, 0.49649346868197125, 0.49666277567545575, 0.4964208702246348, 0.49767884612083435, 0.49724331498146057, 0.4973643124103546, 0.49741267164548236, 0.496324102083842, 0.4967111647129059, 0.49707404772440594, 0.4967353542645772, 0.4972917636235555, 0.49704983830451965, 0.4969530502955119, 0.49661441644032794, 0.4963241219520569, 0.49651766816775006, 0.49700141946474713, 0.4971707860628764, 0.49680789311726886, 0.49731584390004474, 0.49717076619466144, 0.4966144065062205, 0.497267484664917, 0.4975578387578328, 0.49704978863398236, 0.4973400831222534, 0.4969530403614044, 0.497170756260554, 0.4973401129245758, 0.4963724712530772, 0.4973401625951131, 0.49683210253715515, 0.49688048164049786, 0.4967595438162486, 0.4964692493279775, 0.49666279554367065, 0.4971949855486552, 0.49680795272191364, 0.49697718024253845, 0.4966869056224823], "accuracy": [81.62952883143392, 81.62952883143392, 81.62952883143392, 81.62952883143392, 81.62952883143392, 81.62952883143392, 81.62952883143392, 81.62952883143392, 81.62952883143392, 81.62952883143392, 81.62952883143392, 81.62952883143392, 81.62952883143392, 81.62952883143392, 81.62952883143392, 81.62952883143392, 81.62952883143392, 81.62952883143392, 81.62952883143392, 81.62952883143392, 81.62952883143392, 81.62952883143392, 81.62952883143392, 81.62952883143392, 81.62952883143392, 81.62952883143392, 81.62952883143392, 81.62952883143392, 81.62952883143392, 81.62952883143392, 81.62952883143392, 81.62952883143392, 81.62952883143392, 81.62952883143392, 81.62952883143392, 81.62952883143392, 81.62952883143392, 81.62952883143392, 81.62952883143392, 81.62952883143392, 81.62952883143392, 81.62952883143392, 81.62952883143392, 81.62952883143392, 81.62952883143392, 81.62952883143392, 81.62952883143392, 81.62952883143392, 81.62952883143392, 81.62952883143392, 81.62952883143392, 81.62952883143392, 81.62952883143392, 81.62952883143392, 81.62952883143392, 81.62952883143392, 81.62952883143392, 81.62952883143392, 81.62952883143392, 81.62952883143392, 81.62952883143392, 81.62952883143392, 81.62952883143392, 81.62952883143392, 81.62952883143392, 81.62952883143392, 81.62952883143392, 81.62952883143392, 81.62952883143392, 81.62952883143392, 81.62952883143392, 81.62952883143392, 81.62952883143392, 81.62952883143392, 81.62952883143392, 81.62952883143392, 81.62952883143392, 81.62952883143392, 81.62952883143392, 81.62952883143392, 81.62952883143392, 81.62952883143392, 81.62952883143392, 81.62952883143392, 81.62952883143392, 81.62952883143392, 81.62952883143392, 81.62952883143392, 81.62952883143392, 81.62952883143392, 81.62952883143392, 81.62952883143392, 81.62952883143392, 81.62952883143392, 81.62952883143392, 81.62952883143392, 81.62952883143392, 81.62952883143392, 81.62952883143392, 81.62952883143392], "precision": [0.0, 0.0, 0.0, 0.0, 0.0, 0.0, 0.0, 0.0, 0.0, 0.0, 0.0, 0.0, 0.0, 0.0, 0.0, 0.0, 0.0, 0.0, 0.0, 0.0, 0.0, 0.0, 0.0, 0.0, 0.0, 0.0, 0.0, 0.0, 0.0, 0.0, 0.0, 0.0, 0.0, 0.0, 0.0, 0.0, 0.0, 0.0, 0.0, 0.0, 0.0, 0.0, 0.0, 0.0, 0.0, 0.0, 0.0, 0.0, 0.0, 0.0, 0.0, 0.0, 0.0, 0.0, 0.0, 0.0, 0.0, 0.0, 0.0, 0.0, 0.0, 0.0, 0.0, 0.0, 0.0, 0.0, 0.0, 0.0, 0.0, 0.0, 0.0, 0.0, 0.0, 0.0, 0.0, 0.0, 0.0, 0.0, 0.0, 0.0, 0.0, 0.0, 0.0, 0.0, 0.0, 0.0, 0.0, 0.0, 0.0, 0.0, 0.0, 0.0, 0.0, 0.0, 0.0, 0.0, 0.0, 0.0, 0.0, 0.0], "recall": [0.0, 0.0, 0.0, 0.0, 0.0, 0.0, 0.0, 0.0, 0.0, 0.0, 0.0, 0.0, 0.0, 0.0, 0.0, 0.0, 0.0, 0.0, 0.0, 0.0, 0.0, 0.0, 0.0, 0.0, 0.0, 0.0, 0.0, 0.0, 0.0, 0.0, 0.0, 0.0, 0.0, 0.0, 0.0, 0.0, 0.0, 0.0, 0.0, 0.0, 0.0, 0.0, 0.0, 0.0, 0.0, 0.0, 0.0, 0.0, 0.0, 0.0, 0.0, 0.0, 0.0, 0.0, 0.0, 0.0, 0.0, 0.0, 0.0, 0.0, 0.0, 0.0, 0.0, 0.0, 0.0, 0.0, 0.0, 0.0, 0.0, 0.0, 0.0, 0.0, 0.0, 0.0, 0.0, 0.0, 0.0, 0.0, 0.0, 0.0, 0.0, 0.0, 0.0, 0.0, 0.0, 0.0, 0.0, 0.0, 0.0, 0.0, 0.0, 0.0, 0.0, 0.0, 0.0, 0.0, 0.0, 0.0, 0.0, 0.0], "f1": [0.0, 0.0, 0.0, 0.0, 0.0, 0.0, 0.0, 0.0, 0.0, 0.0, 0.0, 0.0, 0.0, 0.0, 0.0, 0.0, 0.0, 0.0, 0.0, 0.0, 0.0, 0.0, 0.0, 0.0, 0.0, 0.0, 0.0, 0.0, 0.0, 0.0, 0.0, 0.0, 0.0, 0.0, 0.0, 0.0, 0.0, 0.0, 0.0, 0.0, 0.0, 0.0, 0.0, 0.0, 0.0, 0.0, 0.0, 0.0, 0.0, 0.0, 0.0, 0.0, 0.0, 0.0, 0.0, 0.0, 0.0, 0.0, 0.0, 0.0, 0.0, 0.0, 0.0, 0.0, 0.0, 0.0, 0.0, 0.0, 0.0, 0.0, 0.0, 0.0, 0.0, 0.0, 0.0, 0.0, 0.0, 0.0, 0.0, 0.0, 0.0, 0.0, 0.0, 0.0, 0.0, 0.0, 0.0, 0.0, 0.0, 0.0, 0.0, 0.0, 0.0, 0.0, 0.0, 0.0, 0.0, 0.0, 0.0, 0.0]}