{"loss": [0.5993424455324808, 0.5252134104569753, 0.7496262590090433, 0.6117319266001383, 0.6080584526062012, 0.6314225196838379, 0.5175753831863403, 0.40806686878204346, 0.44850873947143555, 0.3818969627221425, 0.428610235452652, 0.37000858783721924, 0.37545046210289, 0.3660971224308014, 0.42623309294382733, 0.4926807681719462, 0.38954418897628784, 0.31644843022028607, 0.5400283932685852, 0.45970868070920307, 0.4236696461836497, 0.4378954867521922, 0.34009234110514325, 0.3277152478694916, 0.33127938707669574, 0.34452906250953674, 0.33617375294367474, 0.3377913435300191, 0.2784138123194377, 0.22909673551718393, 0.22965445617834726, 0.20841491222381592, 0.2196181466182073, 0.17470922072728476, 0.16798631846904755, 0.16849990685780844, 0.13212081293265024, 0.1522774895032247, 0.15821534395217896, 0.16234197715918222, 0.1417961617310842, 0.12896645069122314, 0.15032671888669333, 0.136163130402565, 0.16338965793450674, 0.1816094567378362, 0.17428107062975565, 0.21320185561974844, 0.1785771002372106, 0.16960984468460083, 0.18990369141101837, 0.15524032711982727, 0.15995754798253378, 0.14743039508660635, 0.21103170017401376, 0.122958871225516, 0.09884344538052876, 0.15073194106419882, 0.12686414271593094, 0.1434854418039322, 0.11577815065781276, 0.10714013129472733, 0.11790407200654347, 0.09374024470647176, 0.10053440183401108, 0.12988405426343283, 0.08618602156639099, 0.13318924605846405, 0.09482573966185252, 0.11149183909098308, 0.1255462939540545, 0.1063519815603892, 0.10907778888940811, 0.13858930269877115, 0.10644947489102681, 0.13406931360562643, 0.16592903435230255, 0.09584154685338338, 0.25878482560316723, 0.09213947256406148, 0.1833064705133438, 0.13236408432324728, 0.3427800138791402, 0.17898046473662058, 0.24669618904590607, 0.11150618642568588, 0.3564363420009613, 0.1576621284087499, 0.18731989959875742, 0.1774718165397644, 0.14328298966089884, 0.1241638461748759, 0.22895829876263937, 0.08488268405199051, 0.20937944948673248, 0.08496641119321187, 0.16514848172664642, 0.0950496718287468, 0.11062971005837123, 0.09295585254828136], "accuracy": [81.62952883143392, 38.76509610477972, 58.73447865283212, 52.98520156489199, 66.86511311447525, 66.83109372342236, 77.76832794692974, 84.18098316040142, 83.63667290355502, 84.16397346487499, 83.17741112434088, 83.90882803197823, 83.85779894539888, 84.48715767987753, 84.45313828882463, 76.6286783466576, 90.61064806939956, 89.6410954243919, 66.8140840278959, 77.4111243408743, 78.58479333219935, 83.84078924987243, 90.81476441571697, 90.67868685150536, 90.72971593808471, 90.64466746045245, 90.6956965470318, 90.54260928729376, 90.20241537676476, 90.61064806939956, 90.67868685150536, 91.27402619493111, 90.55961898282021, 93.51930600442252, 92.17554005783296, 94.13165504337472, 93.31518965810513, 94.31876169416567, 93.91052900153088, 93.38322844021091, 94.23371321653343, 93.36621874468447, 94.52287804048308, 94.06361626126892, 94.18268412995407, 94.26773260758632, 94.11464534784827, 94.26773260758632, 94.40381017179793, 94.82905255995918, 95.01615921075013, 94.76101377785338, 94.77802347337983, 94.35278108521858, 95.03316890627657, 95.15223677496172, 95.27130464364689, 94.81204286443273, 95.05017860180303, 95.06718829732948, 95.56046946759653, 95.52645007654363, 95.44140159891138, 95.47542098996428, 95.47542098996428, 95.52645007654363, 95.45841129443782, 95.33934342575267, 94.74400408232692, 95.23728525259398, 94.64194590916823, 94.28474230311278, 94.98213981969722, 94.79503316890627, 94.81204286443273, 94.47184895390373, 94.91410103759142, 94.25072291205987, 94.76101377785338, 93.91052900153088, 94.43782956285082, 94.88008164653853, 69.34852866133696, 94.60792651811532, 94.82905255995918, 94.86307195101207, 69.99489709134207, 95.39037251233204, 95.15223677496172, 95.23728525259398, 95.23728525259398, 95.16924647048818, 95.37336281680558, 94.82905255995918, 94.86307195101207, 95.35635312127913, 95.59448885864943, 96.12178941996939, 95.62850824970234, 96.34291546181323], "precision": [0.0, 22.608695652173914, 29.934406678592723, 27.255537547271746, 33.40978593272171, 33.40961098398169, 44.20622766717713, 54.770992366412216, 53.63300492610838, 54.797166773985836, 52.729454109178164, 54.267515923566876, 54.196028187059575, 55.54821664464994, 54.98199279711885, 43.13725490196079, 70.09132420091323, 69.83993260320135, 33.852428624397476, 44.11206077872745, 45.58896007885658, 53.78787878787878, 70.96273291925466, 70.65217391304348, 70.78477078477079, 70.57453416149069, 70.67494181536075, 70.21604938271605, 70.03179650238474, 70.59282371294852, 70.84639498432603, 72.69815852682146, 70.14581734458942, 81.23324396782841, 77.43362831858407, 85.85365853658537, 87.05501618122977, 86.78500986193293, 84.98062015503875, 82.02038924930491, 86.86567164179104, 85.42094455852155, 85.82230623818525, 86.29592850049652, 86.3905325443787, 85.14664143803216, 85.49323017408123, 87.11288711288712, 86.70576735092864, 89.43089430894308, 87.44053282588011, 88.06706114398422, 91.69363538295578, 88.31967213114754, 88.03088803088804, 88.33172613307619, 91.51138716356108, 91.44385026737967, 88.94373149062191, 88.57421875, 91.91402251791197, 91.8974358974359, 91.09311740890689, 92.75210084033614, 91.36178861788618, 92.68547544409613, 93.10710498409331, 91.54639175257732, 89.70133882595263, 92.82655246252676, 89.47368421052632, 89.74358974358975, 92.06859592711683, 92.62114537444934, 91.53269024651661, 88.55975485188968, 91.67556029882604, 88.48547717842324, 89.95859213250517, 92.17289719626169, 87.61238761238761, 91.56883671291357, 36.27376425855513, 89.04810644831116, 91.01479915433404, 92.19088937093277, 36.76470588235294, 92.17935349322211, 90.60265577119509, 91.66666666666666, 91.7536534446764, 91.80672268907563, 91.47843942505133, 91.991341991342, 90.43659043659044, 92.97124600638978, 91.84505606523955, 92.68537074148297, 92.03268641470889, 93.64278506559032], "recall": [0.0, 96.29629629629629, 92.96296296296296, 93.42592592592592, 80.92592592592592, 81.11111111111111, 80.18518518518518, 79.72222222222223, 80.64814814814815, 78.7962962962963, 81.38888888888889, 78.88888888888889, 78.33333333333333, 77.87037037037037, 84.81481481481481, 85.55555555555556, 85.27777777777777, 76.75925925925927, 84.53703703703704, 86.01851851851852, 85.64814814814815, 85.46296296296296, 84.62962962962963, 84.25925925925925, 84.35185185185186, 84.16666666666667, 84.35185185185186, 84.25925925925925, 81.57407407407408, 83.79629629629629, 83.7037037037037, 84.07407407407408, 84.62962962962963, 84.16666666666667, 81.01851851851852, 81.48148148148148, 74.72222222222223, 81.48148148148148, 81.2037037037037, 81.94444444444444, 80.83333333333333, 77.03703703703704, 84.07407407407408, 80.46296296296296, 81.11111111111111, 83.33333333333334, 81.85185185185185, 80.74074074074075, 82.12962962962963, 81.48148148148148, 85.0925925925926, 82.68518518518519, 78.70370370370371, 79.81481481481481, 84.44444444444444, 84.81481481481481, 81.85185185185185, 79.16666666666666, 83.42592592592592, 83.98148148148148, 83.14814814814815, 82.96296296296296, 83.33333333333334, 81.75925925925925, 83.24074074074073, 82.12962962962963, 81.2962962962963, 82.22222222222221, 80.64814814814815, 80.27777777777779, 80.27777777777779, 77.77777777777779, 79.53703703703704, 77.87037037037037, 79.07407407407408, 80.27777777777779, 79.53703703703704, 78.98148148148148, 80.46296296296296, 73.05555555555556, 81.2037037037037, 79.44444444444444, 88.33333333333333, 80.55555555555556, 79.72222222222223, 78.70370370370371, 87.96296296296296, 81.85185185185185, 82.12962962962963, 81.48148148148148, 81.38888888888889, 80.92592592592592, 82.5, 78.70370370370371, 80.55555555555556, 80.83333333333333, 83.42592592592592, 85.64814814814815, 83.42592592592592, 85.92592592592592],