{"loss": [0.5036429365475973, 0.4376208484172821, 0.47048399845759076, 0.47014811635017395, 0.5112588008244833, 0.4847594698270162, 0.5270018180211385, 0.45772648851076764, 0.5214107433954874, 0.45186593135197956, 0.5141507784525553, 0.4444766441980998, 0.5147129495938619, 0.4422522783279419, 0.32208942373593646, 0.2507421523332596, 0.26261429985364276, 0.3444622854391734, 0.2734295427799225, 0.2642122606436412, 0.2228728880484899, 0.2395526816447576, 0.23516530791918436, 0.27476654450098675, 0.25250574946403503, 0.2505478064219157, 0.24039693176746368, 0.26531100273132324, 0.24994752804438272, 0.25947583715120953, 0.24908311665058136, 0.31070934732755023, 0.27973349889119464, 0.2820163468519847, 0.282327264547348, 0.24887060622374216, 0.24009770651658377, 0.22398187716801962, 0.20829957723617554, 0.20010805130004883, 0.22924544910589853, 0.21442294617493948, 0.23008394738038382, 0.21926538149515787, 0.2426478167374929, 0.24301397303740183, 0.252246414621671, 0.26167967915534973, 0.24694288273652396, 0.21598905821641287, 0.23835688829421997, 0.2386536498864492, 0.2198434422413508, 0.24602916340033212, 0.24613671998182932, 0.26954230666160583, 0.26996121803919476, 0.258524884780248, 0.2480809142192205, 0.2848230302333832, 0.2855929931004842, 0.28059757749239606, 0.27535325288772583, 0.2724285423755646, 0.27484452724456787, 0.2653173903624217, 0.2790624002615611, 0.24964129428068796, 0.2938196063041687, 0.2512428065141042, 0.2564112643400828, 0.27523983518282574, 0.21070130666097006, 0.25288026034832, 0.22753803431987762, 0.25357238948345184, 0.21370109915733337, 0.25925525029500324, 0.263434832294782, 0.21157032251358032, 0.19238197803497314, 0.25311172008514404, 0.17365427315235138, 0.18116781612237295, 0.27100659410158795, 0.1925226499636968, 0.35296212633450824, 0.20751641194025675, 0.26736008127530414, 0.26244475444157916, 0.36981768409411114, 0.16805656750996908, 0.27969805399576825, 0.22142703334490457, 0.26307934522628784, 0.17637285590171814, 0.19616501530011496, 0.2145435263713201, 0.2742484509944916, 0.15519660214583078], "accuracy": [81.68055791801326, 83.67069229460793, 83.58564381697568, 83.75574077224017, 83.60265351250213, 84.89539037251234, 83.58564381697568, 86.01803027725803, 83.60265351250213, 86.52832114305154, 84.06191529171628, 86.545330838578, 84.86137098145943, 86.63037931621024, 90.44055111413506, 92.60078244599421, 92.03946249362136, 88.26331008674944, 92.27759823099167, 91.83534614730397, 91.308045585984, 91.49515223677496, 91.59721040993367, 91.12093893519307, 93.23014118047287, 92.31161762204457, 93.82548052389862, 91.78431706072462, 92.70284061915292, 90.6956965470318, 92.00544310256846, 92.88994726994387, 92.00544310256846, 92.66882122810001, 92.63480183704712, 92.94097635652322, 94.23371321653343, 93.77445143731927, 93.02602483415546, 94.16567443442763, 93.11107331178772, 92.95798605204966, 92.10750127572716, 92.83891818336451, 93.06004422520837, 92.94097635652322, 92.31161762204457, 92.65181153257356, 92.37965640415037, 92.95798605204966, 92.88994726994387, 92.29460792651811, 92.90695696547031, 92.29460792651811, 92.75386970573227, 92.80489879231162, 92.88994726994387, 92.82190848783807, 92.82190848783807, 92.70284061915292, 92.73686001020582, 92.73686001020582, 92.19254975335942, 91.83534614730397, 91.88637523388331, 92.20955944888587, 92.53274366388841, 92.54975335941486, 91.85235584283042, 92.83891818336451, 92.34563701309746, 92.03946249362136, 92.44769518625617, 92.63480183704712, 94.04660656574248, 92.44769518625617, 93.96155808811022, 91.56319101888076, 94.01258717468957, 94.14866473890118, 94.42081986732437, 96.41095424391904, 96.51301241707773, 95.98571185575778, 96.18982820207518, 96.13879911549583, 71.08351760503487, 96.59806089470999, 95.73056642286103, 95.27130464364689, 70.14798435108011, 95.76458581391392, 94.99914951522368, 95.16924647048818, 96.07076033339003, 95.67953733628168, 95.76458581391392, 96.47899302602484, 96.07076033339003, 96.42796393944549], "precision": [100.0, 100.0, 100.0, 100.0, 100.0, 100.0, 100.0, 100.0, 100.0, 99.6551724137931, 99.3103448275862, 99.65635738831615, 99.47916666666666, 99.32885906040269, 99.42748091603053, 99.53917050691244, 99.35483870967742, 99.24242424242425, 99.21383647798741, 99.5049504950495, 98.79931389365352, 99.48805460750853, 99.49324324324324, 97.9381443298969, 98.30028328611898, 98.15950920245399, 98.25033647375506, 98.06763285024155, 98.07976366322009, 97.33570159857904, 97.65625, 97.83236994219652, 98.10725552050474, 97.79086892488954, 97.78434268833087, 97.97979797979798, 97.5609756097561, 97.34748010610079, 98.41040462427746, 98.55072463768117, 98.28326180257511, 97.98270893371757, 96.80851063829788, 96.8705547652916, 98.13753581661892, 96.89703808180536, 97.72036474164135, 96.41833810888252, 96.88427299703264, 96.63865546218487, 96.48876404494382, 97.57207890743551, 96.62447257383965, 98.30508474576271, 97.94721407624634, 98.37997054491899, 98.39181286549707, 97.0, 97.0, 98.07976366322009, 98.22747415066469, 98.37037037037038, 97.99072642967542, 97.92332268370608, 98.08612440191388, 98.14241486068111, 98.34087481146304, 98.1981981981982, 98.08, 98.10218978102189, 98.31288343558282, 98.26498422712933, 98.32826747720364, 98.35575485799701, 98.5372340425532, 98.32826747720364, 98.26897470039947, 97.8688524590164, 98.14814814814815, 98.1675392670157, 98.57881136950904, 98.54748603351955, 98.55715871254162, 98.50574712643679, 98.52607709750568, 98.74285714285715, 37.6, 98.56512141280353, 98.14169570267131, 98.3132530120482, 36.252545824847246, 98.59649122807016, 98.28009828009829, 98.18401937046005, 98.1838819523269, 98.58823529411764, 98.59649122807016, 98.33887043189368, 97.75028121484814, 98.01324503311258], "recall": [0.2777777777777778, 11.11111111111111, 10.648148148148149, 11.574074074074074, 10.74074074074074, 17.77777777777778, 10.648148148148149, 23.88888888888889, 10.74074074074074, 26.75925925925926, 13.333333333333334, 26.851851851851855, 17.685185185185183, 27.40740740740741, 48.24074074074074, 60.0, 57.03703703703704, 36.388888888888886, 58.425925925925924, 55.833333333333336, 53.333333333333336, 53.98148148148149, 54.53703703703704, 52.77777777777778, 64.25925925925927, 59.25925925925925, 67.5925925925926, 56.388888888888886, 61.48148148148148, 50.74074074074074, 57.870370370370374, 62.68518518518519, 57.592592592592595, 61.48148148148148, 61.29629629629629, 62.87037037037037, 70.37037037037037, 67.96296296296296, 63.05555555555556, 69.25925925925925, 63.61111111111111, 62.96296296296296, 58.98148148148148, 63.05555555555556, 63.42592592592593, 63.61111111111111, 59.53703703703703, 62.31481481481481, 60.46296296296296, 63.888888888888886, 63.61111111111111, 59.53703703703703, 63.61111111111111, 59.074074074074076, 61.85185185185185, 61.85185185185185, 62.31481481481481, 62.87037037037037, 62.87037037037037, 61.48148148148148, 61.57407407407407, 61.48148148148148, 58.7037037037037, 56.75925925925925, 56.94444444444444, 58.7037037037037, 60.370370370370374, 60.55555555555555, 56.75925925925925, 62.22222222222222, 59.351851851851855, 57.68518518518518, 59.90740740740741, 60.92592592592593, 68.61111111111111, 59.90740740740741, 68.33333333333333, 55.27777777777778, 68.7037037037037, 69.44444444444444, 70.64814814814815, 81.66666666666667, 82.22222222222221, 79.35185185185185, 80.46296296296296, 80.0, 87.03703703703704, 82.68518518518519, 78.24074074074075, 75.55555555555556, 82.4074074074074, 78.05555555555556, 74.07407407407408, 75.0925925925926, 80.0925925925926, 77.5925925925926, 78.05555555555556, 82.22222222222221, 80.46296296296296, 82.22222222222221],