{"loss": [0.48972728848457336, 0.44275355339050293, 0.45942582686742145, 0.4836333592732747, 0.4866417646408081, 0.5000952780246735, 0.4970148801803589, 0.5066887338956197, 0.4495063324769338, 0.4933847188949585, 0.4158712923526764, 0.43998517592748004, 0.4099380473295848, 0.4278925855954488, 0.41269055008888245, 0.4183863600095113, 0.414629727602005, 0.3981398344039917, 0.5380156834920248, 0.34934234619140625, 0.4332361618677775, 0.4220853348573049, 0.4180081884066264, 0.4180712898572286, 0.4613208770751953, 0.3916792869567871, 0.32932015260060626, 0.2060259481271108, 0.19679831465085348, 0.20251481235027313, 0.17594091594219208, 0.1769989182551702, 0.18199080725510916, 0.17417259017626444, 0.19033667941888174, 0.1935467670361201, 0.2085873285929362, 0.20145524044831595, 0.20724942783514658, 0.25745904445648193, 0.8048112392425537, 0.1710576464732488, 0.17760159075260162, 0.17722050348917642, 0.1768415023883184, 0.2018201599518458, 0.19055344661076865, 0.2027518798907598, 0.1993713080883026, 0.24698656300703684, 0.18629829088846842, 0.1797969937324524, 0.3060662845770518, 0.49700262149175006, 0.3535568614800771, 0.49275684356689453, 0.6088348825772604, 0.5982656677563986, 0.9604452252388, 0.5399720470110575, 0.6317864259084066, 0.4515210688114166, 0.8804478645324707, 0.5833146373430887, 0.5095532834529877, 0.5039757192134857, 0.4834378759066264, 0.45957739154497784, 0.6543754537900289, 0.38931267460187274, 0.42034441232681274, 0.5965638160705566, 0.46742408474286395, 0.9601237376530966, 0.5589543183644613, 0.43153255184491474, 0.5443003376324972, 1.1777809460957844, 0.9063626329104105, 0.6222083767255148, 0.584375778834025, 0.6429554422696432, 0.825393279393514, 0.7806973457336426, 0.5373938878377279, 1.1391146977742512, 0.8037470976511637, 0.8788105845451355, 0.8311024904251099, 0.7981738249460856, 0.8280482689539591, 0.7851717869440714, 0.7499948342641195, 0.815364936987559, 0.8306517203648885, 0.8045643170674642, 0.7986592451731364, 0.7963047822316488, 0.8273040850957235, 0.7969615459442139], "accuracy": [81.62952883143392, 83.85779894539888, 83.80676985881952, 83.84078924987243, 84.45313828882463, 83.63667290355502, 84.33407042013948, 83.39853716618472, 85.81391393094064, 83.92583772750467, 87.24272835516244, 86.40925327436639, 87.37880591937405, 87.22571865963599, 87.27674774621535, 87.3277768327947, 86.97057322673925, 87.05562170437149, 85.38867154277938, 88.38237795543459, 68.87225718659636, 68.94029596870216, 70.28406191529172, 70.36911039292397, 70.52219765266202, 70.55621704371492, 71.11753699608776, 94.52287804048308, 94.69297499574758, 94.81204286443273, 95.03316890627657, 94.96513012417078, 94.11464534784827, 93.80847082837217, 94.40381017179793, 95.67953733628168, 95.88365368259907, 95.67953733628168, 95.93468276917844, 95.79860520496683, 70.82837217213812, 95.91767307365198, 96.39394454839258, 95.33934342575267, 95.49243068549073, 95.76458581391392, 95.64551794522878, 95.35635312127913, 94.94812042864433, 95.33934342575267, 95.59448885864943, 95.11821738390883, 70.52219765266202, 69.67171287633951, 69.39955774791632, 69.67171287633951, 69.50161592107501, 69.33151896581052, 69.31450927028406, 68.73617962238475, 69.34852866133696, 69.02534444633442, 69.29749957475761, 69.19544140159891, 69.75676135397177, 69.90984861370981, 69.77377104949821, 69.73975165844531, 70.04592617792142, 70.06293587344787, 70.13097465555367, 70.23303282871237, 69.60367409423371, 70.04592617792142, 70.31808130634461, 69.89283891818336, 70.09695526450076, 69.77377104949821, 69.84180983160401, 69.68872257186597, 69.92685830923627, 70.35210069739752, 69.87582922265692, 70.42013947950332, 70.31808130634461, 70.69229460792651, 70.28406191529172, 70.02891648239496, 69.75676135397177, 70.45415887055621, 70.42013947950332, 70.50518795713556, 70.28406191529172, 70.31808130634461, 70.23303282871237, 71.03248851845552, 70.76033339003232, 70.74332369450588, 71.28763395135228, 71.11753699608776], "precision": [0.0, 100.0, 100.0, 100.0, 100.0, 100.0, 100.0, 100.0, 100.0, 100.0, 99.40119760479041, 100.0, 99.70588235294117, 99.69788519637463, 100.0, 100.0, 100.0, 99.68847352024922, 100.0, 97.83132530120481, 35.643185298621745, 35.74159021406727, 36.93693693693694, 36.93764798737175, 37.26102223956301, 37.28018757327081, 38.22408536585366, 93.16628701594533, 92.76169265033407, 92.34972677595628, 93.4878587196468, 93.75, 93.7947494033413, 93.76528117359413, 93.91812865497076, 93.93617021276596, 93.73695198329854, 94.12393162393163, 94.21661409043112, 93.34027055150884, 37.736577829277714, 94.0251572327044, 93.4, 93.52051835853132, 95.02762430939227, 94.62943071965628, 94.97816593886463, 95.3880764904387, 92.14208826695372, 94.18859649122807, 95.06037321624589, 95.31428571428572, 37.059056678557276, 36.034962256654744, 35.863153755407, 35.90052146008825, 35.82504970178926, 35.58037495013961, 35.52, 34.66828478964401, 35.60606060606061, 35.13838748495788, 35.30603972436157, 35.20841764467827, 36.06230031948881, 36.28036638789327, 36.098923015556444, 36.02558976409436, 36.51485148514851, 36.79098679098679, 36.512370311252994, 36.80063041765169, 36.03318846305808, 36.54681943895694, 36.986301369863014, 36.40661938534279, 36.44, 36.187078874355926, 36.24454148471616, 36.02707006369427, 36.316626889419254, 36.94367861362741, 36.262425447316105, 37.05304518664047, 36.91460055096419, 37.533927879022876, 36.93693693693694, 36.58536585365854, 36.161776367961934, 37.142857142857146, 37.012219156484036, 37.26635514018692, 36.94716242661448, 36.99648025029331, 36.790220820189276, 38.033038801383015, 37.582588418188884, 37.61609907120743, 38.31667947732513, 38.06027820710974], "recall": [0.0, 12.12962962962963, 11.851851851851853, 12.037037037037036, 15.37037037037037, 10.925925925925926, 14.722222222222223, 9.62962962962963, 22.77777777777778, 12.5, 30.74074074074074, 26.01851851851852, 31.38888888888889, 30.555555555555557, 30.74074074074074, 31.01851851851852, 29.074074074074076, 29.629629629629626, 20.462962962962962, 37.592592592592595, 86.20370370370371, 86.57407407407408, 87.31481481481481, 86.66666666666667, 88.42592592592592, 88.33333333333333, 92.87037037037037, 75.74074074074075, 77.12962962962962, 78.24074074074075, 78.42592592592592, 77.77777777777779, 72.77777777777777, 71.01851851851852, 74.35185185185185, 81.75925925925925, 83.14814814814815, 81.57407407407408, 82.96296296296296, 83.05555555555556, 90.46296296296296, 83.05555555555556, 86.48148148148148, 80.18518518518518, 79.62962962962963, 81.57407407407408, 80.55555555555556, 78.51851851851852, 79.25925925925927, 79.53703703703704, 80.18518518518518, 77.22222222222223, 86.57407407407408, 83.98148148148148, 84.44444444444444, 82.87037037037037, 83.42592592592592, 82.5925925925926, 82.22222222222221, 79.35185185185185, 82.68518518518519, 81.11111111111111, 80.64814814814815, 80.55555555555556, 83.61111111111111, 84.35185185185186, 83.79629629629629, 83.42592592592592, 85.37037037037038, 87.68518518518519, 84.72222222222221, 86.48148148148148, 84.44444444444444, 85.64814814814815, 87.5, 85.55555555555556, 84.35185185185186, 84.53703703703704, 84.53703703703704, 83.79629629629629, 84.53703703703704, 86.85185185185185, 84.44444444444444, 87.31481481481481, 86.85185185185185, 89.62962962962962, 87.31481481481481, 86.11111111111111, 84.44444444444444, 87.87037037037037, 86.94444444444444, 88.61111111111111, 87.4074074074074, 87.5925925925926, 86.38888888888889, 91.66666666666666, 89.53703703703704, 90.0, 92.31481481481481, 91.20370370370371],