{"loss": [0.443036088347435, 0.578319638967514, 0.05202609822154045, 0.45930068790912626, 0.06500781513750553, 0.20273602157831191, 0.14824116230010986, 0.18767563998699188, 0.15264560282230377, 0.13162463754415513, 0.11518096625804901, 0.10719740465283394, 0.11841375306248665, 0.11731336414813995, 0.09611613824963569, 0.09954322054982186, 0.09881429672241211, 0.09009840451180935, 0.10153657495975495, 0.10487550795078278, 0.1079156070947647, 0.10195904076099396, 0.08502467349171638, 0.0904589168727398, 0.09011716544628143, 0.08850424960255623, 0.08245860487222671, 0.09397498071193695, 0.08727756515145302, 0.07980432212352753, 0.08482940644025802, 0.08404138162732125, 0.07550323680043221, 0.07232834734022617, 0.07072700709104537, 0.072189661860466, 0.0823986478149891, 0.10494704619050026, 0.08735148906707764, 0.08008758574724198, 0.08414516113698482, 0.06865397356450557, 0.07862837165594101, 0.07920543178915977, 0.07149875275790692, 0.07980047687888145, 0.07857563495635986, 0.06927339136600494, 0.0748041670769453, 0.07839569710195064, 0.08944228440523147, 0.0895590677857399, 0.09865399450063705, 0.08566924482584, 0.08574876561760902, 0.08815899565815925, 0.08924090787768364, 0.08304741084575654, 0.0919402502477169, 0.08548499122262002, 0.11156525015830994, 0.12281501814723014, 0.12470769062638283, 0.1188761204481125, 0.13137347921729087, 0.14221928864717484, 0.15261939615011216, 0.1352257139980793, 0.14024301022291183, 0.16246241629123687, 0.1294934019446373, 0.14124200269579887, 0.1440136231482029, 0.14849627986550332, 0.16848844885826111, 0.16238307058811188, 0.16651410162448882, 0.1326872244477272, 0.16273940056562425, 0.1435198701918125, 0.16185428500175475, 0.16287591233849524, 0.14980872645974158, 0.1723688766360283, 0.15162146538496019, 0.15139163583517073, 0.1491294637322426, 0.1382686212658882, 0.12874736040830612, 0.11822922080755234, 0.1262013167142868, 0.14666359275579452, 0.14591219872236252, 0.14416360706090928, 0.1329779803752899, 0.1603243350982666, 0.20827070623636246, 0.20647953897714616, 0.18873612880706786, 0.15689001679420472], "accuracy": [90.0, 31.671875, 90.0, 57.53125, 92.98958333333333, 94.796875, 94.078125, 94.13020833333333, 95.22916666666667, 94.75520833333333, 95.47395833333333, 94.83333333333333, 94.91666666666667, 95.57291666666667, 95.70833333333333, 95.63020833333333, 95.625, 95.71354166666667, 95.17708333333333, 95.69270833333333, 95.484375, 95.578125, 95.74479166666667, 95.734375, 95.734375, 95.79166666666667, 95.8125, 95.55729166666667, 95.79166666666667, 95.8125, 95.76041666666667, 95.84895833333333, 96.27083333333333, 96.27604166666667, 96.38541666666667, 96.21354166666667, 95.63020833333333, 95.46354166666667, 96.50520833333333, 95.81770833333333, 96.52083333333333, 96.21875, 96.17708333333333, 96.26041666666667, 96.203125, 95.80729166666667, 96.40104166666667, 96.28645833333333, 96.109375, 95.86458333333333, 95.67708333333333, 95.703125, 95.61979166666667, 96.21875, 95.81770833333333, 95.859375, 96.0, 95.83854166666667, 95.875, 95.84375, 95.57291666666667, 95.46354166666667, 95.59895833333333, 95.53125, 95.11979166666667, 95.13541666666667, 95.16666666666667, 95.671875, 94.89583333333333, 95.52604166666667, 95.16145833333333, 95.24479166666667, 95.19270833333333, 94.43229166666667, 95.00520833333333, 94.66666666666667, 95.56770833333333, 94.47395833333333, 95.29166666666667, 95.125, 94.36979166666667, 95.22916666666667, 94.546875, 95.015625, 94.953125, 94.73958333333333, 94.91666666666667, 95.27083333333333, 94.98958333333333, 95.84375, 94.82291666666667, 95.140625, 94.73958333333333, 95.19791666666667, 95.07291666666667, 94.38020833333333, 94.21354166666667, 94.19791666666667, 94.81770833333333, 94.78645833333333], "precision": [0.0, 12.442149037494131, 0.0, 17.766287487073424, 81.33187772925764, 84.85995457986374, 83.83751080380294, 83.68734069668649, 85.95988538681948, 85.69194683346365, 86.4677307425399, 85.36585365853658, 85.38230884557721, 86.7445054945055, 88.21478382147838, 87.66550522648083, 88.35227272727273, 88.3298392732355, 87.2005988023952, 87.97776233495483, 87.95962509012256, 86.85478320715761, 86.84034736138945, 86.92152917505031, 87.17083051991898, 87.06666666666666, 86.80738786279683, 86.71713695801789, 86.91899070385126, 87.05179282868527, 87.36486486486487, 87.2100728959576, 88.10126582278481, 88.59705317104421, 89.24455825864277, 88.96146309601568, 88.25194621372965, 87.92480115690527, 89.4006309148265, 88.49069607167472, 89.4206549118388, 89.1218872870249, 89.01315789473684, 89.12760416666666, 88.99803536345776, 88.58131487889274, 89.26517571884985, 89.31596091205212, 89.02195608782435, 88.72077028885832, 88.32630098452883, 88.47505270555165, 88.34399431414357, 89.07068062827224, 88.65051903114187, 88.7130075705437, 88.91891891891892, 88.46945778997942, 88.10810810810811, 88.47736625514403, 87.67605633802818, 87.49106504646176, 87.61371588523443, 87.55304101838756, 86.81647940074907, 86.84603886397608, 86.47058823529412, 87.26899383983573, 86.32148377125193, 87.07197763801537, 87.39622641509433, 86.61818181818181, 86.46671543525969, 84.90566037735849, 85.88498879761016, 85.3870458135861, 87.09229701596114, 85.0040749796251, 86.59942363112391, 86.44444444444444, 84.87115544472152, 86.58892128279884, 85.23002421307507, 86.17580766341096, 85.99545798637396, 85.49141965678628, 85.92085235920852, 87.48148148148148, 86.39817629179332, 88.21525885558583, 86.62974683544303, 87.13318284424379, 86.34185303514377, 86.90828402366864, 87.06240487062405, 85.66581849024597, 85.26591107236268, 85.04347826086956, 86.38867033831629, 86.32411067193677], "recall": [0.0, 96.61458333333334, 0.0, 89.47916666666667, 38.80208333333333, 58.385416666666664, 50.520833333333336, 51.302083333333336, 62.5, 57.08333333333333, 64.89583333333333, 58.333333333333336, 59.32291666666667, 65.78125, 65.88541666666666, 65.52083333333333, 64.79166666666667, 65.83333333333333, 60.677083333333336, 65.9375, 63.541666666666664, 65.72916666666667, 67.70833333333334, 67.5, 67.23958333333333, 68.02083333333333, 68.54166666666667, 65.625, 68.17708333333333, 68.28125, 67.34375, 68.54166666666667, 72.5, 72.03125, 72.60416666666667, 70.9375, 64.94791666666667, 63.33333333333333, 73.80208333333333, 66.875, 73.95833333333334, 70.83333333333334, 70.46875, 71.30208333333333, 70.78125, 66.66666666666666, 72.76041666666667, 71.40625, 69.6875, 67.1875, 65.41666666666667, 65.57291666666667, 64.73958333333333, 70.88541666666667, 66.71875, 67.13541666666667, 68.54166666666667, 67.13541666666667, 67.91666666666667, 67.1875, 64.84375, 63.74999999999999, 65.20833333333333, 64.47916666666667, 60.364583333333336, 60.520833333333336, 61.25000000000001, 66.40625, 58.177083333333336, 64.89583333333333, 60.3125, 62.03125000000001, 61.5625, 53.90625, 59.895833333333336, 56.30208333333333, 65.36458333333334, 54.322916666666664, 62.60416666666667, 60.78125, 53.17708333333333, 61.875, 55.00000000000001, 59.739583333333336, 59.166666666666664, 57.08333333333333, 58.802083333333336, 61.510416666666664, 59.21875, 67.44791666666666, 57.03125, 60.3125, 56.30208333333333, 61.197916666666664, 59.583333333333336, 52.604166666666664, 50.9375, 50.9375, 57.1875, 56.875],