{"loss": [0.31792816519737244, 0.4811655978361766, 0.16962841153144836, 0.17371909817059836, 0.1751057654619217, 0.09439172844092052, 0.2274222175280253, 0.08314167708158493, 0.38242147366205853, 0.08581936359405518, 0.15238686899344125, 0.08724702149629593, 0.0867416908343633, 0.07997059325377147, 0.09904447942972183, 0.08247956881920497, 0.1029277245203654, 0.08360826224088669, 0.08201597134272258, 0.08274928480386734, 0.0776901828746001, 0.07891989747683208, 0.089781088133653, 0.08799136181672414, 0.08137028415997823, 0.08492979655663173, 0.08320813626050949, 0.10260361184676488, 0.2371524771054586, 0.11048150310913722, 0.11396241188049316, 0.10450390726327896, 0.10065381228923798, 0.0907812515894572, 0.11683100213607152, 0.0873212789495786, 0.09279137601455052, 0.0903971220056216, 0.086428036292394, 0.09171603868405025, 0.09084105243285497, 0.08667603880167007, 0.09016108512878418, 0.10004913806915283, 0.10077124089002609, 0.0865137701233228, 0.09029228736956914, 0.08522525429725647, 0.0889216810464859, 0.08190302550792694, 0.09299826125303905, 0.08423028886318207, 0.08645728727181752, 0.100275253256162, 0.08451593418916066, 0.09504392743110657, 0.0904209737976392, 0.08620387315750122, 0.08876169721285503, 0.08793142934640248, 0.08632252365350723, 0.0881846696138382, 0.0884405051668485, 0.09572082509597142, 0.08653763681650162, 0.0870859424273173, 0.09017285456260045, 0.08576312909523646, 0.08531060566504796, 0.0970739796757698, 0.08699838817119598, 0.08668846637010574, 0.09811130911111832, 0.09507648646831512, 0.08217375477155049, 0.08760842680931091, 0.08755645900964737, 0.08873826016982396, 0.09284758071104686, 0.09094419827063878, 0.09287580847740173, 0.09367150564988454, 0.08954344441493352, 0.08660870045423508, 0.08666351685921352, 0.09677978853384654, 0.3975493709246318, 0.10291362802187602, 0.11947934577862422, 0.20842099686463675, 0.0985187292098999, 0.10289301723241806, 0.09609743704398473, 0.11011160413424174, 0.10300569236278534, 0.09366294989983241, 0.09208064277966817, 0.10519025971492131, 0.0992070883512497, 0.09571187198162079], "accuracy": [71.27062425582582, 71.44072121109032, 93.40023813573737, 94.50586834495662, 93.04303452968192, 97.55060384419119, 92.88994726994387, 97.5846232352441, 69.75676135397177, 97.8907977547202, 93.51930600442252, 97.85677836366729, 97.77172988603505, 97.95883653682598, 97.05732267392413, 97.77172988603505, 96.98928389181833, 97.80574927708794, 97.77172988603505, 97.75472019050859, 97.95883653682598, 97.95883653682598, 97.77172988603505, 97.60163293077053, 97.85677836366729, 97.63565232182344, 97.75472019050859, 97.24442932471509, 93.06004422520837, 95.98571185575778, 96.46198333049838, 96.64908998128934, 96.66609967681579, 97.66967171287634, 95.39037251233204, 97.72070079945568, 96.78516754550094, 97.73771049498214, 97.77172988603505, 97.38050688892669, 97.70369110392924, 97.72070079945568, 97.73771049498214, 97.72070079945568, 97.72070079945568, 97.70369110392924, 97.73771049498214, 97.70369110392924, 97.75472019050859, 97.73771049498214, 97.72070079945568, 97.68668140840279, 97.66967171287634, 97.68668140840279, 97.73771049498214, 97.24442932471509, 97.73771049498214, 97.68668140840279, 97.66967171287634, 97.73771049498214, 97.73771049498214, 97.72070079945568, 97.63565232182344, 97.61864262629699, 97.72070079945568, 97.72070079945568, 97.70369110392924, 97.73771049498214, 97.73771049498214, 97.63565232182344, 97.73771049498214, 97.73771049498214, 97.61864262629699, 97.70369110392924, 97.73771049498214, 97.68668140840279, 97.70369110392924, 97.72070079945568, 97.60163293077053, 97.68668140840279, 97.65266201734988, 97.60163293077053, 97.63565232182344, 97.70369110392924, 97.61864262629699, 97.21040993366219, 86.98758292226569, 97.5165844531383, 96.00272155128424, 93.96155808811022, 97.63565232182344, 97.38050688892669, 97.61864262629699, 97.53359414866473, 97.60163293077053, 97.63565232182344, 97.66967171287634, 97.46555536655895, 97.63565232182344, 97.61864262629699], "precision": [38.274932614555254, 37.6799670917318, 99.42857142857143, 96.90210656753408, 99.85141158989599, 97.17741935483872, 99.84939759036145, 97.08835341365462, 35.199321458863444, 99.4824016563147, 97.68076398362892, 99.58419958419958, 99.58202716823406, 99.58677685950413, 98.19341126461212, 99.89484752891693, 99.88950276243094, 99.37694704049844, 99.79013641133263, 99.68553459119497, 99.48453608247422, 99.28131416837782, 99.79013641133263, 97.95709908069459, 99.58419958419958, 98.15762538382803, 99.375, 99.78308026030369, 99.70414201183432, 98.17351598173516, 99.65831435079726, 99.66254218222723, 99.4407158836689, 99.47534102833158, 94.4994499449945, 99.68487394957984, 99.88801791713325, 99.78969505783385, 99.47862356621481, 99.36034115138592, 99.78925184404636, 99.68487394957984, 99.78969505783385, 99.78947368421053, 99.78947368421053, 99.37304075235109, 99.78969505783385, 99.78925184404636, 99.78991596638656, 99.47753396029259, 99.68487394957984, 99.68421052631578, 99.78880675818374, 99.78902953586498, 99.68520461699894, 99.78308026030369, 99.78969505783385, 99.78902953586498, 99.68387776606956, 99.78969505783385, 99.78969505783385, 99.78947368421053, 99.7883597883598, 99.78813559322035, 99.78947368421053, 99.78947368421053, 99.78925184404636, 99.78969505783385, 99.68520461699894, 99.68321013727561, 99.78969505783385, 99.78969505783385, 99.78813559322035, 99.78925184404636, 99.78969505783385, 99.78902953586498, 99.78925184404636, 99.78947368421053, 99.78791092258749, 99.78902953586498, 99.78858350951374, 99.78791092258749, 99.7883597883598, 99.6845425867508, 99.6828752642706, 99.35344827586206, 100.0, 99.68085106382979, 99.76442873969376, 99.86244841815682, 99.7883597883598, 99.78494623655914, 99.78813559322035, 99.78700745473908, 99.78791092258749, 99.7883597883598, 99.68387776606956, 99.78609625668449, 99.68321013727561, 99.6828752642706], "recall": [92.03703703703704, 84.81481481481481, 64.44444444444444, 72.4074074074074, 62.22222222222222, 89.25925925925927, 61.38888888888889, 89.53703703703704, 76.85185185185185, 88.98148148148148, 66.2962962962963, 88.70370370370371, 88.24074074074075, 89.25925925925927, 85.55555555555556, 87.96296296296296, 83.7037037037037, 88.61111111111111, 88.05555555555556, 88.05555555555556, 89.35185185185185, 89.53703703703704, 88.05555555555556, 88.79629629629629, 88.70370370370371, 88.79629629629629, 88.33333333333333, 85.18518518518519, 62.40740740740741, 79.62962962962963, 81.01851851851852, 82.03703703703704, 82.31481481481482, 87.77777777777777, 79.53703703703704, 87.87037037037037, 82.5925925925926, 87.87037037037037, 88.33333333333333, 86.29629629629629, 87.68518518518519, 87.87037037037037, 87.87037037037037, 87.77777777777777, 87.77777777777777, 88.05555555555556, 87.87037037037037, 87.68518518518519, 87.96296296296296, 88.14814814814815, 87.87037037037037, 87.68518518518519, 87.5, 87.5925925925926, 87.96296296296296, 85.18518518518519, 87.87037037037037, 87.5925925925926, 87.5925925925926, 87.87037037037037, 87.87037037037037, 87.77777777777777, 87.31481481481481, 87.22222222222223, 87.77777777777777, 87.77777777777777, 87.68518518518519, 87.87037037037037, 87.96296296296296, 87.4074074074074, 87.87037037037037, 87.87037037037037, 87.22222222222223, 87.68518518518519, 87.87037037037037, 87.5925925925926, 87.68518518518519, 87.77777777777777, 87.12962962962963, 87.5925925925926, 87.4074074074074, 87.12962962962963, 87.31481481481481, 87.77777777777777, 87.31481481481481, 85.37037037037038, 29.166666666666668, 86.75925925925925, 78.42592592592592, 67.22222222222223, 87.31481481481481, 85.92592592592592, 87.22222222222223, 86.75925925925925, 87.12962962962963, 87.31481481481481, 87.5925925925926, 86.38888888888889, 87.4074074074074, 87.31481481481481],