{"loss": [0.36146790683269503, 0.04570329040288925, 0.03796059489250183, 0.036777280271053314, 0.02756604105234146, 0.037616707384586334, 0.02168069127947092, 0.03906886279582977, 0.020521128363907338, 0.023215248994529248, 0.02120793778449297, 0.021184170618653297, 0.01823776224628091, 0.025808020681142806, 0.019805708527565004, 0.02140693850815296, 0.028465287946164607, 0.020965094305574895, 0.023920039646327496, 0.017948549706488848, 0.01924509759992361, 0.01840589689090848, 0.017286693677306175, 0.02105092778801918, 0.016985527891665696, 0.01896374747157097, 0.019250433146953582, 0.016658957209438087, 0.019197164103388786, 0.01723586264997721, 0.024111309088766575, 0.02189742960035801, 0.018015132937580346, 0.016938446555286646, 0.015696746576577426, 0.014517910499125718, 0.017800762224942444, 0.017409790866076948, 0.017666259314864874, 0.017108926363289357, 0.022677435353398324, 0.01930337678641081, 0.01901338342577219, 0.018375821691006423, 0.02268727757036686, 0.017763390205800533, 0.01756159495562315, 0.01800196571275592, 0.017197699565440417, 0.01933100763708353, 0.017669376637786626, 0.016938320454210044, 0.016785474307835103, 0.014926289021968842, 0.013204946182668209, 0.012899776361882687, 0.01517337905243039, 0.01371805528178811, 0.01572229266166687, 0.01429383335635066, 0.016120343282818795, 0.012621116638183594, 0.013242402952164412, 0.01382721159607172, 0.01545572318136692, 0.012551302509382366, 0.013936180621385574, 0.016049683466553687, 0.012221852876245975, 0.016711533814668656, 0.013685569446533919, 0.01264109080657363, 0.012268576584756375, 0.012784629501402378, 0.012721400707960129, 0.012716016080230475, 0.03659367077052593, 0.011565597960725427, 0.011618962325155736, 0.011528941849246622, 0.010892933886498212, 0.01215787474066019, 0.011783131770789624, 0.01055578263476491, 0.011129133217036725, 0.010702286148443818, 0.012256041076034308, 0.012118360493332148, 0.014621946960687637, 0.011977899353951216, 0.011624549888074398, 0.011843784619122744, 0.01146918823942542, 0.011498394841328263, 0.01194020574912429, 0.011446818243712187, 0.011921604722738266, 0.012029766896739602, 0.012555254017934203, 0.0114251718390733], "accuracy": [90.00520833333333, 90.71875, 92.984375, 93.5, 94.02083333333333, 92.16145833333333, 95.8125, 92.171875, 96.36979166666667, 95.02083333333333, 96.625, 95.69270833333333, 97.078125, 94.43229166666667, 95.41666666666667, 96.05729166666667, 93.61458333333333, 95.61458333333333, 93.46354166666667, 95.640625, 96.03125, 96.38020833333333, 97.02604166666667, 96.30208333333333, 97.15104166666667, 96.77604166666667, 96.77604166666667, 96.5, 96.18229166666667, 95.89583333333333, 95.41145833333333, 94.86979166666667, 96.06770833333333, 96.23958333333333, 96.45833333333333, 96.92708333333333, 96.328125, 96.27604166666667, 96.265625, 97.27604166666667, 94.9375, 96.32291666666667, 96.296875, 96.33854166666667, 95.36979166666667, 96.58333333333333, 97.00520833333333, 95.64583333333333, 95.45833333333333, 97.46875, 97.53645833333333, 97.453125, 96.63541666666667, 97.30729166666667, 97.76041666666667, 98.06770833333333, 97.27604166666667, 97.97916666666667, 96.21354166666667, 97.44270833333333, 95.92708333333333, 97.859375, 97.86458333333333, 97.69270833333333, 96.49479166666667, 97.83854166666667, 97.703125, 96.265625, 98.02083333333333, 96.60416666666667, 97.55729166666667, 98.09895833333333, 98.29166666666667, 98.50520833333333, 98.265625, 98.17708333333333, 98.3125, 98.32291666666667, 98.64583333333333, 98.27604166666667, 98.19270833333333, 98.07291666666667, 97.54166666666667, 98.390625, 98.40104166666667, 98.64583333333333, 97.36979166666667, 98.49479166666667, 97.50520833333333, 98.41666666666667, 98.515625, 98.19270833333333, 98.30208333333333, 98.31770833333333, 97.5625, 98.38020833333333, 98.34375, 98.06770833333333, 98.29166666666667, 98.39583333333333], "precision": [100.0, 100.0, 97.51243781094527, 98.83720930232558, 99.10941475826972, 100.0, 99.38053097345133, 99.76133651551312, 98.88089528377299, 98.68686868686869, 98.69831546707503, 99.18991899189919, 98.92008639308855, 99.64994165694281, 98.50746268656717, 98.66108786610879, 99.43019943019942, 99.26873857404021, 99.70104633781763, 99.36189608021878, 99.31856899488926, 99.35535858178888, 99.12600145666424, 99.4281045751634, 99.07076483202287, 98.79969992498124, 98.72659176029963, 99.13385826771653, 99.66527196652719, 98.45890410958904, 98.59681945743685, 99.68119022316685, 99.8289136013687, 99.66832504145937, 99.75922953451042, 99.33234421364985, 99.11075181891673, 98.54955680902499, 99.26289926289927, 98.94884372810091, 98.46625766871165, 98.63782051282051, 99.34693877551021, 98.9541432019308, 99.04852521408183, 98.84080370942813, 98.9090909090909, 99.00542495479205, 98.97196261682242, 98.84196185286103, 98.72053872053871, 98.77300613496932, 98.9247311827957, 99.2280701754386, 99.33774834437085, 99.29980903882877, 99.29428369795342, 99.35567010309279, 99.6669442131557, 99.24190213645761, 99.56445993031359, 99.2815153494448, 99.21773142112124, 99.20053297801465, 99.36658749010293, 98.89538661468485, 99.26715522984676, 99.42481511914544, 99.35897435897436, 99.68652037617555, 99.1864406779661, 99.36507936507937, 99.37965260545906, 99.39503932244405, 99.4392523364486, 99.49558638083228, 99.50372208436724, 99.56575682382135, 99.58183990442055, 99.74953036944271, 99.68414403032217, 99.74326059050064, 99.72527472527473, 99.63031423290202, 99.63076923076923, 99.64114832535886, 99.51014695591323, 99.39430648092066, 99.51890034364261, 99.50980392156863, 99.63570127504553, 99.68414403032217, 99.56467661691542, 99.68886123210952, 99.5225102319236, 99.5686999383857, 99.56683168316832, 99.61563100576554, 99.50248756218906, 99.56949569495694], "recall": [0.052083333333333336, 7.187499999999999, 30.625000000000004, 35.41666666666667, 40.572916666666664, 21.614583333333336, 58.48958333333333, 21.770833333333332, 64.42708333333333, 50.88541666666667, 67.13541666666667, 57.395833333333336, 71.5625, 44.479166666666664, 55.00000000000001, 61.40624999999999, 36.354166666666664, 56.56250000000001, 34.739583333333336, 56.770833333333336, 60.729166666666664, 64.21875, 70.88541666666667, 63.38541666666667, 72.1875, 68.59375, 68.64583333333333, 65.57291666666667, 62.03125000000001, 59.895833333333336, 54.895833333333336, 48.854166666666664, 60.78125, 62.60416666666667, 64.73958333333333, 69.73958333333333, 63.854166666666664, 63.697916666666664, 63.125, 73.54166666666667, 50.15625, 64.11458333333333, 63.38541666666667, 64.0625, 54.21875000000001, 66.61458333333333, 70.83333333333334, 57.03125, 55.15624999999999, 75.57291666666667, 76.35416666666667, 75.46875, 67.08333333333333, 73.64583333333333, 78.125, 81.25, 73.28125, 80.3125, 62.34375, 75.0, 59.53125, 79.16666666666666, 79.27083333333333, 77.55208333333333, 65.36458333333334, 79.27083333333333, 77.60416666666666, 63.020833333333336, 80.72916666666666, 66.25, 76.19791666666667, 81.51041666666666, 83.4375, 85.57291666666667, 83.125, 82.1875, 83.54166666666667, 83.59375, 86.82291666666667, 82.96875, 82.1875, 80.9375, 75.625, 84.21875, 84.32291666666667, 86.77083333333333, 74.0625, 85.46875, 75.41666666666667, 84.58333333333333, 85.46875, 82.1875, 83.38541666666667, 83.4375, 75.98958333333333, 84.16666666666667, 83.80208333333333, 80.98958333333334, 83.33333333333334, 84.32291666666667],