{"loss": [0.8932752013206482, 0.8468765417734782, 0.6046889821688334, 0.7971193393071493, 0.6763463616371155, 0.65731414159139, 0.33878426750500995, 0.3249351382255554, 0.19250244895617166, 0.5036744872728983, 0.17390806476275125, 0.25015145540237427, 0.26191142201423645, 0.22676273683706918, 0.5706767439842224, 0.15701686342557272, 0.17366748551527658, 0.2480338712533315, 0.21228520075480142, 0.18964126706123352, 0.201248769958814, 0.21563787261644998, 0.21506204704443613, 0.183956707517306, 0.1950155347585678, 0.15951300660769144, 0.16398597260316214, 0.17758368452390036, 0.17458136876424155, 0.1737701545159022, 0.15550609429677328, 0.12556583185990652, 0.138851597905159, 0.13443128516276678, 0.12109073499838512, 0.12810524553060532, 0.1143149162332217, 0.11994153012832005, 0.1259709025422732, 0.12056940545638402, 0.10691332817077637, 0.11675417174895604, 0.1225135549902916, 0.10924599816401799, 0.1071743294596672, 0.11286393056313197, 0.11169579376777013, 0.11518208682537079, 0.10877024134000142, 0.11066063245137532, 0.11688383917013805, 0.11931616067886353, 0.12261967360973358, 0.11734279493490855, 0.12665671855211258, 0.1288620059688886, 0.12008160352706909, 0.12203219284613927, 0.1203205759326617, 0.12310228496789932, 0.13564724723498026, 0.12258146206537883, 0.12629821648200354, 0.14709709336360297, 0.12083762139081955, 0.12841265151898065, 0.12120411545038223, 0.1256044457356135, 0.12740182628234228, 0.12362881004810333, 0.14734567205111185, 0.12517394373814264, 0.11873207738002141, 0.1362536499897639, 0.14798982441425323, 0.12727612008651099, 0.13437420378128687, 0.12030446281035741, 0.12752111007769903, 0.137639711300532, 0.122379665573438, 0.1419763962427775, 0.12682972103357315, 0.12113419423500697, 0.13554009546836218, 0.11963173747062683, 0.10707997779051463, 0.12191634625196457, 0.11946657796700795, 0.12120926131804784, 0.12416424602270126, 0.12669632087151209, 0.1295267418026924, 0.1304316520690918, 0.1468756596247355, 0.14060409863789877, 0.12157107889652252, 0.14521291851997375, 0.13292972246805826, 0.12196403741836548], "accuracy": [48.375574077224016, 65.19816295288314, 71.88297329477803, 71.50875999319612, 71.45773090661677, 71.49175029766967, 71.33866303793162, 70.81136247661166, 95.10120768838237, 71.32165334240517, 95.64551794522878, 95.88365368259907, 95.91767307365198, 95.74757611838749, 71.66184725293417, 95.88365368259907, 95.66252764075523, 95.76458581391392, 95.49243068549073, 95.42439190338493, 95.37336281680558, 95.54345977207008, 95.74757611838749, 95.66252764075523, 95.23728525259398, 96.41095424391904, 95.84963429154618, 96.44497363497193, 95.86664398707264, 95.74757611838749, 96.34291546181323, 96.32590576628678, 96.15580881102228, 96.25786698418098, 95.90066337812553, 96.13879911549583, 96.75114815444803, 96.20683789760163, 96.03674094233713, 95.88365368259907, 97.278448715768, 96.12178941996939, 96.37693485286613, 97.44854567103249, 97.48256506208538, 97.10835176050348, 96.35992515733969, 96.51301241707773, 96.88722571865964, 97.55060384419119, 97.48256506208538, 96.70011906786868, 96.41095424391904, 96.37693485286613, 97.5165844531383, 97.29545841129443, 96.97227419629189, 96.49600272155128, 95.93468276917844, 96.44497363497193, 96.88722571865964, 96.90423541418609, 97.07433236945059, 96.07076033339003, 96.53002211260419, 96.85320632760674, 96.49600272155128, 96.83619663208029, 97.21040993366219, 96.37693485286613, 95.76458581391392, 96.37693485286613, 97.29545841129443, 96.25786698418098, 95.06718829732948, 96.37693485286613, 96.73413845892159, 96.61507059023643, 96.37693485286613, 96.47899302602484, 97.02330328287124, 95.28831433917333, 96.63208028576288, 96.63208028576288, 95.84963429154618, 96.73413845892159, 96.87021602313318, 96.46198333049838, 97.34648749787378, 97.36349719340024, 96.93825480523898, 97.39751658445314, 96.78516754550094, 96.22384759312808, 95.74757611838749, 95.84963429154618, 96.80217724102738, 95.54345977207008, 95.69654703180814, 96.80217724102738], "precision": [25.580814389208093, 34.479434447300775, 39.24953095684803, 38.94463024897807, 38.876488095238095, 38.855646970830215, 38.597813795702976, 37.84403669724771, 88.29787234042553, 38.6175807663411, 90.234375, 90.36608863198458, 90.38461538461539, 90.44834307992203, 38.73943120676403, 90.36608863198458, 91.04477611940298, 91.34328358208955, 91.6241062308478, 92.28362877997914, 92.17118997912317, 92.16494845360825, 92.52049180327869, 92.3076923076923, 92.10526315789474, 96.47058823529412, 92.65306122448979, 95.8904109589041, 92.5737538148525, 88.28413284132841, 92.44357212953877, 93.54838709677419, 91.94499017681729, 91.34615384615384, 93.56178608515057, 91.6911045943304, 97.95037756202805, 93.15206445115811, 93.17023445463812, 91.9, 97.71784232365145, 92.85714285714286, 94.37052200614124, 98.13664596273291, 97.35772357723577, 97.79411764705883, 91.15969581749049, 92.59980525803311, 93.67088607594937, 97.75510204081633, 97.6482617586912, 92.67822736030828, 91.18483412322274, 91.16809116809117, 97.94661190965093, 96.84638860630722, 94.47731755424064, 93.87550200803213, 90.54966248794601, 93.94550958627649, 96.09455292908531, 96.28865979381443, 98.40085287846482, 98.73708381171068, 93.11023622047244, 96.8586387434555, 93.18181818181817, 96.85534591194968, 96.92622950819673, 91.9651500484027, 96.63299663299664, 92.21032132424537, 96.94189602446484, 91.42581888246627, 94.48198198198197, 94.55292908530318, 98.79120879120879, 93.22865554465162, 94.82936918304034, 94.76923076923077, 99.1313789359392, 92.6673751328374, 98.78318584070797, 92.48554913294798, 94.75374732334048, 94.48897795591182, 94.09448818897637, 94.21906693711968, 98.73417721518987, 98.73551106427819, 98.91304347826086, 98.63588667366213, 94.95459132189707, 99.19724770642202, 94.71982758620689, 95.04310344827587, 94.68937875751503, 92.51559251559252, 94.60625674217907, 94.68937875751503], "recall": [94.81481481481482, 99.35185185185185, 96.85185185185186, 97.03703703703704, 96.75925925925925, 96.2037037037037, 94.81481481481482, 91.66666666666666, 84.53703703703704, 95.18518518518519, 85.55555555555556, 86.85185185185185, 87.03703703703704, 85.92592592592592, 93.33333333333333, 86.85185185185185, 84.72222222222221, 85.0, 83.05555555555556, 81.94444444444444, 81.75925925925925, 82.77777777777777, 83.61111111111111, 83.33333333333334, 81.01851851851852, 83.51851851851852, 84.07407407407408, 84.25925925925925, 84.25925925925925, 88.61111111111111, 87.22222222222223, 85.92592592592592, 86.66666666666667, 87.96296296296296, 83.42592592592592, 86.85185185185185, 84.07407407407408, 85.64814814814815, 84.62962962962963, 85.0925925925926, 87.22222222222223, 85.46296296296296, 85.37037037037038, 87.77777777777777, 88.70370370370371, 86.20370370370371, 88.79629629629629, 88.05555555555556, 89.07407407407408, 88.70370370370371, 88.42592592592592, 89.07407407407408, 89.07407407407408, 88.88888888888889, 88.33333333333333, 88.14814814814815, 88.70370370370371, 86.57407407407408, 86.94444444444444, 86.20370370370371, 86.57407407407408, 86.48148148148148, 85.46296296296296, 79.62962962962963, 87.5925925925926, 85.64814814814815, 87.31481481481481, 85.55555555555556, 87.5925925925926, 87.96296296296296, 79.72222222222223, 87.68518518518519, 88.05555555555556, 87.87037037037037, 77.68518518518519, 85.18518518518519, 83.24074074074073, 87.96296296296296, 84.9074074074074, 85.55555555555556, 84.53703703703704, 80.74074074074075, 82.68518518518519, 88.88888888888889, 81.94444444444444, 87.31481481481481, 88.51851851851852, 86.01851851851852, 86.66666666666667, 86.75925925925925, 84.25925925925925, 87.03703703703704, 87.12962962962963, 80.0925925925926, 81.38888888888889, 81.66666666666667, 87.5, 82.4074074074074, 81.2037037037037, 87.5],