{"loss": [0.7149003545443217, 0.5781549413998922, 0.5563228527704874, 0.46113094687461853, 0.4766425887743632, 0.5379650394121805, 0.6172581712404887, 0.6628749370574951, 0.48031410574913025, 0.42902607719103497, 0.26629066467285156, 0.1445699781179428, 0.129532461365064, 0.11632259438435237, 0.10812131315469742, 0.09888182332118352, 0.09104669094085693, 0.09653351952632268, 0.09084032972653706, 0.08456009129683177, 0.08268004407485326, 0.08404550949732463, 0.09228209902842839, 0.09914316485325496, 0.08553630858659744, 0.09864543378353119, 0.08058751871188481, 0.09153591096401215, 0.07790050655603409, 0.08781583110491435, 0.07464423775672913, 0.08356872697671254, 0.0734321375687917, 0.0733241190512975, 0.07386602461338043, 0.07233710090319316, 0.072947492202123, 0.07010307908058167, 0.07118801275889079, 0.0722915306687355, 0.07273805886507034, 0.07204701751470566, 0.07149602596958478, 0.07691607375939687, 0.0741070384780566, 0.07386243343353271, 0.07500121494134267, 0.07310415804386139, 0.07782986760139465, 0.07434997210899989, 0.07880569249391556, 0.0755155881245931, 0.07828695327043533, 0.07892182221015294, 0.08154060691595078, 0.08026059965292613, 0.07751483470201492, 0.07913550237814586, 0.08133570849895477, 0.08549359192450841, 0.07768547783295314, 0.08531136314074199, 0.07395751774311066, 0.07641313970088959, 0.07240686068932216, 0.0756713127096494, 0.07237243155638377, 0.07343643407026927, 0.06997736791769664, 0.07198582837978999, 0.06945626189311345, 0.07376592606306076, 0.06956919034322102, 0.06819091985623042, 0.07050365209579468, 0.0698678990205129, 0.07269745444258054, 0.07672655085722606, 0.07023092607657115, 0.07079204420248668, 0.06965598091483116, 0.06878682598471642, 0.0743095651268959, 0.08127421389023463, 0.075931616127491, 0.07459363589684169, 0.07460211962461472, 0.07182396948337555, 0.07147517303625743, 0.07105108350515366, 0.0699455514550209, 0.06909433752298355, 0.06743491192658742, 0.06750469654798508, 0.0621039035419623, 0.06813487534721692, 0.07157482206821442, 0.06354931866129239, 0.07158552358547847, 0.0551606056590875], "accuracy": [32.38646028236094, 65.26620173498894, 67.74961728185066, 66.49089981289335, 67.93672393264161, 68.12383058343255, 70.18200374213302, 68.71916992685831, 71.33866303793162, 69.97788739581561, 96.32590576628678, 93.80847082837217, 93.82548052389862, 95.11821738390883, 95.11821738390883, 95.11821738390883, 93.60435448205477, 95.05017860180303, 95.18625616601463, 95.32233373022623, 95.30532403469978, 93.75744174179282, 93.24715087599932, 95.52645007654363, 95.20326586154108, 95.15223677496172, 95.49243068549073, 95.54345977207008, 95.42439190338493, 95.56046946759653, 95.57747916312297, 95.56046946759653, 95.59448885864943, 95.61149855417588, 95.64551794522878, 95.67953733628168, 95.73056642286103, 95.56046946759653, 95.76458581391392, 95.56046946759653, 95.73056642286103, 95.61149855417588, 95.59448885864943, 95.54345977207008, 95.61149855417588, 95.62850824970234, 95.59448885864943, 95.71355672733458, 95.52645007654363, 95.66252764075523, 95.57747916312297, 95.56046946759653, 95.54345977207008, 95.50944038101719, 95.61149855417588, 95.49243068549073, 95.45841129443782, 95.54345977207008, 95.50944038101719, 95.71355672733458, 95.54345977207008, 95.57747916312297, 95.78159550944038, 95.86664398707264, 95.91767307365198, 95.52645007654363, 95.84963429154618, 95.93468276917844, 95.90066337812553, 95.90066337812553, 95.90066337812553, 95.71355672733458, 96.10477972444293, 96.17281850654874, 96.01973124681068, 95.90066337812553, 96.03674094233713, 95.88365368259907, 95.95169246470488, 96.01973124681068, 96.05375063786359, 95.93468276917844, 95.91767307365198, 96.12178941996939, 95.96870216023133, 95.93468276917844, 96.03674094233713, 96.05375063786359, 96.08777002891648, 96.12178941996939, 96.24085728865454, 96.01973124681068, 95.83262459601973, 97.21040993366219, 96.15580881102228, 96.15580881102228, 96.13879911549583, 97.26143902024154, 97.17639054260928, 97.17639054260928], "precision": [20.927897168106046, 31.930879038317055, 33.8479809976247, 33.01526717557252, 34.18467583497053, 34.30830039525692, 37.458069325382034, 36.60430638898694, 38.84998157021747, 36.942432329393824, 89.92606284658041, 88.32976445396146, 88.17891373801918, 88.60759493670885, 88.7585532746823, 88.83447600391773, 87.93103448275862, 88.94373149062191, 89.33859822309971, 90.04975124378109, 89.88095238095238, 88.1283422459893, 89.66318234610917, 90.64676616915422, 88.88888888888889, 88.62973760932945, 90.87261785356068, 90.65606361829026, 90.10880316518298, 90.74626865671642, 91.33064516129032, 90.9090909090909, 91.25628140703517, 91.34808853118712, 91.2, 91.46586345381526, 91.57472417251755, 90.66534260178749, 91.75879396984925, 90.990990990991, 91.742195367573, 90.77380952380952, 91.00899100899102, 90.17681728880157, 90.77380952380952, 91.1911911911912, 90.9272183449651, 90.8284023668639, 90.64676616915422, 91.04477611940298, 90.35433070866141, 90.990990990991, 91.06425702811245, 91.04627766599597, 90.85487077534792, 90.95477386934674, 91.01917255297678, 91.22983870967742, 91.12903225806451, 92.33128834355828, 90.98196392785572, 91.24748490945674, 92.62295081967213, 93.01130524152107, 92.94478527607362, 93.41126461211478, 93.54166666666667, 93.12820512820514, 93.38159255429163, 92.41658240647118, 93.47150259067357, 93.39622641509435, 93.64102564102565, 93.75639713408394, 93.34016393442623, 92.58883248730965, 93.43589743589743, 92.49492900608519, 93.67219917012449, 93.51851851851852, 93.80165289256198, 92.26130653266331, 92.33870967741935, 93.73716632443532, 93.49845201238391, 92.60385005065856, 92.64853977844915, 92.74193548387096, 93.63449691991786, 94.00826446280992, 94.05128205128204, 93.07535641547861, 92.90853031860226, 93.78585086042065, 93.75, 94.20289855072464, 94.28868120456906, 94.3961352657005, 94.62890625, 94.80392156862744], "recall": [96.48148148148148, 78.70370370370371, 79.16666666666666, 80.0925925925926, 80.55555555555556, 80.37037037037037, 93.05555555555556, 96.01851851851852, 97.5925925925926, 89.72222222222223, 90.0925925925926, 76.38888888888889, 76.66666666666667, 84.25925925925925, 84.07407407407408, 83.98148148148148, 75.55555555555556, 83.42592592592592, 83.79629629629629, 83.79629629629629, 83.88888888888889, 76.29629629629629, 71.48148148148148, 84.35185185185186, 84.44444444444444, 84.44444444444444, 83.88888888888889, 84.44444444444444, 84.35185185185186, 84.44444444444444, 83.88888888888889, 84.25925925925925, 84.07407407407408, 84.07407407407408, 84.44444444444444, 84.35185185185186, 84.53703703703704, 84.53703703703704, 84.53703703703704, 84.16666666666667, 84.35185185185186, 84.72222222222221, 84.35185185185186, 85.0, 84.72222222222221, 84.35185185185186, 84.44444444444444, 85.27777777777777, 84.35185185185186, 84.72222222222221, 85.0, 84.16666666666667, 83.98148148148148, 83.79629629629629, 84.62962962962963, 83.79629629629629, 83.51851851851852, 83.79629629629629, 83.7037037037037, 83.61111111111111, 84.07407407407408, 83.98148148148148, 83.7037037037037, 83.79629629629629, 84.16666666666667, 81.38888888888889, 83.14814814814815, 84.07407407407408, 83.61111111111111, 84.62962962962963, 83.51851851851852, 82.5, 84.53703703703704, 84.81481481481481, 84.35185185185186, 84.44444444444444, 84.35185185185186, 84.44444444444444, 83.61111111111111, 84.16666666666667, 84.07407407407408, 85.0, 84.81481481481481, 84.53703703703704, 83.88888888888889, 84.62962962962963, 85.18518518518519, 85.18518518518519, 84.44444444444444, 84.25925925925925, 84.9074074074074, 84.62962962962963, 83.7037037037037, 90.83333333333333, 84.72222222222221, 84.25925925925925, 84.07407407407408, 90.46296296296296, 89.72222222222223, 89.53703703703704],