{"loss": [0.4128852089246114, 0.35421382387479144, 0.4196514884630839, 0.3735756774743398, 0.3588496148586273, 0.3067881067593892, 0.41570282975832623, 0.3011280397574107, 0.29389583071072894, 0.2860704759756724, 0.3103373448053996, 0.28576449553171795, 0.2831795612970988, 0.28834567467371625, 0.2856599986553192, 0.2818856438000997, 0.2977251013120015, 0.28696297605832416, 0.27295024196306866, 0.27785470088322956, 0.2726739247639974, 0.27968374888102215, 0.3112918833891551, 0.2582654307285945, 0.25877927740414935, 0.25284499923388165, 0.2561464210351308, 0.2573053489128749, 0.2525743395090103, 0.25515348215897876, 0.26012447476387024, 0.2594858954350154, 0.2564541846513748, 0.24732538561026254, 0.24731558561325073, 0.24432391921679178, 0.2505846470594406, 0.24614148338635763, 0.2575954496860504, 0.24956664443016052, 0.23652970294157663, 0.23773535589377084, 0.23652207354704538, 0.2268608957529068, 0.2301072676976522, 0.22614880899588266, 0.2471311887105306, 0.2220062017440796, 0.2254621982574463, 0.22993568579355875, 0.22646347184975943, 0.2324481854836146, 0.2250849505265554, 0.22341916958491007, 0.22477714717388153, 0.22129925588766733, 0.227368434270223, 0.24846749007701874, 0.218815286954244, 0.21684479713439941, 0.21259644130865732, 0.21644327541192374, 0.21351464092731476, 0.2186691164970398, 0.20762370030085245, 0.19439848264058432, 0.15286302318175635, 0.13050981859366098, 0.15830679734547934, 0.14892232666412988, 0.14644520978132883, 0.1306595355272293, 0.13383441915114722, 0.15308164556821188, 0.12461572885513306, 0.14062694211800894, 0.13946073005596796, 0.13520661493142447, 0.13914353648821512, 0.13307038446267447, 0.12042137483755748, 0.1088758111000061, 0.14147444566090903, 0.13196729123592377, 0.12684471408526102, 0.12646512687206268, 0.12046005328496297, 0.12494825571775436, 0.12778020898501077, 0.1144481028119723, 0.12040251245101292, 0.12737845381100973, 0.13348542153835297, 0.13065825154383978, 0.14155511558055878, 0.13450106978416443, 0.12727229048808417, 0.12468738853931427, 0.11917525281508763, 0.13708074390888214], "accuracy": [84.60622554856268, 88.87565912570165, 86.86851505358054, 89.76016329307706, 90.16839598571185, 91.93740432046266, 86.91954414015989, 91.75029766967171, 92.26058853546522, 92.75386970573227, 92.24357883993876, 92.66882122810001, 92.80489879231162, 92.70284061915292, 92.71985031467936, 93.06004422520837, 92.37965640415037, 92.63480183704712, 93.17911209389352, 93.28117026705222, 93.38322844021091, 93.17911209389352, 91.51216193230141, 93.67239326416058, 93.74043204626638, 93.84249021942507, 93.79146113284573, 93.80847082837217, 93.72342235073992, 93.80847082837217, 93.72342235073992, 93.84249021942507, 93.75744174179282, 94.26773260758632, 93.89351930600442, 94.31876169416567, 93.87650961047797, 93.87650961047797, 93.55332539547543, 93.80847082837217, 93.92753869705733, 93.85949991495153, 94.25072291205987, 94.26773260758632, 94.43782956285082, 94.47184895390373, 94.11464534784827, 95.06718829732948, 94.94812042864433, 94.60792651811532, 95.05017860180303, 94.16567443442763, 94.94812042864433, 95.13522707943528, 95.08419799285593, 95.06718829732948, 94.74400408232692, 93.68940295968702, 95.22027555706752, 95.08419799285593, 95.18625616601463, 95.15223677496172, 95.11821738390883, 95.06718829732948, 95.03316890627657, 94.64194590916823, 95.18625616601463, 95.22027555706752, 94.50586834495662, 94.76101377785338, 96.47899302602484, 96.98928389181833, 97.00629358734479, 96.17281850654874, 96.95526450076544, 96.29188637523389, 96.37693485286613, 96.56404150365708, 96.44497363497193, 96.90423541418609, 97.05732267392413, 97.09134206497704, 96.15580881102228, 96.76815784997449, 96.97227419629189, 96.98928389181833, 97.0403129783977, 96.83619663208029, 96.92124510971253, 96.98928389181833, 97.02330328287124, 96.68310937234223, 96.83619663208029, 96.81918693655383, 96.29188637523389, 96.76815784997449, 96.98928389181833, 96.87021602313318, 97.02330328287124, 96.75114815444803], "precision": [100.0, 99.30555555555556, 100.0, 99.79166666666667, 99.40944881889764, 99.50980392156863, 99.36507936507937, 99.33665008291874, 99.52456418383518, 99.54545454545455, 99.68152866242038, 99.39117199391173, 99.5475113122172, 99.39301972685888, 99.39393939393939, 99.41176470588235, 99.52978056426332, 99.5405819295559, 99.13169319826338, 99.56584659913169, 99.56958393113344, 99.56204379562044, 99.48892674616695, 99.4413407821229, 99.44444444444444, 99.31318681318682, 99.58391123439667, 99.4475138121547, 99.581589958159, 99.4475138121547, 99.581589958159, 99.44903581267218, 99.58275382475661, 99.59946595460613, 99.58734525447042, 99.60106382978722, 99.58677685950413, 99.58677685950413, 99.57567185289957, 99.4475138121547, 99.45280437756497, 99.44979367262724, 99.33510638297872, 99.46737683089214, 99.34469200524246, 99.34640522875817, 99.46091644204851, 99.375, 99.24528301886792, 99.35316946959897, 99.25093632958801, 99.33065595716198, 99.24528301886792, 99.25558312655087, 99.25280199252802, 99.25187032418953, 99.23371647509579, 99.30458970792768, 99.26017262638717, 99.25280199252802, 99.2583436341162, 99.25650557620817, 99.25465838509317, 99.25187032418953, 99.49748743718592, 99.48253557567918, 99.50310559006212, 99.38195302843016, 99.47712418300654, 99.36061381074168, 95.32710280373831, 95.46827794561933, 95.4728370221328, 95.3340402969247, 95.45913218970736, 95.36842105263158, 95.39267015706805, 95.44513457556936, 95.4118873826903, 95.53752535496957, 95.57788944723619, 95.67839195979899, 95.52238805970148, 95.59426229508196, 95.64777327935222, 95.65217391304348, 95.66532258064517, 95.61224489795919, 95.63451776649747, 95.65217391304348, 95.66094853683148, 95.6656346749226, 95.70552147239265, 95.60776302349336, 95.46413502109705, 95.59426229508196, 95.74468085106383, 95.71428571428572, 95.66094853683148, 95.68345323741008], "recall": [16.203703703703702, 39.72222222222222, 28.51851851851852, 44.351851851851855, 46.75925925925926, 56.388888888888886, 28.98148148148148, 55.46296296296296, 58.14814814814815, 60.83333333333333, 57.96296296296296, 60.46296296296296, 61.111111111111114, 60.64814814814815, 60.74074074074074, 62.59259259259259, 58.79629629629629, 60.18518518518518, 63.42592592592593, 63.70370370370371, 64.25925925925927, 63.14814814814815, 54.074074074074076, 65.92592592592592, 66.2962962962963, 66.94444444444444, 66.48148148148148, 66.66666666666666, 66.11111111111111, 66.66666666666666, 66.11111111111111, 66.85185185185185, 66.2962962962963, 69.07407407407408, 67.03703703703704, 69.35185185185185, 66.94444444444444, 66.94444444444444, 65.18518518518519, 66.66666666666666, 67.31481481481481, 66.94444444444444, 69.16666666666667, 69.16666666666667, 70.18518518518519, 70.37037037037037, 68.33333333333333, 73.61111111111111, 73.05555555555556, 71.11111111111111, 73.61111111111111, 68.7037037037037, 73.05555555555556, 74.07407407407408, 73.79629629629629, 73.70370370370371, 71.94444444444444, 66.11111111111111, 74.53703703703704, 73.79629629629629, 74.35185185185185, 74.16666666666667, 73.98148148148148, 73.70370370370371, 73.33333333333333, 71.2037037037037, 74.16666666666667, 74.44444444444444, 70.46296296296296, 71.94444444444444, 85.0, 87.77777777777777, 87.87037037037037, 83.24074074074073, 87.5925925925926, 83.88888888888889, 84.35185185185186, 85.37037037037038, 84.72222222222221, 87.22222222222223, 88.05555555555556, 88.14814814814815, 82.96296296296296, 86.38888888888889, 87.5, 87.5925925925926, 87.87037037037037, 86.75925925925925, 87.22222222222223, 87.5925925925926, 87.77777777777777, 85.83333333333333, 86.66666666666667, 86.66666666666667, 83.79629629629629, 86.38888888888889, 87.5, 86.85185185185185, 87.77777777777777, 86.20370370370371],