{"loss": [0.45767877499262494, 0.5860734979311625, 1.4703118006388347, 0.9663555026054382, 0.8117154637972513, 0.6831991871198019, 0.5948720375696818, 0.48972123861312866, 0.25997193654378253, 0.15737069646517435, 0.12135301033655803, 0.11148660133282344, 0.1299347629149755, 0.14282341301441193, 0.15028884013493857, 0.1358701487382253, 0.13722065587838492, 0.2456936240196228, 0.30088407794634503, 0.3501960138479869, 0.8174529671669006, 0.539493461449941, 0.2641231417655945, 0.20574102302392325, 0.1570830891529719, 0.16031506657600403, 0.2398173858722051, 0.16445169846216837, 0.3021073341369629, 0.9987447460492452, 0.524824321269989, 0.566940704981486, 0.18955235183238983, 0.08768552790085475, 0.10955112179120381, 0.11032138516505559, 0.2208104928334554, 0.13131144642829895, 0.13506933053334555, 0.23342378437519073, 0.599594791730245, 0.558862050374349, 0.5369409918785095, 0.3240869641304016, 0.39208205540974933, 0.29214106996854144, 0.3744302789370219, 0.38638190428415936, 0.6529504259427389, 0.36097293098767597, 0.6412025491396586, 0.21738270918528238, 0.12523586799701056, 0.1299421787261963, 0.11762829621632893, 0.15856731434663138, 0.2981558640797933, 0.4113597373167674, 0.31626103321711224, 0.5071497956911722, 0.2430241604646047, 0.3281315465768178, 0.20366854965686798, 0.08594430734713872, 0.08186355233192444, 0.14789641400178274, 0.1258005996545156, 0.13964398205280304, 0.18719089031219482, 0.2174946367740631, 0.20519437392552695, 0.2207648754119873, 0.16463422775268555, 0.07144881784915924, 0.09913551807403564, 0.1315245976050695, 0.09521123766899109, 0.059359694520632424, 0.0874589482943217, 0.11952810734510422, 0.054404022792975106, 0.18134436508019766, 0.044129665940999985, 0.06657993793487549, 0.07134290784597397, 0.05466111501057943, 0.05614087482293447, 0.05624406163891157, 0.05450260763367017, 0.04690872256954511, 0.06923846279581387, 0.04027977213263512, 0.05128477265437444, 0.07481496036052704, 0.04981720820069313, 0.12016058464845021, 0.0990482767422994, 0.21877392133076987, 0.06466890002290408, 0.10262463490168254], "accuracy": [82.92226569144412, 67.03521006973975, 50.24664058513353, 66.76305494131655, 67.3924136757952, 68.08981119237966, 68.75318931791121, 70.43714917502977, 96.68310937234223, 95.56046946759653, 94.09763565232183, 94.13165504337472, 95.49243068549073, 96.41095424391904, 96.49600272155128, 96.61507059023643, 96.44497363497193, 96.22384759312808, 70.35210069739752, 70.65827521687362, 70.14798435108011, 70.18200374213302, 70.25004252423882, 96.70011906786868, 96.87021602313318, 97.70369110392924, 96.32590576628678, 96.70011906786868, 71.03248851845552, 69.56965470318082, 67.71559789079775, 68.95730566422861, 97.07433236945059, 97.41452627997958, 97.41452627997958, 97.41452627997958, 97.38050688892669, 97.39751658445314, 97.38050688892669, 97.05732267392413, 71.25361456029937, 71.06650790950842, 70.72631399897942, 71.23660486477291, 71.45773090661677, 71.45773090661677, 71.47474060214323, 71.32165334240517, 71.16856608266713, 71.25361456029937, 71.23660486477291, 97.43153597550604, 97.44854567103249, 97.43153597550604, 97.29545841129443, 97.31246810682089, 71.55978907977547, 71.04949821398196, 71.11753699608776, 71.11753699608776, 71.27062425582582, 71.42371151556387, 97.46555536655895, 97.41452627997958, 97.32947780234734, 97.32947780234734, 97.36349719340024, 97.38050688892669, 97.0403129783977, 96.97227419629189, 96.78516754550094, 97.10835176050348, 97.278448715768, 97.26143902024154, 97.29545841129443, 97.26143902024154, 97.29545841129443, 97.29545841129443, 97.278448715768, 97.26143902024154, 97.31246810682089, 97.14237115155639, 97.26143902024154, 97.17639054260928, 97.15938084708284, 97.24442932471509, 97.26143902024154, 97.29545841129443, 97.278448715768, 97.31246810682089, 97.31246810682089, 97.31246810682089, 97.34648749787378, 97.34648749787378, 97.36349719340024, 97.02330328287124, 96.97227419629189, 96.90423541418609, 97.44854567103249, 97.09134206497704], "precision": [96.34146341463415, 34.97899159663865, 26.42473805264503, 35.50099535500995, 35.95166163141994, 36.45336963921035, 36.92573402417962, 38.23319027181688, 91.39382600561272, 92.0, 91.22609673790775, 91.43179255918827, 91.28672745694021, 91.42040038131553, 91.85823754789271, 91.99237368922783, 91.123701605288, 89.94413407821229, 38.054054054054056, 38.428417653390746, 37.99359658484525, 38.0716058135413, 38.10032017075774, 91.79245283018868, 93.4108527131783, 98.2635342185904, 90.4494382022472, 92.51439539347409, 38.58556247709784, 37.55703755703756, 36.210384356035064, 37.12409263740062, 93.57005758157389, 98.73949579831933, 98.73949579831933, 98.73949579831933, 98.94291754756871, 99.46638207043756, 99.25531914893617, 94.3304007820137, 38.72041420118343, 38.704983630411064, 38.508425959125134, 38.91911498005078, 38.95048041389505, 38.94230769230769, 38.98930284028034, 38.90922401171303, 38.76507124588966, 38.85233918128655, 38.82180753750457, 99.25768822905621, 99.36305732484077, 99.25768822905621, 98.32109129066107, 98.42436974789915, 38.804841149773075, 38.62472567666423, 38.689604685212295, 38.689604685212295, 38.81748071979435, 38.73873873873874, 99.15522703273496, 99.15254237288136, 99.2529348986126, 99.04357066950054, 99.2545260915868, 99.15074309978769, 94.58661417322834, 94.47731755424064, 93.12681510164569, 97.19917012448133, 98.42105263157895, 98.72746553552491, 99.1462113127001, 98.83103081827844, 98.73015873015873, 99.04153354632588, 98.72881355932203, 98.72746553552491, 99.04255319148936, 98.2029598308668, 98.83103081827844, 97.60416666666667, 97.40394600207685, 98.5200845665962, 98.62433862433862, 98.93730074388948, 98.93617021276596, 99.04255319148936, 99.04255319148936, 99.04255319148936, 99.25373134328358, 98.9406779661017, 99.0455991516437, 96.794208893485, 95.74036511156187, 95.53752535496957, 99.0506329113924, 96.51995905834187], "recall": [7.314814814814814, 92.5, 95.74074074074073, 99.07407407407408, 99.16666666666667, 99.16666666666667, 98.98148148148148, 98.98148148148148, 90.46296296296296, 83.05555555555556, 75.0925925925926, 75.0925925925926, 83.42592592592592, 88.79629629629629, 88.79629629629629, 89.35185185185185, 89.35185185185185, 89.44444444444444, 97.77777777777777, 99.16666666666667, 98.88888888888889, 99.44444444444444, 99.16666666666667, 90.0925925925926, 89.25925925925927, 89.07407407407408, 89.44444444444444, 89.25925925925927, 97.5, 99.07407407407408, 99.44444444444444, 99.44444444444444, 90.27777777777779, 87.03703703703704, 87.03703703703704, 87.03703703703704, 86.66666666666667, 86.29629629629629, 86.38888888888889, 89.35185185185185, 96.94444444444444, 98.51851851851852, 99.44444444444444, 99.35185185185185, 97.5925925925926, 97.5, 97.87037037037038, 98.42592592592592, 98.24074074074073, 98.42592592592592, 98.24074074074073, 86.66666666666667, 86.66666666666667, 86.66666666666667, 86.75925925925925, 86.75925925925925, 95.0, 97.77777777777777, 97.87037037037038, 97.87037037037038, 97.87037037037038, 95.55555555555556, 86.94444444444444, 86.66666666666667, 86.11111111111111, 86.29629629629629, 86.29629629629629, 86.48148148148148, 88.98148148148148, 88.70370370370371, 89.07407407407408, 86.75925925925925, 86.57407407407408, 86.20370370370371, 86.01851851851852, 86.11111111111111, 86.38888888888889, 86.11111111111111, 86.29629629629629, 86.20370370370371, 86.20370370370371, 86.01851851851852, 86.11111111111111, 86.75925925925925, 86.85185185185185, 86.29629629629629, 86.29629629629629, 86.20370370370371, 86.11111111111111, 86.20370370370371, 86.20370370370371, 86.20370370370371, 86.20370370370371, 86.48148148148148, 86.48148148148148, 86.66666666666667, 87.4074074074074, 87.22222222222223, 86.94444444444444, 87.31481481481481],