{"loss": [0.45541449387868244, 1.5591901540756226, 0.7224525809288025, 0.49055591225624084, 0.6446232000986735, 0.7322101990381876, 0.5404071807861328, 0.5221518476804098, 0.6944027543067932, 0.598916232585907, 0.41138585408528644, 0.6171776453653971, 0.35227059324582416, 0.1954654355843862, 0.2155945748090744, 0.30564940969149273, 0.37489693363507587, 0.18738986055056253, 0.33656970659891766, 0.2769993046919505, 0.38887491822242737, 0.1707682510217031, 0.3971931040287018, 0.20477289458115897, 1.0089584589004517, 0.7010574738184611, 0.24373108645280203, 0.19477546711762747, 0.22934123377005258, 0.19797383248806, 0.290128489335378, 0.40997416774431866, 0.23839844266573587, 0.2477214733759562, 0.204285259048144, 0.31017054120699566, 0.24505813419818878, 0.21502811213334402, 0.2224367012580236, 0.19604752957820892, 0.19543113807837167, 0.23396256069342294, 0.2234923243522644, 0.22253999610741934, 0.2256800333658854, 0.2309780716896057, 0.19729379812876383, 0.20116531352202097, 0.2196513464053472, 0.19156221548716226, 0.21438642839590707, 0.19546870390574136, 0.1919937531153361, 0.21447144448757172, 0.19578680396080017, 0.1936682959397634, 0.17720449964205423, 0.17642046014467874, 0.182159756620725, 0.18685240050156912, 0.15801968177159628, 0.18057729303836823, 0.15250025689601898, 0.13704371949036917, 0.1553521603345871, 0.14813351134459177, 0.19287763039271036, 0.13718067357937494, 0.13357368111610413, 0.13308938592672348, 0.2216145545244217, 0.1282837763428688, 0.12974208345015845, 0.13552658259868622, 0.5431031584739685, 0.14822566509246826, 0.14809738099575043, 0.20255783200263977, 0.11427053064107895, 0.12821284184853235, 0.14191851516564688, 0.2545577088991801, 0.1282397359609604, 0.13509559134642282, 0.09442586451768875, 0.12859358141819635, 0.1243051141500473, 0.12199992934862773, 0.12471914043029149, 0.11202629903952281, 0.11522379765907924, 0.10933667172988255, 0.09836923082669576, 0.10301283498605092, 0.10166799525419871, 0.10580180088678996, 0.10127969334522884, 0.10114741077025731, 0.2191858688990275, 0.1325774888197581], "accuracy": [81.66354822248682, 37.28525259397857, 67.00119067868685, 70.09695526450076, 68.63412144922606, 67.63054941316551, 71.06650790950842, 70.74332369450588, 70.55621704371492, 70.87940125871746, 70.91342064977037, 70.59023643476782, 70.65827521687362, 96.17281850654874, 95.98571185575778, 95.39037251233204, 70.19901343765946, 96.07076033339003, 70.47116856608267, 95.61149855417588, 70.89641095424392, 96.24085728865454, 71.01547882292907, 95.78159550944038, 70.89641095424392, 70.23303282871237, 96.17281850654874, 95.83262459601973, 95.83262459601973, 95.91767307365198, 95.69654703180814, 70.70930430345297, 95.78159550944038, 95.91767307365198, 96.15580881102228, 95.96870216023133, 96.22384759312808, 95.49243068549073, 95.96870216023133, 95.96870216023133, 96.01973124681068, 94.98213981969722, 95.71355672733458, 94.91410103759142, 94.93111073311788, 94.67596530022112, 95.11821738390883, 95.20326586154108, 94.70998469127403, 95.59448885864943, 94.76101377785338, 94.84606225548562, 95.11821738390883, 94.99914951522368, 95.16924647048818, 95.28831433917333, 95.45841129443782, 95.18625616601463, 95.28831433917333, 95.42439190338493, 96.03674094233713, 95.50944038101719, 95.98571185575778, 96.42796393944549, 96.07076033339003, 96.13879911549583, 96.37693485286613, 96.49600272155128, 96.56404150365708, 96.47899302602484, 96.59806089470999, 97.09134206497704, 96.61507059023643, 96.42796393944549, 71.30464364687872, 96.56404150365708, 96.30889607076033, 96.27487667970743, 97.66967171287634, 96.59806089470999, 96.58105119918353, 96.37693485286613, 96.61507059023643, 96.41095424391904, 96.70011906786868, 96.51301241707773, 96.46198333049838, 96.68310937234223, 96.90423541418609, 96.81918693655383, 96.90423541418609, 97.09134206497704, 97.17639054260928, 97.15938084708284, 97.12536145602994, 97.19340023813574, 97.19340023813574, 97.10835176050348, 97.21040993366219, 97.17639054260928], "precision": [100.0, 22.447685478757133, 35.49257759784076, 37.91874554526016, 36.86382393397524, 36.186639812017454, 38.75407461064832, 38.53868194842407, 38.412246351014595, 38.67383512544803, 38.70157819225251, 38.4396152475953, 38.494470210488764, 88.06767586821015, 86.82373472949389, 84.07750631844986, 38.08510638297872, 87.26953467954345, 38.302425106990015, 85.18835616438356, 38.614218693612415, 88.65886588658866, 38.67924528301887, 86.17391304347825, 38.60599494402312, 38.06980056980057, 88.20375335120644, 86.33594429939077, 86.52668416447943, 87.10247349823321, 85.8008658008658, 38.50286532951289, 86.04852686308492, 86.64921465968587, 87.72084805653711, 86.94127957931639, 88.09946714031972, 84.97854077253218, 86.8122270742358, 86.94127957931639, 87.36749116607774, 82.51864125932062, 85.56701030927834, 82.24607762180017, 82.31404958677686, 81.3061224489796, 83.17991631799163, 83.52941176470588, 81.43908421913328, 85.47968885047537, 81.69129720853859, 82.0280296784831, 83.29135180520571, 82.80467445742904, 83.78607809847199, 84.11214953271028, 84.83290488431876, 83.62869198312237, 84.11214953271028, 84.62852263023058, 87.37864077669903, 84.99142367066895, 87.34513274336283, 89.25992779783394, 87.53315649867373, 87.84383318544809, 89.01890189018901, 89.65517241379311, 89.98178506375227, 89.57388939256573, 90.21937842778793, 92.75634995296332, 90.22831050228311, 89.25992779783394, 38.93547211082756, 90.05474452554745, 88.63025962399284, 88.33481745325022, 96.18021547502448, 90.0728597449909, 90.06381039197812, 88.87892376681614, 90.37580201649862, 88.89883616830797, 90.9426987060998, 89.30817610062893, 89.06810035842294, 90.633608815427, 91.65120593692022, 91.22807017543859, 91.65120593692022, 92.67605633802816, 93.19470699432893, 93.02544769085767, 92.85042333019756, 93.36492890995261, 93.28287606433302, 93.66602687140116, 93.1261770244821, 93.35863377609108], "recall": [0.1851851851851852, 98.33333333333333, 97.4074074074074, 98.51851851851852, 99.25925925925925, 99.81481481481481, 99.07407407407408, 99.62962962962963, 99.9074074074074, 99.9074074074074, 99.9074074074074, 99.9074074074074, 99.9074074074074, 91.57407407407408, 92.12962962962963, 92.4074074074074, 99.44444444444444, 92.03703703703704, 99.44444444444444, 92.12962962962963, 99.07407407407408, 91.20370370370371, 98.70370370370371, 91.75925925925927, 98.98148148148148, 98.98148148148148, 91.38888888888889, 91.85185185185185, 91.57407407407408, 91.2962962962963, 91.75925925925927, 99.53703703703704, 91.94444444444444, 91.94444444444444, 91.94444444444444, 91.85185185185185, 91.85185185185185, 91.66666666666666, 92.03703703703704, 91.85185185185185, 91.57407407407408, 92.22222222222223, 92.22222222222223, 92.22222222222223, 92.22222222222223, 92.22222222222223, 92.03703703703704, 92.03703703703704, 92.22222222222223, 91.57407407407408, 92.12962962962963, 92.12962962962963, 91.85185185185185, 91.85185185185185, 91.38888888888889, 91.66666666666666, 91.66666666666666, 91.75925925925927, 91.66666666666666, 91.75925925925927, 91.66666666666666, 91.75925925925927, 91.38888888888889, 91.57407407407408, 91.66666666666666, 91.66666666666666, 91.57407407407408, 91.48148148148148, 91.48148148148148, 91.48148148148148, 91.38888888888889, 91.2962962962963, 91.48148148148148, 91.57407407407408, 98.88888888888889, 91.38888888888889, 91.66666666666666, 91.85185185185185, 90.92592592592592, 91.57407407407408, 91.48148148148148, 91.75925925925927, 91.2962962962963, 91.94444444444444, 91.11111111111111, 92.03703703703704, 92.03703703703704, 91.38888888888889, 91.48148148148148, 91.48148148148148, 91.48148148148148, 91.38888888888889, 91.2962962962963, 91.38888888888889, 91.38888888888889, 91.20370370370371, 91.2962962962963, 90.37037037037037, 91.57407407407408, 91.11111111111111],