{"loss": [0.7984321514765421, 0.6958607832590739, 0.346929391225179, 0.3939103086789449, 0.2134901930888494, 0.19776361187299094, 0.22031469643115997, 0.16186496118704477, 0.16493243972460428, 0.17595706383387247, 0.1509470691283544, 0.15862755477428436, 0.16509648164113364, 0.1528999408086141, 0.13953746855258942, 0.14464722077051798, 0.1417670970161756, 0.13590305795272192, 0.14114344120025635, 0.14501003424326578, 0.14477379868427911, 0.1394339750210444, 0.13277602940797806, 0.1504492312669754, 0.13884518792231879, 0.13465762635072073, 0.12914356589317322, 0.1277060161034266, 0.13389185070991516, 0.13593725115060806, 0.14138295749823251, 0.1380294809738795, 0.12742586930592856, 0.12841744224230447, 0.12799016137917837, 0.1328364759683609, 0.11971983810265859, 0.12138308336337407, 0.1216169223189354, 0.12319510678450267, 0.1253354400396347, 0.11655220141013463, 0.11986422538757324, 0.12664908667405447, 0.1228039562702179, 0.12611715495586395, 0.12193782875935237, 0.12008871883153915, 0.12533777207136154, 0.11619554460048676, 0.133241539200147, 0.13346529255310693, 0.1443669001261393, 0.14897202948729196, 0.14453843732674918, 0.14508116245269775, 0.15355626245339712, 0.14025208353996277, 0.13922236859798431, 0.1549853285153707, 0.15784335633118948, 0.13207593063513437, 0.1360850383838018, 0.13367126633723578, 0.1377495974302292, 0.14639090994993845, 0.12954246501127878, 0.1466867576042811, 0.12930313497781754, 0.13078474750121435, 0.12462349981069565, 0.12901282062133154, 0.12382424126068751, 0.12516635656356812, 0.14718948304653168, 0.1490249733130137, 0.15804540614287058, 0.13177669793367386, 0.14444838960965475, 0.1675268510977427, 0.18309851984182993, 0.13591470072666803, 0.1436574012041092, 0.17203545570373535, 0.1570772627989451, 0.14155007402102152, 0.16282311081886292, 0.150375967224439, 0.16468685368696848, 0.14321096738179526, 0.1453301509221395, 0.1602062980333964, 0.17617966731389365, 0.1673153191804886, 0.16681753595670065, 0.14485699435075125, 0.18095017472902933, 0.16727152466773987, 0.1528965582450231, 0.15049975613753], "accuracy": [18.370471168566084, 64.73890117366899, 93.12808300731417, 69.00833475080796, 95.59448885864943, 95.52645007654363, 94.60792651811532, 96.37693485286613, 96.42796393944549, 95.88365368259907, 95.62850824970234, 95.90066337812553, 96.05375063786359, 95.96870216023133, 96.47899302602484, 96.51301241707773, 95.78159550944038, 96.39394454839258, 96.42796393944549, 96.44497363497193, 96.46198333049838, 96.44497363497193, 96.56404150365708, 96.25786698418098, 96.58105119918353, 96.49600272155128, 96.95526450076544, 96.95526450076544, 96.63208028576288, 96.41095424391904, 96.24085728865454, 96.22384759312808, 96.97227419629189, 96.92124510971253, 96.64908998128934, 96.95526450076544, 96.98928389181833, 96.95526450076544, 97.00629358734479, 96.95526450076544, 96.97227419629189, 97.00629358734479, 97.00629358734479, 96.95526450076544, 97.02330328287124, 96.95526450076544, 96.93825480523898, 96.97227419629189, 96.92124510971253, 96.88722571865964, 96.03674094233713, 96.01973124681068, 96.01973124681068, 95.98571185575778, 95.96870216023133, 96.00272155128424, 95.79860520496683, 95.98571185575778, 96.00272155128424, 96.00272155128424, 96.00272155128424, 95.83262459601973, 96.00272155128424, 95.86664398707264, 95.56046946759653, 95.79860520496683, 96.70011906786868, 95.98571185575778, 96.78516754550094, 96.71712876339514, 96.73413845892159, 96.88722571865964, 96.85320632760674, 96.75114815444803, 95.91767307365198, 95.81561490049329, 95.61149855417588, 96.73413845892159, 95.79860520496683, 95.59448885864943, 95.54345977207008, 96.76815784997449, 96.58105119918353, 95.47542098996428, 95.52645007654363, 96.56404150365708, 95.64551794522878, 95.61149855417588, 95.56046946759653, 96.44497363497193, 96.56404150365708, 96.35992515733969, 95.28831433917333, 95.57747916312297, 95.40738220785848, 96.41095424391904, 95.27130464364689, 95.47542098996428, 96.25786698418098, 96.32590576628678], "precision": [18.370471168566084, 34.213036565977745, 77.98013245033113, 36.7310443490701, 88.6899151743638, 86.4406779661017, 81.87134502923976, 89.51686417502279, 89.61748633879782, 87.2113676731794, 87.51139471285325, 87.28888888888889, 87.72241992882563, 87.46666666666667, 89.935956084172, 90.02744739249772, 90.7843137254902, 89.6709323583181, 89.76234003656307, 89.69917958067457, 89.70856102003643, 89.69917958067457, 90.42357274401473, 88.8086642599278, 90.43238270469182, 89.87226277372264, 92.8639391056137, 92.8639391056137, 90.68265682656826, 89.8989898989899, 89.08098271155596, 89.0, 92.95238095238095, 92.68755935422602, 91.06976744186046, 93.02769818529131, 93.04099142040037, 92.8639391056137, 93.12977099236642, 92.8639391056137, 92.87072243346007, 93.04761904761905, 93.04761904761905, 93.11004784688996, 93.21872015281757, 93.27569644572526, 92.93893129770993, 93.11663479923517, 93.01435406698565, 93.00095877277086, 92.82103134479271, 92.72727272727272, 92.72727272727272, 92.62626262626263, 92.61880687563195, 92.89340101522842, 91.6083916083916, 92.71255060728745, 92.89340101522842, 93.24462640736951, 92.98067141403867, 91.54228855721394, 92.806484295846, 91.8918918918919, 90.50445103857567, 91.9436052366566, 92.19047619047619, 93.50515463917526, 92.38820171265462, 92.11775878442545, 92.20532319391636, 93.33333333333333, 93.40446168768186, 92.2930542340628, 93.47826086956522, 93.34719334719335, 92.11065573770492, 93.7007874015748, 93.34027055150884, 92.27600411946447, 93.23467230443974, 93.37231968810916, 92.38187078109932, 92.21991701244814, 92.07003089598352, 92.29287090558766, 92.29979466119097, 92.28395061728395, 92.08633093525181, 92.40506329113924, 92.37451737451737, 92.87128712871288, 92.39704329461456, 92.61954261954261, 92.45283018867924, 92.80788177339902, 92.75053304904051, 92.57322175732217, 92.74353876739563, 92.85714285714286], "recall": [100.0, 99.62962962962963, 87.22222222222223, 95.0925925925926, 87.12962962962963, 89.72222222222223, 90.74074074074075, 90.92592592592592, 91.11111111111111, 90.92592592592592, 88.88888888888889, 90.92592592592592, 91.2962962962963, 91.11111111111111, 91.01851851851852, 91.11111111111111, 85.74074074074073, 90.83333333333333, 90.92592592592592, 91.11111111111111, 91.20370370370371, 91.11111111111111, 90.92592592592592, 91.11111111111111, 91.01851851851852, 91.20370370370371, 90.37037037037037, 90.37037037037037, 91.01851851851852, 90.64814814814814, 90.64814814814814, 90.64814814814814, 90.37037037037037, 90.37037037037037, 90.64814814814814, 90.18518518518519, 90.37037037037037, 90.37037037037037, 90.37037037037037, 90.37037037037037, 90.46296296296296, 90.46296296296296, 90.46296296296296, 90.0925925925926, 90.37037037037037, 89.9074074074074, 90.18518518518519, 90.18518518518519, 90.0, 89.81481481481481, 85.0, 85.0, 85.0, 84.9074074074074, 84.81481481481481, 84.72222222222221, 84.9074074074074, 84.81481481481481, 84.72222222222221, 84.35185185185186, 84.62962962962963, 85.18518518518519, 84.81481481481481, 85.0, 84.72222222222221, 84.53703703703704, 89.62962962962962, 83.98148148148148, 89.9074074074074, 89.81481481481481, 89.81481481481481, 89.44444444444444, 89.16666666666667, 89.81481481481481, 83.61111111111111, 83.14814814814815, 83.24074074074073, 88.14814814814815, 83.05555555555556, 82.96296296296296, 81.66666666666667, 88.70370370370371, 88.70370370370371, 82.31481481481482, 82.77777777777777, 88.70370370370371, 83.24074074074073, 83.05555555555556, 82.96296296296296, 87.87037037037037, 88.61111111111111, 86.85185185185185, 81.01851851851852, 82.5, 81.66666666666667, 87.22222222222223, 80.55555555555556, 81.94444444444444, 86.38888888888889, 86.66666666666667],