{"loss": [0.6412100593249003, 0.8614492019017538, 0.871309777100881, 0.5289887189865112, 1.0406488180160522, 0.5443839828173319, 0.9719107349713644, 0.7986713250478109, 0.6772868633270264, 0.7771130402882894, 0.7075979510943095, 0.7501066327095032, 0.7107773025830587, 0.6791069706281027, 0.7439486980438232, 0.7183022499084473, 0.716998815536499, 0.702070971330007, 0.744925340016683, 0.7192309498786926, 0.7499090631802877, 0.728145162264506, 0.7117416461308798, 0.7073319355646769, 0.7108776370684305, 0.42192135254542035, 0.18747633695602417, 0.16813081999619803, 0.17122860252857208, 0.17110324402650198, 0.13916578640540442, 0.1508804460366567, 0.14768234888712564, 0.1479962170124054, 0.16146422425905863, 0.16795195639133453, 0.47805464267730713, 0.15815882881482443, 0.590545137723287, 0.1668732464313507, 0.844832201798757, 0.7851241827011108, 0.832642138004303, 0.21504244208335876, 0.8127597769101461, 0.8238692084948221, 0.8050011595090231, 0.7943944334983826, 0.7838200330734253, 0.16946880519390106, 0.8211478789647421, 0.5290857553482056, 0.7325501441955566, 0.4403806229432424, 0.6124329566955566, 0.46993066867192584, 0.5426473220189413, 0.5008891125520071, 0.6186846494674683, 0.5759247342745463, 0.5633533199628195, 0.4631522198518117, 0.5113811393578848, 0.48277251919110614, 0.5370411475499471, 0.47899635632832843, 0.4564984341462453, 0.44865404566129047, 0.4204123616218567, 0.43282108505566913, 0.3479920228322347, 0.5035106440385183, 0.4159860908985138, 0.2676176230112712, 0.5167035659154257, 0.30603540937105816, 0.39735597372055054, 0.485648254553477, 0.8116519848505656, 0.5612425406773885, 0.6690495212872823, 0.23692172765731812, 0.44876958926518756, 0.4248008231321971, 0.2722925543785095, 0.367816021045049, 0.33270883560180664, 0.3357483744621277, 0.4108342031637828, 0.3415457308292389, 0.22935448586940765, 0.8660735686620077, 0.20871132612228394, 0.5643275181452433, 0.16901083290576935, 0.3198766311009725, 0.3194848696390788, 0.8665802478790283, 0.13137240459521612, 0.7457113862037659], "accuracy": [60.94573907127062, 32.811702670522195, 47.950331689062764, 76.64568804218405, 49.583262459601976, 68.87225718659636, 52.917162782786185, 70.69229460792651, 71.54277938424902, 71.81493451267222, 71.78091512161933, 71.69586664398707, 72.05307025004252, 72.08708964109542, 72.15512842320122, 72.13811872767478, 72.22316720530702, 72.27419629188637, 72.32522537846573, 72.35924476951863, 72.34223507399217, 72.30821568293928, 72.35924476951863, 72.24017690083348, 72.29120598741282, 72.30821568293928, 96.41095424391904, 96.37693485286613, 96.29188637523389, 96.41095424391904, 96.08777002891648, 96.25786698418098, 96.18982820207518, 96.18982820207518, 95.76458581391392, 95.71355672733458, 71.98503146793672, 95.27130464364689, 72.10409933662187, 96.15580881102228, 71.37268242898452, 71.76390542609288, 72.20615750978058, 96.24085728865454, 72.05307025004252, 72.03606055451607, 72.18914781425413, 72.12110903214833, 72.12110903214833, 96.18982820207518, 72.12110903214833, 72.29120598741282, 72.25718659635993, 72.32522537846573, 72.34223507399217, 72.51233202925668, 72.47831263820378, 72.49532233373023, 72.51233202925668, 72.51233202925668, 72.51233202925668, 72.35924476951863, 72.39326416057152, 72.41027385609797, 72.39326416057152, 72.37625446504508, 72.35924476951863, 72.39326416057152, 72.42728355162443, 72.29120598741282, 72.39326416057152, 72.35924476951863, 72.37625446504508, 72.49532233373023, 72.42728355162443, 72.59738050688892, 72.51233202925668, 72.58037081136247, 72.61439020241538, 72.56336111583603, 72.58037081136247, 96.56404150365708, 72.66541928899473, 72.64840959346827, 72.68242898452118, 72.66541928899473, 72.59738050688892, 72.56336111583603, 72.54635142030958, 72.54635142030958, 96.59806089470999, 72.44429324715088, 96.58105119918353, 72.49532233373023, 96.63208028576288, 72.58037081136247, 72.52934172478312, 72.42728355162443, 96.93825480523898, 72.49532233373023], "precision": [18.26722338204593, 21.391547049441787, 25.94752186588921, 43.46273984828202, 26.543824701195216, 36.9155617585485, 27.905759162303667, 38.39769036448936, 39.10327085630283, 39.3424455116365, 39.305504248245285, 39.233038348082594, 39.50801341781588, 39.56084852995907, 39.60432997387085, 39.60506706408346, 39.67898469578201, 39.723467862481314, 39.76805087916199, 39.790183589359316, 39.76761619190405, 39.69149736644093, 39.77485928705441, 39.61625282167043, 39.66879939781709, 39.65256797583081, 90.64546304957905, 90.47619047619048, 90.66037735849056, 90.87488240827845, 91.10251450676982, 91.03053435114504, 91.15384615384615, 91.15384615384615, 89.30936613055819, 89.05660377358491, 39.117082533589254, 91.42561983471074, 39.272030651341, 91.61793372319687, 38.236441669918065, 38.96499238964992, 39.38697318007663, 91.73955296404276, 39.202148062907554, 39.1705069124424, 39.38002296211251, 39.287083173629746, 39.287083173629746, 91.63424124513618, 39.287083173629746, 39.52689813048455, 39.4807178312333, 39.59680486877139, 39.59603658536585, 39.87915407854985, 39.83371126228269, 39.848771266540645, 39.886792452830186, 39.87915407854985, 39.886792452830186, 39.642721398707714, 39.688568173186475, 39.711465451784356, 39.69639468690702, 39.657794676806084, 39.642721398707714, 39.67287942183339, 39.7030833650552, 39.53488372093023, 39.67287942183339, 39.681938659598636, 39.70476911430734, 39.81797497155859, 39.742131209708006, 39.992461364493025, 39.84078847611827, 39.93186979560939, 40.015071590052756, 39.97743512598721, 40.0, 90.64814814814814, 40.067847719562764, 40.04524886877828, 40.075471698113205, 40.060354583176164, 40.0, 39.95476818695816, 39.939713639789, 39.939713639789, 91.1214953271028, 39.841986455981946, 90.88372093023256, 39.887005649717516, 91.21495327102804, 39.969834087481146, 39.932254422280764, 39.84228313931656, 92.85714285714286, 39.902218879277925], "recall": [32.407407407407405, 99.35185185185185, 98.88888888888889, 90.18518518518519, 98.70370370370371, 97.96296296296296, 98.70370370370371, 98.51851851851852, 98.51851851851852, 98.61111111111111, 98.51851851851852, 98.51851851851852, 98.14814814814815, 98.42592592592592, 98.24074074074073, 98.42592592592592, 98.42592592592592, 98.42592592592592, 98.42592592592592, 98.33333333333333, 98.24074074074073, 97.68518518518519, 98.14814814814815, 97.5, 97.5925925925926, 97.22222222222221, 89.72222222222223, 89.72222222222223, 88.98148148148148, 89.44444444444444, 87.22222222222223, 88.33333333333333, 87.77777777777777, 87.77777777777777, 87.4074074074074, 87.4074074074074, 94.35185185185185, 81.94444444444444, 94.9074074074074, 87.03703703703704, 90.74074074074075, 94.81481481481482, 95.18518518518519, 87.4074074074074, 94.62962962962963, 94.44444444444444, 95.27777777777777, 94.9074074074074, 94.9074074074074, 87.22222222222223, 94.9074074074074, 95.92592592592592, 95.74074074074073, 96.38888888888889, 96.2037037037037, 97.77777777777777, 97.5925925925926, 97.5925925925926, 97.87037037037038, 97.77777777777777, 97.87037037037038, 96.57407407407408, 96.75925925925925, 96.85185185185186, 96.85185185185186, 96.57407407407408, 96.57407407407408, 96.57407407407408, 96.57407407407408, 96.01851851851852, 96.57407407407408, 97.03703703703704, 97.12962962962963, 97.22222222222221, 97.03703703703704, 98.24074074074073, 97.31481481481481, 97.68518518518519, 98.33333333333333, 98.42592592592592, 98.51851851851852, 90.64814814814814, 98.42592592592592, 98.33333333333333, 98.33333333333333, 98.33333333333333, 98.33333333333333, 98.14814814814815, 98.14814814814815, 98.14814814814815, 90.27777777777779, 98.05555555555556, 90.46296296296296, 98.05555555555556, 90.37037037037037, 98.14814814814815, 98.24074074074073, 98.24074074074073, 90.27777777777779, 98.24074074074073],