{"loss": [0.45140789945920307, 0.6668588519096375, 0.5229335427284241, 0.579156756401062, 0.68876846631368, 0.31526939074198407, 0.6687933802604675, 0.7620384891827902, 0.6708414951960245, 0.7400823831558228, 0.5589298009872437, 0.5140404303868612, 0.4176575740178426, 0.7309297720591227, 0.5097651878992716, 0.47442127267519635, 0.6862430572509766, 0.49934707085291546, 0.49900368849436444, 0.627654492855072, 0.4222487211227417, 0.35068458318710327, 0.43275147676467896, 0.5959161122639974, 0.24428490300973257, 0.3778218726317088, 0.19526159763336182, 0.17781967918078104, 0.2589553048213323, 0.20214992761611938, 0.15998023251692453, 0.19926405449708304, 0.15440096457799277, 0.12074216951926549, 0.14694719016551971, 0.12431514014800389, 0.12240483611822128, 0.1367394725481669, 0.11411308000485103, 0.1170056089758873, 0.11043040951093037, 0.11461348086595535, 0.10880233347415924, 0.11580078303813934, 0.11575732131799062, 0.138962984085083, 0.12691612790028253, 0.135051429271698, 0.16172037521998087, 0.12557892004648843, 0.12544639905293783, 0.10939328869183858, 0.12850708266099295, 0.1485938181479772, 0.15645367403825125, 0.10596290479103725, 0.15675290922323862, 0.121767724553744, 0.14667807022730509, 0.14658396939436594, 0.12631857146819434, 0.1271681065360705, 0.11922621230284373, 0.1944397340218226, 0.14039201537768045, 0.11429590235153834, 0.13311758637428284, 0.1284382070104281, 0.1118617629011472, 0.11975708355506261, 0.11352551976839702, 0.11455353597799937, 0.1603830854098002, 0.12278364598751068, 0.1298103133837382, 0.12400660663843155, 0.1276515449086825, 0.12242331852515538, 0.1255117952823639, 0.11631275961796443, 0.11929234613974889, 0.11773641904195149, 0.13557855288187662, 0.11392544209957123, 0.1223151683807373, 0.16565118730068207, 0.15177835524082184, 0.138165054221948, 0.12568266689777374, 0.12057011822859447, 0.12756241858005524, 0.1079464927315712, 0.1096505696574847, 0.11651167770226796, 0.11860199769337972, 0.11175539096196492, 0.10788046320279439, 0.1129272331794103, 0.11110751827557881, 0.1072266474366188], "accuracy": [81.62952883143392, 68.83823779554346, 69.04235414186086, 70.47116856608267, 71.03248851845552, 71.93400238135737, 72.32522537846573, 72.30821568293928, 71.79792481714577, 72.37625446504508, 72.07007994556898, 72.51233202925668, 72.46130294267732, 72.46130294267732, 72.47831263820378, 72.51233202925668, 72.54635142030958, 72.47831263820378, 72.52934172478312, 72.54635142030958, 72.61439020241538, 72.85252593978568, 72.35924476951863, 72.61439020241538, 72.78448715767988, 72.78448715767988, 96.93825480523898, 96.80217724102738, 72.73345807110053, 96.80217724102738, 96.93825480523898, 96.95526450076544, 96.93825480523898, 96.78516754550094, 96.87021602313318, 96.59806089470999, 96.80217724102738, 96.92124510971253, 96.88722571865964, 96.83619663208029, 96.81918693655383, 96.85320632760674, 96.85320632760674, 96.90423541418609, 96.90423541418609, 97.0403129783977, 96.97227419629189, 97.02330328287124, 97.02330328287124, 97.05732267392413, 96.98928389181833, 96.98928389181833, 96.97227419629189, 97.02330328287124, 96.98928389181833, 96.93825480523898, 96.98928389181833, 97.02330328287124, 97.09134206497704, 97.00629358734479, 96.92124510971253, 96.87021602313318, 96.83619663208029, 97.02330328287124, 96.93825480523898, 96.93825480523898, 97.0403129783977, 97.02330328287124, 97.22741962918863, 97.00629358734479, 96.97227419629189, 97.00629358734479, 97.00629358734479, 97.02330328287124, 97.02330328287124, 97.05732267392413, 97.02330328287124, 96.97227419629189, 97.02330328287124, 97.00629358734479, 97.05732267392413, 97.05732267392413, 97.07433236945059, 97.05732267392413, 97.09134206497704, 97.09134206497704, 97.10835176050348, 97.07433236945059, 97.07433236945059, 97.29545841129443, 97.09134206497704, 97.31246810682089, 97.10835176050348, 97.10835176050348, 97.10835176050348, 97.29545841129443, 97.29545841129443, 97.29545841129443, 97.29545841129443, 97.09134206497704], "precision": [0.0, 34.52674897119341, 34.86088379705401, 37.687687687687685, 38.30266616597822, 39.20454545454545, 39.72962823882839, 39.69924812030075, 38.952599388379205, 39.657794676806084, 39.23371647509579, 39.83308042488619, 39.75674648422653, 39.75674648422653, 39.80288097043215, 39.83308042488619, 39.88636363636363, 39.78739559605163, 39.85589685248389, 39.88636363636363, 39.96212121212121, 40.09216589861751, 39.59526536846125, 39.92395437262358, 39.976869699306086, 39.984591679506934, 94.11764705882352, 93.72549019607843, 39.922928709055874, 93.72549019607843, 93.77431906614785, 93.78036929057338, 93.77431906614785, 93.54838709677419, 93.75, 93.56435643564357, 93.72549019607843, 93.68318756073857, 93.58600583090379, 93.56725146198829, 93.4761441090555, 93.65853658536587, 93.57351509250243, 93.42359767891682, 93.59223300970874, 93.5576923076923, 93.53281853281852, 93.55149181905679, 93.63548698167791, 93.73191899710704, 93.6231884057971, 93.6231884057971, 93.61702127659575, 93.55149181905679, 93.53905496624878, 93.52030947775629, 93.20574162679426, 93.80445304937076, 93.82835101253616, 93.7984496124031, 93.7682570593963, 93.49514563106797, 93.48249027237354, 93.55149181905679, 93.52030947775629, 93.26923076923077, 93.64161849710982, 93.71980676328504, 97.2193614830072, 93.46153846153847, 93.36538461538461, 93.46153846153847, 93.37811900191939, 93.55149181905679, 93.55149181905679, 93.56388088376562, 93.38446788111217, 93.11663479923517, 93.38446788111217, 93.29501915708812, 93.56388088376562, 93.48034515819751, 93.48659003831418, 93.56388088376562, 93.49282296650718, 93.49282296650718, 93.5823754789272, 93.48659003831418, 93.57005758157389, 97.03779366700715, 93.65994236311239, 97.0408163265306, 93.5823754789272, 93.5823754789272, 93.5823754789272, 97.03779366700715, 97.03779366700715, 97.03779366700715, 97.03779366700715, 93.57622243528284], "recall": [0.0, 77.68518518518519, 78.88888888888889, 92.96296296296296, 94.44444444444444, 95.83333333333334, 97.96296296296296, 97.77777777777777, 94.35185185185185, 96.57407407407408, 94.81481481481482, 97.22222222222221, 96.85185185185186, 96.85185185185186, 97.22222222222221, 97.22222222222221, 97.5, 97.03703703703704, 97.31481481481481, 97.5, 97.68518518518519, 96.66666666666667, 96.01851851851852, 97.22222222222221, 96.01851851851852, 96.11111111111111, 88.88888888888889, 88.51851851851852, 95.92592592592592, 88.51851851851852, 89.25925925925927, 89.35185185185185, 89.25925925925927, 88.61111111111111, 88.88888888888889, 87.5, 88.51851851851852, 89.25925925925927, 89.16666666666667, 88.88888888888889, 88.88888888888889, 88.88888888888889, 88.98148148148148, 89.44444444444444, 89.25925925925927, 90.0925925925926, 89.72222222222223, 90.0, 89.9074074074074, 90.0, 89.72222222222223, 89.72222222222223, 89.62962962962962, 90.0, 89.81481481481481, 89.53703703703704, 90.18518518518519, 89.72222222222223, 90.0925925925926, 89.62962962962962, 89.16666666666667, 89.16666666666667, 88.98148148148148, 90.0, 89.53703703703704, 89.81481481481481, 90.0, 89.81481481481481, 87.4074074074074, 90.0, 89.9074074074074, 90.0, 90.0925925925926, 90.0, 90.0, 90.18518518518519, 90.18518518518519, 90.18518518518519, 90.18518518518519, 90.18518518518519, 90.18518518518519, 90.27777777777779, 90.37037037037037, 90.18518518518519, 90.46296296296296, 90.46296296296296, 90.46296296296296, 90.37037037037037, 90.27777777777779, 87.96296296296296, 90.27777777777779, 88.05555555555556, 90.46296296296296, 90.46296296296296, 90.46296296296296, 87.96296296296296, 87.96296296296296, 87.96296296296296, 87.96296296296296, 90.37037037037037],