{"loss": [0.45902034640312195, 0.3382871051629384, 0.30287307500839233, 0.1582653671503067, 0.1483561098575592, 0.14253117640813193, 0.13289165000120798, 0.13172288239002228, 0.13760206351677576, 0.12977842738231024, 0.13098600258429846, 0.13438965876897177, 0.14375137786070505, 0.16083519657452902, 0.13888575633366904, 0.13614406685034433, 0.13103841493527094, 0.16899765531222025, 0.13409713407357535, 0.14902850488821665, 0.14398297170797983, 0.14569504062334696, 0.14256133635838827, 0.14881244798501334, 0.14734560251235962, 0.1484414885441462, 0.13639752566814423, 0.1367737576365471, 0.13893804202477136, 0.13285588721434274, 0.1311551903684934, 0.1303516278664271, 0.1244264046351115, 0.13036851584911346, 0.13715616365273794, 0.12472352385520935, 0.15408322711785635, 0.13658966620763144, 0.1176278789838155, 0.1324728031953176, 0.16693542897701263, 0.11450359970331192, 0.13334478934605917, 0.11018764227628708, 0.10607233146826427, 0.11685662964979808, 0.10476318746805191, 0.11617394785086314, 0.09405827770630519, 0.1071575755874316, 0.10567970077196757, 0.10517131785551707, 0.10835772256056468, 0.11418818930784862, 0.09728843222061793, 0.10110580921173096, 0.1140914037823677, 0.10971352458000183, 0.10901923974355061, 0.10728468249241511, 0.11064516007900238, 0.10362596064805984, 0.11051749438047409, 0.12702192614475885, 0.10780975967645645, 0.11189331610997517, 0.10771758109331131, 0.10166974862416585, 0.10274939487377803, 0.10390853881835938, 0.10223573446273804, 0.09704417486985524, 0.11054708063602448, 0.09071509788433711, 0.09655527273813884, 0.10655202964941661, 0.09878358989953995, 0.1092681735754013, 0.09839685757954915, 0.10614261279503505, 0.1015516643722852, 0.11547000209490459, 0.10016369074583054, 0.10398651162783305, 0.09158225109179814, 0.09829707195361455, 0.10965059945980708, 0.1038670688867569, 0.12346531202395757, 0.09890428433815639, 0.10322656979163487, 0.10148013879855473, 0.10519914080699284, 0.10182407250006993, 0.09902173777421315, 0.1064215674996376, 0.11071024090051651, 0.10507702082395554, 0.11185485621293385, 0.12044668942689896], "accuracy": [81.62952883143392, 94.23371321653343, 96.25786698418098, 96.64908998128934, 96.88722571865964, 97.0403129783977, 96.73413845892159, 96.78516754550094, 96.68310937234223, 96.73413845892159, 96.66609967681579, 96.58105119918353, 96.68310937234223, 95.52645007654363, 96.49600272155128, 96.58105119918353, 96.46198333049838, 95.61149855417588, 96.68310937234223, 96.61507059023643, 96.51301241707773, 96.49600272155128, 96.58105119918353, 96.53002211260419, 96.70011906786868, 96.61507059023643, 96.76815784997449, 96.76815784997449, 96.71712876339514, 96.73413845892159, 96.85320632760674, 96.80217724102738, 96.92124510971253, 96.76815784997449, 95.93468276917844, 96.85320632760674, 95.84963429154618, 95.86664398707264, 96.92124510971253, 95.71355672733458, 95.69654703180814, 96.71712876339514, 95.67953733628168, 96.93825480523898, 97.02330328287124, 96.93825480523898, 96.98928389181833, 97.36349719340024, 97.63565232182344, 97.46555536655895, 97.43153597550604, 97.44854567103249, 96.53002211260419, 97.49957475761184, 97.63565232182344, 97.5165844531383, 97.48256506208538, 97.55060384419119, 97.49957475761184, 97.5165844531383, 97.53359414866473, 97.5165844531383, 97.5165844531383, 96.07076033339003, 97.63565232182344, 97.60163293077053, 97.5846232352441, 97.61864262629699, 97.66967171287634, 97.70369110392924, 97.61864262629699, 97.70369110392924, 97.61864262629699, 97.70369110392924, 97.63565232182344, 97.60163293077053, 97.5846232352441, 97.55060384419119, 97.56761353971764, 97.60163293077053, 97.56761353971764, 97.53359414866473, 97.65266201734988, 97.60163293077053, 97.75472019050859, 97.72070079945568, 97.66967171287634, 97.5165844531383, 97.5846232352441, 97.63565232182344, 97.65266201734988, 97.65266201734988, 97.60163293077053, 97.65266201734988, 97.63565232182344, 97.66967171287634, 97.38050688892669, 97.63565232182344, 97.5846232352441, 97.31246810682089], "precision": [0.0, 86.07594936708861, 90.03724394785847, 91.92782526115859, 93.41723136495644, 94.32485322896281, 94.311377245509, 94.5945945945946, 94.38314944834504, 94.39999999999999, 94.46680080482898, 93.8185443668993, 94.47236180904522, 93.87755102040816, 93.52589641434263, 94.43882709807887, 93.33996023856858, 93.81663113006397, 93.08666017526777, 93.31366764995084, 93.27398615232443, 93.43936381709742, 93.64448857994041, 93.36633663366337, 94.12350597609563, 93.83084577114428, 94.05940594059405, 94.05940594059405, 94.48345035105315, 94.48897795591182, 94.35084241823589, 94.51097804391217, 94.54905847373637, 94.5, 93.48500517063081, 93.40446168768186, 94.27966101694916, 94.1921858500528, 93.93939393939394, 94.23076923076923, 94.22459893048128, 94.48345035105315, 94.21841541755889, 98.91304347826086, 98.70828848223897, 99.01960784313727, 98.70550161812298, 99.0455991516437, 99.3704092339979, 99.67982924226254, 99.67914438502675, 99.78586723768737, 99.77272727272727, 99.89304812834224, 99.7883597883598, 99.68085106382979, 99.78632478632478, 99.68152866242038, 99.78655282817502, 99.7867803837953, 99.78700745473908, 99.7867803837953, 99.7867803837953, 99.88249118683902, 99.89395546129374, 99.78791092258749, 99.78768577494692, 99.89384288747345, 99.89417989417989, 99.78925184404636, 99.78813559322035, 99.89440337909187, 100.0, 99.78925184404636, 99.7883597883598, 99.89373007438896, 100.0, 99.89339019189765, 99.68186638388123, 99.78791092258749, 99.68186638388123, 99.89327641408752, 99.78858350951374, 99.89373007438896, 99.68553459119497, 99.89451476793249, 99.78880675818374, 99.68085106382979, 99.8936170212766, 99.7883597883598, 99.78858350951374, 99.78858350951374, 99.89373007438896, 99.89406779661016, 99.89395546129374, 100.0, 99.89224137931035, 99.89395546129374, 99.8936170212766, 99.67672413793103], "recall": [0.0, 81.85185185185185, 89.53703703703704, 89.62962962962962, 89.35185185185185, 89.25925925925927, 87.5, 87.5, 87.12962962962963, 87.4074074074074, 86.94444444444444, 87.12962962962963, 87.03703703703704, 80.92592592592592, 86.94444444444444, 86.48148148148148, 86.94444444444444, 81.48148148148148, 88.51851851851852, 87.87037037037037, 87.31481481481481, 87.03703703703704, 87.31481481481481, 87.31481481481481, 87.5, 87.31481481481481, 87.96296296296296, 87.96296296296296, 87.22222222222223, 87.31481481481481, 88.14814814814815, 87.68518518518519, 88.33333333333333, 87.5, 83.7037037037037, 89.16666666666667, 82.4074074074074, 82.5925925925926, 88.98148148148148, 81.66666666666667, 81.57407407407408, 87.22222222222223, 81.48148148148148, 84.25925925925925, 84.9074074074074, 84.16666666666667, 84.72222222222221, 86.48148148148148, 87.68518518518519, 86.48148148148148, 86.29629629629629, 86.29629629629629, 81.2962962962963, 86.48148148148148, 87.31481481481481, 86.75925925925925, 86.48148148148148, 86.94444444444444, 86.57407407407408, 86.66666666666667, 86.75925925925925, 86.66666666666667, 86.66666666666667, 78.70370370370371, 87.22222222222223, 87.12962962962963, 87.03703703703704, 87.12962962962963, 87.4074074074074, 87.68518518518519, 87.22222222222223, 87.5925925925926, 87.03703703703704, 87.68518518518519, 87.31481481481481, 87.03703703703704, 86.85185185185185, 86.75925925925925, 87.03703703703704, 87.12962962962963, 87.03703703703704, 86.66666666666667, 87.4074074074074, 87.03703703703704, 88.05555555555556, 87.68518518518519, 87.5, 86.75925925925925, 86.94444444444444, 87.31481481481481, 87.4074074074074, 87.4074074074074, 87.03703703703704, 87.31481481481481, 87.22222222222223, 87.31481481481481, 85.83333333333333, 87.22222222222223, 86.94444444444444, 85.64814814814815],