{"loss": [0.4852193196614583, 0.18096448481082916, 0.27609720826148987, 0.20061456163724264, 0.16415696839491525, 0.3114592532316844, 0.20717289050420126, 0.33894433577855426, 0.22767055531342825, 0.24528350432713827, 0.18365242083867392, 0.21942881246407828, 0.1968110054731369, 0.24719169239203134, 0.20919036865234375, 0.17336232960224152, 0.22655976315339407, 0.21860003471374512, 0.1980721652507782, 0.2831777135531108, 0.16448125739892325, 0.3561067183812459, 0.19924468298753104, 0.23240353663762411, 0.15334008634090424, 0.27701621254285175, 0.24173215528329214, 0.3227989673614502, 0.1625030388434728, 0.25307229657967883, 0.18419533967971802, 0.2544315457344055, 0.3029953936735789, 0.4087703625361125, 0.28087420264879864, 0.35912943879763287, 0.23893649876117706, 0.3439086377620697, 0.24763166904449463, 0.257498895128568, 0.40115128954251605, 0.3583277761936188, 0.28319160143534344, 0.31918126344680786, 0.4119039575258891, 0.18875080347061157, 0.2091892808675766, 0.1974999854962031, 0.19141756991545358, 0.1933808277050654, 0.18860926727453867, 0.18608100712299347, 0.17367293934027353, 0.19001168012619019, 0.18271853029727936, 0.18231013417243958, 0.18819459279378256, 0.17580972611904144, 0.20427051683266959, 0.1798393577337265, 0.17389280597368875, 0.21063077946503958, 0.19466000298659006, 0.19297894338766733, 0.22561879456043243, 0.19143497943878174, 0.1799214631319046, 0.19275103012720743, 0.22296600540479025, 0.2060830146074295, 0.2115792234738668, 0.18708537022272745, 0.2529381563266118, 0.1905303200085958, 0.20298047363758087, 0.2200618733962377, 0.21321919560432434, 0.1941808064778646, 0.209710622827212, 0.20196411510308585, 0.18950769305229187, 0.1925723354021708, 0.18390674889087677, 0.19434906542301178, 0.2274942547082901, 0.23820269604523978, 0.19552594423294067, 0.18558656672636667, 0.23332982758680978, 0.19434706370035806, 0.1816767007112503, 0.1999232272307078, 0.20419945319493613, 0.1889607459306717, 0.20918226738770804, 0.21222389737764993, 0.21318853894869486, 0.1996437261501948, 0.1879045863946279, 0.24095365901788077], "accuracy": [81.62952883143392, 96.35992515733969, 95.74757611838749, 94.72699438680047, 96.83619663208029, 69.77377104949821, 96.68310937234223, 72.46130294267732, 94.65895560469468, 96.75114815444803, 96.51301241707773, 96.66609967681579, 96.51301241707773, 96.59806089470999, 96.88722571865964, 96.81918693655383, 96.81918693655383, 96.51301241707773, 96.83619663208029, 72.66541928899473, 96.97227419629189, 72.71644837557407, 97.09134206497704, 97.09134206497704, 97.14237115155639, 72.76747746215342, 97.0403129783977, 72.92056472189148, 97.02330328287124, 97.02330328287124, 97.05732267392413, 97.02330328287124, 72.80149685320633, 72.71644837557407, 72.85252593978568, 72.68242898452118, 96.81918693655383, 72.58037081136247, 96.54703180813064, 96.98928389181833, 72.64840959346827, 72.54635142030958, 72.61439020241538, 72.64840959346827, 72.81850654873278, 92.97499574757612, 93.07705392073481, 92.97499574757612, 93.24715087599932, 92.92396666099677, 93.04303452968192, 93.12808300731417, 93.50229630889606, 93.09406361626127, 93.26416057152576, 94.13165504337472, 93.09406361626127, 94.23371321653343, 92.37965640415037, 94.16567443442763, 94.45483925837728, 91.93740432046266, 92.66882122810001, 92.73686001020582, 92.03946249362136, 93.00901513862902, 93.43425752679028, 92.77087940125871, 91.17196802177241, 92.27759823099167, 92.80489879231162, 93.06004422520837, 91.44412315019561, 93.09406361626127, 93.07705392073481, 92.29460792651811, 92.80489879231162, 92.77087940125871, 92.00544310256846, 92.49872427283552, 93.26416057152576, 93.07705392073481, 93.19612178941998, 93.07705392073481, 92.27759823099167, 91.34206497703691, 94.48885864943017, 93.50229630889606, 92.63480183704712, 93.21313148494642, 93.24715087599932, 92.63480183704712, 93.04303452968192, 93.12808300731417, 92.17554005783296, 92.24357883993876, 94.35278108521858, 92.65181153257356, 93.26416057152576, 93.89351930600442], "precision": [0.0, 91.00378787878788, 86.66077738515902, 97.41379310344827, 93.0635838150289, 37.331879316612145, 93.76854599406528, 39.83402489626556, 83.89380530973452, 92.61744966442953, 94.32624113475178, 94.73684210526315, 91.70638703527169, 94.0, 94.5382323733863, 95.14661274014156, 94.96475327291037, 94.96402877697841, 94.78957915831663, 39.89259685462217, 94.83101391650099, 40.045592705167174, 95.0445986124876, 94.60255152109912, 94.97041420118343, 39.96919522525991, 95.02982107355865, 40.221543162719634, 94.93545183714002, 94.58128078817734, 94.94549058473737, 94.84638255698712, 40.07648183556405, 40.105740181268885, 40.15267175572519, 40.03787878787879, 93.81746810598625, 39.901290812452544, 91.64292497625831, 94.83614697120159, 39.98482549317147, 39.916918429003026, 39.877769289533994, 39.9236641221374, 40.09181331293038, 99.85052316890882, 99.70457902511079, 99.70193740685544, 99.70887918486171, 99.7005988023952, 99.55686853766618, 99.56011730205279, 99.71509971509973, 99.70501474926253, 99.56521739130434, 99.46164199192464, 99.55882352941177, 99.33422103861518, 99.68553459119497, 99.59623149394348, 99.3455497382199, 99.672131147541, 99.54198473282443, 99.69558599695586, 99.67532467532467, 99.55555555555556, 99.57142857142857, 99.54614220877458, 99.47089947089947, 99.36908517350159, 99.5475113122172, 99.5575221238938, 99.48542024013722, 99.41348973607037, 99.26793557833089, 99.52606635071089, 99.5475113122172, 99.69650986342944, 99.51298701298701, 99.68895800933126, 99.70930232558139, 99.70457902511079, 99.56268221574344, 99.55817378497791, 99.36908517350159, 99.82547993019197, 99.47643979057592, 98.8795518207283, 99.5405819295559, 99.7080291970803, 99.70887918486171, 99.5405819295559, 99.70370370370371, 99.85250737463127, 99.83922829581994, 99.68152866242038, 99.7340425531915, 99.84615384615385, 99.85422740524781, 99.72413793103449], "recall": [0.0, 88.98148148148148, 90.83333333333333, 73.24074074074073, 89.44444444444444, 95.0925925925926, 87.77777777777777, 97.77777777777777, 87.77777777777777, 89.44444444444444, 86.20370370370371, 86.66666666666667, 89.07407407407408, 87.03703703703704, 88.14814814814815, 87.12962962962963, 87.31481481481481, 85.55555555555556, 87.5925925925926, 96.29629629629629, 88.33333333333333, 97.5925925925926, 88.79629629629629, 89.25925925925927, 89.16666666666667, 96.11111111111111, 88.51851851851852, 97.5, 88.51851851851852, 88.88888888888889, 88.70370370370371, 88.61111111111111, 97.03703703703704, 98.33333333333333, 97.4074074074074, 97.87037037037038, 88.51851851851852, 97.31481481481481, 89.35185185185185, 88.42592592592592, 97.5925925925926, 97.87037037037038, 96.66666666666667, 96.85185185185186, 97.03703703703704, 61.85185185185185, 62.5, 61.94444444444444, 63.42592592592593, 61.66666666666667, 62.40740740740741, 62.87037037037037, 64.81481481481481, 62.59259259259259, 63.61111111111111, 68.42592592592592, 62.68518518518519, 69.07407407407408, 58.7037037037037, 68.51851851851852, 70.27777777777777, 56.2962962962963, 60.370370370370374, 60.64814814814815, 56.851851851851855, 62.22222222222222, 64.53703703703704, 60.92592592592593, 52.22222222222223, 58.333333333333336, 61.111111111111114, 62.5, 53.70370370370371, 62.77777777777778, 62.77777777777778, 58.333333333333336, 61.111111111111114, 60.83333333333333, 56.75925925925925, 59.351851851851855, 63.51851851851852, 62.5, 63.24074074074074, 62.59259259259259, 58.333333333333336, 52.96296296296297, 70.37037037037037, 65.37037037037037, 60.18518518518518, 63.24074074074074, 63.42592592592593, 60.18518518518518, 62.31481481481481, 62.68518518518519, 57.49999999999999, 57.96296296296296, 69.44444444444444, 60.092592592592595, 63.42592592592593, 66.94444444444444],