{"loss": [0.4968319733937581, 0.48128925760587055, 0.30114316940307617, 0.17665347456932068, 0.15620291233062744, 0.1409681091705958, 0.11791835973660152, 0.12008244047562282, 0.10431050509214401, 0.09971752017736435, 0.10088293254375458, 0.09966351091861725, 0.09696550915638606, 0.09623512625694275, 0.09489943583806355, 0.10289418945709865, 0.09336323291063309, 0.09244183699289958, 0.09179229040940602, 0.0927589808901151, 0.10422671089569728, 0.09840482970078786, 0.09327528129021327, 0.0926407923301061, 0.09011849015951157, 0.09777027865250905, 0.09388121714194615, 0.0917725960413615, 0.0914015918970108, 0.09095195929209392, 0.09181387474139531, 0.09099957843621571, 0.09095670034488042, 0.0886937106649081, 0.09558593481779099, 0.09326850374539693, 0.0894647588332494, 0.09247145801782608, 0.09076587110757828, 0.09011587748924892, 0.1108914315700531, 0.09665285795927048, 0.08984268705050151, 0.09511269877354304, 0.08850285162528355, 0.08921425292889278, 0.08685046682755153, 0.08689641207456589, 0.08850772182146709, 0.08880147834618886, 0.09146387626727422, 0.08695430308580399, 0.08661424120267232, 0.08374075343211491, 0.08355857183535893, 0.08919973919788997, 0.08594792832930882, 0.08428073922793071, 0.08399169892072678, 0.08452468862136205, 0.09235153098901112, 0.08451974391937256, 0.08489932616551717, 0.08856366078058879, 0.08593819787104924, 0.08521723498900731, 0.08429784576098125, 0.08681371062994003, 0.08275850117206573, 0.08372459312280019, 0.08682247251272202, 0.08545547723770142, 0.08448589096466701, 0.09027650952339172, 0.08805406341950099, 0.08991573750972748, 0.08578715721766154, 0.08911128590504329, 0.08517196029424667, 0.08160935342311859, 0.08317335198322932, 0.08410356193780899, 0.0827136014898618, 0.08317108700672786, 0.08841775357723236, 0.09653857598702113, 0.09283118695020676, 0.08135756105184555, 0.08413698772589366, 0.08968284726142883, 0.08215654144684474, 0.08919728547334671, 0.09272160877784093, 0.08209018409252167, 0.09341478844483693, 0.08135594179232915, 0.08155537396669388, 0.08621111263831456, 0.08789208283027013, 0.09351849307616551], "accuracy": [81.62952883143392, 81.62952883143392, 83.05834325565573, 94.74400408232692, 95.69654703180814, 96.76815784997449, 96.76815784997449, 96.83619663208029, 96.92124510971253, 97.65266201734988, 97.75472019050859, 96.88722571865964, 97.78873958156149, 97.0403129783977, 97.00629358734479, 97.17639054260928, 97.75472019050859, 97.73771049498214, 97.63565232182344, 97.61864262629699, 96.97227419629189, 97.0403129783977, 97.60163293077053, 97.5846232352441, 97.60163293077053, 96.90423541418609, 96.95526450076544, 97.61864262629699, 97.5165844531383, 97.63565232182344, 97.63565232182344, 97.5165844531383, 97.5165844531383, 97.63565232182344, 96.93825480523898, 97.09134206497704, 97.14237115155639, 97.72070079945568, 96.98928389181833, 97.70369110392924, 96.90423541418609, 97.00629358734479, 97.53359414866473, 97.00629358734479, 97.68668140840279, 97.07433236945059, 97.68668140840279, 97.68668140840279, 97.53359414866473, 97.56761353971764, 97.48256506208538, 97.75472019050859, 97.75472019050859, 97.75472019050859, 97.73771049498214, 97.02330328287124, 97.68668140840279, 97.72070079945568, 97.73771049498214, 97.72070079945568, 97.05732267392413, 97.70369110392924, 97.61864262629699, 97.5846232352441, 97.77172988603505, 97.73771049498214, 97.75472019050859, 97.60163293077053, 97.75472019050859, 97.73771049498214, 97.56761353971764, 97.70369110392924, 97.75472019050859, 97.0403129783977, 97.5846232352441, 97.21040993366219, 97.73771049498214, 97.21040993366219, 97.68668140840279, 97.77172988603505, 97.5846232352441, 97.61864262629699, 97.80574927708794, 97.75472019050859, 97.09134206497704, 97.22741962918863, 97.22741962918863, 97.78873958156149, 97.78873958156149, 97.5846232352441, 97.78873958156149, 97.14237115155639, 97.10835176050348, 97.78873958156149, 97.0403129783977, 97.80574927708794, 97.80574927708794, 97.80574927708794, 97.278448715768, 97.19340023813574], "precision": [0.0, 0.0, 93.75, 91.40708915145005, 90.73891625615764, 92.4618320610687, 92.54302103250478, 92.81609195402298, 93.26275264677575, 97.67206477732793, 98.36734693877551, 93.0835734870317, 98.37067209775967, 93.8953488372093, 93.88349514563107, 98.30866807610994, 98.26883910386965, 98.16887080366226, 98.15762538382803, 98.15573770491804, 93.36538461538461, 98.50107066381156, 98.45201238390094, 98.35051546391752, 98.35221421215242, 93.9334637964775, 98.38882921589689, 98.4536082474227, 98.44398340248964, 98.35560123329907, 98.35560123329907, 98.44398340248964, 98.54469854469855, 98.35560123329907, 98.38709677419355, 98.81847475832438, 98.40764331210191, 98.16700610997964, 98.39228295819936, 98.46153846153847, 98.80434782608695, 98.39400428265525, 98.44559585492227, 98.39400428265525, 98.4599589322382, 98.71244635193133, 98.4599589322382, 98.4599589322382, 98.44559585492227, 98.4488107549121, 98.54166666666667, 98.17073170731707, 98.17073170731707, 98.17073170731707, 98.26707441386341, 93.8894277400582, 98.4599589322382, 98.26530612244898, 98.26707441386341, 98.26530612244898, 98.50267379679144, 98.46153846153847, 98.55371900826447, 98.55072463768117, 98.1725888324873, 98.26707441386341, 98.36734693877551, 98.55222337125129, 98.36734693877551, 98.26707441386341, 98.54922279792746, 98.56115107913669, 98.36734693877551, 98.50107066381156, 98.55072463768117, 98.31223628691983, 98.36567926455567, 98.31223628691983, 98.559670781893, 98.36901121304791, 98.55072463768117, 98.35390946502058, 98.37232960325534, 98.36734693877551, 98.81847475832438, 98.62142099681867, 98.31401475237091, 98.37067209775967, 98.37067209775967, 98.55072463768117, 98.37067209775967, 98.61407249466951, 98.8197424892704, 98.37067209775967, 98.50107066381156, 98.37232960325534, 98.37232960325534, 98.37232960325534, 98.62579281183932, 98.82604055496265], "recall": [0.0, 0.0, 8.333333333333332, 78.7962962962963, 85.27777777777777, 89.72222222222223, 89.62962962962962, 89.72222222222223, 89.72222222222223, 89.35185185185185, 89.25925925925927, 89.72222222222223, 89.44444444444444, 89.72222222222223, 89.53703703703704, 86.11111111111111, 89.35185185185185, 89.35185185185185, 88.79629629629629, 88.70370370370371, 89.9074074074074, 85.18518518518519, 88.33333333333333, 88.33333333333333, 88.42592592592592, 88.88888888888889, 84.81481481481481, 88.42592592592592, 87.87037037037037, 88.61111111111111, 88.61111111111111, 87.87037037037037, 87.77777777777777, 88.61111111111111, 84.72222222222221, 85.18518518518519, 85.83333333333333, 89.25925925925927, 85.0, 88.88888888888889, 84.16666666666667, 85.0925925925926, 87.96296296296296, 85.0925925925926, 88.79629629629629, 85.18518518518519, 88.79629629629629, 88.79629629629629, 87.96296296296296, 88.14814814814815, 87.5925925925926, 89.44444444444444, 89.44444444444444, 89.44444444444444, 89.25925925925927, 89.62962962962962, 88.79629629629629, 89.16666666666667, 89.25925925925927, 89.16666666666667, 85.27777777777777, 88.88888888888889, 88.33333333333333, 88.14814814814815, 89.53703703703704, 89.25925925925927, 89.25925925925927, 88.24074074074075, 89.25925925925927, 89.25925925925927, 88.05555555555556, 88.79629629629629, 89.25925925925927, 85.18518518518519, 88.14814814814815, 86.29629629629629, 89.16666666666667, 86.29629629629629, 88.70370370370371, 89.35185185185185, 88.14814814814815, 88.51851851851852, 89.53703703703704, 89.25925925925927, 85.18518518518519, 86.11111111111111, 86.38888888888889, 89.44444444444444, 89.44444444444444, 88.14814814814815, 89.44444444444444, 85.64814814814815, 85.27777777777777, 89.44444444444444, 85.18518518518519, 89.53703703703704, 89.53703703703704, 89.53703703703704, 86.38888888888889, 85.74074074074073],