{"loss": [0.9198920329411825, 0.16830792526404062, 1.1910271247227986, 0.13871446748574576, 0.816387931505839, 0.10914624482393265, 0.8644917408625284, 0.10187781105438869, 0.38678498069445294, 0.12856640170017877, 0.20353855192661285, 0.19158113499482474, 0.26441895961761475, 0.1671422521273295, 0.15254631141821542, 0.47085487842559814, 0.1071036159992218, 0.21133514245351157, 0.1546026219924291, 0.17588464419047037, 0.2415731648604075, 0.23542268574237823, 0.24494712551434836, 0.467803289492925, 0.11208359400431316, 0.21033130586147308, 0.19109172622362772, 0.3314633866151174, 0.14536850651105246, 0.22610691686471304, 0.2628907561302185, 0.17745331426461539, 0.24131791293621063, 0.16457198560237885, 0.1529925415913264, 0.12857358157634735, 0.13161458571751913, 0.10018210113048553, 0.09701626002788544, 0.12665395190318426, 0.0810454711318016, 0.10247935354709625, 0.09074117491642635, 0.10103700309991837, 0.10326778640349706, 0.09387798855702083, 0.174939493338267, 0.08582698553800583, 0.11099943270285924, 0.08370084812243779, 0.1478894054889679, 0.08375330020984013, 0.0877560277779897, 0.12849720319112143, 0.08085378011067708, 0.09413811564445496, 0.08758390694856644, 0.10030745963255565, 0.10436949382225673, 0.08339443802833557, 0.13835123678048453, 0.07675731678803761, 0.1029358059167862, 0.0993172898888588, 0.06685197601715724, 0.07425987720489502, 0.07206596930821736, 0.0948985293507576, 0.129673903187116, 0.07417625933885574, 0.0843823899825414, 0.0851759488383929, 0.0754328320423762, 0.08337678015232086, 0.08539491146802902, 0.11081740260124207, 0.12272235254446666, 0.07694139331579208, 0.10935380558172862, 0.06555531298120816, 0.17080176373322806, 0.06066987290978432, 0.06673302377263705, 0.07545375575621922, 0.08218815922737122, 0.0664885441462199, 0.07760970046122868, 0.07405902942021687, 0.07343612362941106, 0.08917263646920522, 0.1280746211608251, 0.06344351544976234, 0.3527451753616333, 0.05097768331567446, 0.07526380568742752, 0.16066460808118185, 0.06594876945018768, 0.06445620954036713, 0.07012388855218887, 0.1360293005903562], "accuracy": [19.016839598571185, 83.21143051539377, 45.654022792992, 83.61966320802857, 67.64755910869195, 86.22214662357544, 69.72274196291886, 93.91052900153088, 69.65470318081306, 95.37336281680558, 95.50944038101719, 95.45841129443782, 95.40738220785848, 95.49243068549073, 95.42439190338493, 69.50161592107501, 94.01258717468957, 94.77802347337983, 95.52645007654363, 95.05017860180303, 94.86307195101207, 94.76101377785338, 94.88008164653853, 69.38254805238986, 94.35278108521858, 94.86307195101207, 94.93111073311788, 95.23728525259398, 95.52645007654363, 94.98213981969722, 95.39037251233204, 95.49243068549073, 95.49243068549073, 96.05375063786359, 95.13522707943528, 95.62850824970234, 95.50944038101719, 95.66252764075523, 96.13879911549583, 95.86664398707264, 96.30889607076033, 95.47542098996428, 96.29188637523389, 96.20683789760163, 96.25786698418098, 95.95169246470488, 96.49600272155128, 95.44140159891138, 96.61507059023643, 96.54703180813064, 96.68310937234223, 96.80217724102738, 96.29188637523389, 96.30889607076033, 96.32590576628678, 96.56404150365708, 96.10477972444293, 96.47899302602484, 96.00272155128424, 96.54703180813064, 95.57747916312297, 94.88008164653853, 96.58105119918353, 96.07076033339003, 96.42796393944549, 96.54703180813064, 96.12178941996939, 96.42796393944549, 95.95169246470488, 96.54703180813064, 96.66609967681579, 96.00272155128424, 96.56404150365708, 96.32590576628678, 96.63208028576288, 96.07076033339003, 95.90066337812553, 96.61507059023643, 96.46198333049838, 96.01973124681068, 96.24085728865454, 96.78516754550094, 96.87021602313318, 96.68310937234223, 95.90066337812553, 96.70011906786868, 96.66609967681579, 96.76815784997449, 96.81918693655383, 96.78516754550094, 96.12178941996939, 96.87021602313318, 71.18557577819357, 95.49243068549073, 96.53002211260419, 96.90423541418609, 96.70011906786868, 96.78516754550094, 96.22384759312808, 96.22384759312808], "precision": [18.45758354755784, 92.66055045871559, 24.86332303304017, 93.33333333333333, 35.82758620689655, 84.26395939086294, 37.15124816446402, 91.68591224018475, 36.97261287934863, 90.89068825910931, 89.6887159533074, 89.5813047711782, 89.62818003913894, 90.14778325123153, 89.87217305801377, 36.88856197131298, 89.91228070175438, 86.49669499527857, 91.47208121827411, 88.7144259077527, 86.56015037593986, 86.41509433962264, 86.64158043273753, 36.80351906158358, 90.04282655246253, 86.56015037593986, 86.95652173913044, 86.76470588235294, 90.72781655034895, 86.99340245051837, 87.00823421774932, 87.83658310120705, 87.76645041705282, 90.92664092664093, 87.73764258555133, 87.92626728110598, 87.5, 88.37209302325581, 89.89710009354536, 88.0108991825613, 92.17986314760508, 89.43798449612403, 91.6023166023166, 91.40096618357488, 90.48964218455744, 89.79206049149339, 91.53992395437263, 91.76954732510289, 92.31508165225745, 92.3671497584541, 91.86376537369915, 92.31499051233396, 89.9074074074074, 89.84302862419206, 91.6988416988417, 92.13051823416507, 89.28901200369344, 91.77033492822967, 88.86844526218951, 92.12295869356389, 88.89943074003796, 91.92680301399353, 92.46376811594203, 89.0524379024839, 91.98841698841699, 92.61418853255587, 90.57142857142857, 93.24055666003976, 89.94307400379506, 92.78048780487805, 93.33333333333333, 90.35339063992359, 93.37944664031622, 92.60355029585799, 92.64990328820116, 89.48837209302326, 89.16900093370683, 93.57072205736894, 93.51297405189621, 93.42915811088297, 90.40451552210725, 93.71933267909715, 93.83561643835617, 93.76854599406528, 88.87859128822984, 93.60236220472441, 93.50393700787401, 92.62452107279694, 92.89145052833814, 92.63157894736842, 90.49429657794677, 93.66471734892787, 38.621200889547815, 93.30499468650372, 91.08818011257036, 93.33976833976834, 93.34637964774952, 92.71332694151486, 90.2439024390244, 89.21389396709324], "recall": [99.72222222222223, 9.351851851851851, 96.85185185185186, 11.666666666666666, 96.2037037037037, 30.74074074074074, 93.7037037037037, 73.51851851851852, 92.5, 83.14814814814815, 85.37037037037038, 85.18518518518519, 84.81481481481481, 84.72222222222221, 84.62962962962963, 92.87037037037037, 75.92592592592592, 84.81481481481481, 83.42592592592592, 83.7037037037037, 85.27777777777777, 84.81481481481481, 85.27777777777777, 92.96296296296296, 77.87037037037037, 85.27777777777777, 85.18518518518519, 87.4074074074074, 84.25925925925925, 85.46296296296296, 88.05555555555556, 87.5925925925926, 87.68518518518519, 87.22222222222223, 85.46296296296296, 88.33333333333333, 88.14814814814815, 87.96296296296296, 88.98148148148148, 89.72222222222223, 87.31481481481481, 85.46296296296296, 87.87037037037037, 87.5925925925926, 88.98148148148148, 87.96296296296296, 89.16666666666667, 82.5925925925926, 88.98148148148148, 88.51851851851852, 89.9074074074074, 90.0925925925926, 89.9074074074074, 90.0925925925926, 87.96296296296296, 88.88888888888889, 89.53703703703704, 88.79629629629629, 89.44444444444444, 88.79629629629629, 86.75925925925925, 79.07407407407408, 88.61111111111111, 89.62962962962962, 88.24074074074075, 88.24074074074075, 88.05555555555556, 86.85185185185185, 87.77777777777777, 88.05555555555556, 88.14814814814815, 87.5925925925926, 87.5, 86.94444444444444, 88.70370370370371, 89.07407407407408, 88.42592592592592, 87.5925925925926, 86.75925925925925, 84.25925925925925, 88.98148148148148, 88.42592592592592, 88.79629629629629, 87.77777777777777, 88.79629629629629, 88.05555555555556, 87.96296296296296, 89.53703703703704, 89.53703703703704, 89.62962962962962, 88.14814814814815, 88.98148148148148, 96.48148148148148, 81.2962962962963, 89.9074074074074, 89.53703703703704, 88.33333333333333, 89.53703703703704, 89.07407407407408, 90.37037037037037],