{"loss": [0.49256890018781024, 0.26120297114054364, 0.16630802551905313, 0.1399914026260376, 0.12440752734740575, 0.11272990206877391, 0.11270959426959355, 0.10673360526561737, 0.09906323999166489, 0.09608153253793716, 0.09480797996123631, 0.09465419749418895, 0.09349089364210765, 0.0913763294617335, 0.09174039711554845, 0.09706327070792516, 0.09112885594367981, 0.0917998676498731, 0.09068307280540466, 0.08664945264657338, 0.0937805896004041, 0.09520416955153148, 0.087811678647995, 0.08364576349655788, 0.08884575466314952, 0.08509048571189244, 0.09397894889116287, 0.08745372543732326, 0.08546874175469081, 0.08323579281568527, 0.08312185108661652, 0.08655073990424474, 0.08132099608580272, 0.08122734477122624, 0.08830413222312927, 0.08251338452100754, 0.08368084828058879, 0.08308982600768407, 0.08993147561947505, 0.08165789892276128, 0.07871430367231369, 0.07993770639101665, 0.08865777154763539, 0.07874147097269694, 0.08090069393316905, 0.080444631477197, 0.07969588289658229, 0.07851574818293254, 0.0843608280022939, 0.0883701021472613, 0.08886065830787022, 0.0808445115884145, 0.0842805877327919, 0.08035921553770702, 0.11375726014375687, 0.08077422777811687, 0.11415848135948181, 0.0799395243326823, 0.08899862815936406, 0.08367680261532466, 0.07969014098246892, 0.07951929916938145, 0.08112119138240814, 0.07861728221178055, 0.0860137790441513, 0.07849652568499248, 0.07794635494550069, 0.07704541832208633, 0.08161775519450505, 0.08364318311214447, 0.08172662804524104, 0.08046076446771622, 0.07965133339166641, 0.07858672241369884, 0.08020659784475963, 0.07818260788917542, 0.07915227611859639, 0.08080663283665974, 0.08499611914157867, 0.08165445427099864, 0.08038866768280666, 0.07752390950918198, 0.07829887171586354, 0.0793096274137497, 0.07655560846130054, 0.07791042079528172, 0.0790114477276802, 0.08238003899653752, 0.08097311854362488, 0.0786658947666486, 0.07823791603247325, 0.08224110181132953, 0.07803142319122951, 0.07897009948889415, 0.0787693237264951, 0.07894049336512883, 0.07870720575253169, 0.08462165544430415, 0.07947298387686412, 0.07877758642037709], "accuracy": [81.62952883143392, 94.08062595679537, 94.48885864943017, 94.76101377785338, 95.98571185575778, 97.17639054260928, 95.88365368259907, 96.51301241707773, 97.56761353971764, 97.36349719340024, 97.39751658445314, 96.98928389181833, 97.5165844531383, 97.05732267392413, 97.02330328287124, 97.19340023813574, 97.44854567103249, 97.10835176050348, 97.15938084708284, 97.65266201734988, 97.49957475761184, 97.49957475761184, 97.14237115155639, 97.60163293077053, 97.43153597550604, 97.68668140840279, 97.05732267392413, 97.65266201734988, 97.65266201734988, 97.68668140840279, 97.72070079945568, 97.72070079945568, 97.66967171287634, 97.66967171287634, 97.49957475761184, 97.70369110392924, 97.83976866814083, 97.87378805919374, 97.8907977547202, 97.83976866814083, 97.8227589726144, 97.90780745024664, 97.66967171287634, 97.83976866814083, 97.83976866814083, 97.87378805919374, 97.85677836366729, 97.83976866814083, 97.66967171287634, 97.68668140840279, 97.85677836366729, 97.83976866814083, 97.8227589726144, 97.8227589726144, 97.66967171287634, 97.68668140840279, 97.60163293077053, 97.66967171287634, 97.83976866814083, 97.66967171287634, 97.8227589726144, 97.83976866814083, 97.70369110392924, 97.85677836366729, 97.68668140840279, 97.87378805919374, 97.85677836366729, 97.83976866814083, 97.75472019050859, 97.75472019050859, 97.70369110392924, 97.70369110392924, 97.85677836366729, 97.8227589726144, 97.92481714577309, 97.94182684129954, 97.78873958156149, 97.77172988603505, 97.70369110392924, 97.8227589726144, 97.77172988603505, 97.83976866814083, 97.8907977547202, 97.87378805919374, 97.90780745024664, 97.90780745024664, 97.87378805919374, 97.92481714577309, 97.80574927708794, 97.8227589726144, 97.87378805919374, 97.80574927708794, 97.87378805919374, 97.87378805919374, 97.87378805919374, 97.87378805919374, 97.87378805919374, 97.75472019050859, 97.87378805919374, 97.87378805919374], "precision": [0.0, 87.96680497925311, 89.5397489539749, 90.20833333333333, 95.18201284796574, 95.3373015873016, 96.76339285714286, 90.69767441860465, 97.1802618328298, 95.74678536102869, 95.75518262586377, 97.47634069400631, 96.8875502008032, 97.58656873032528, 97.58149316508938, 98.4126984126984, 95.94861660079052, 97.69392033542978, 98.51222104144527, 97.76876267748479, 96.14243323442136, 96.05133267522211, 98.82226980728052, 97.7619532044761, 96.21890547263682, 98.96265560165975, 98.92125134843582, 98.96049896049897, 98.96049896049897, 98.96265560165975, 98.76288659793815, 98.76288659793815, 99.06347554630594, 98.96157840083075, 97.36040609137055, 98.76160990712074, 98.77175025588537, 98.67482161060143, 98.67617107942974, 98.77175025588537, 98.97119341563786, 99.27909371781668, 99.68387776606956, 98.67211440245148, 99.48078920041536, 98.97435897435898, 98.97330595482546, 98.97225077081193, 99.16579770594369, 99.68421052631578, 98.87295081967213, 99.17440660474716, 98.67075664621677, 98.77049180327869, 97.1971971971972, 99.06444906444906, 96.90309690309691, 99.06347554630594, 98.67211440245148, 99.16579770594369, 98.77049180327869, 98.97225077081193, 99.16753381893861, 98.87295081967213, 99.68421052631578, 98.77425944841676, 98.87295081967213, 98.97225077081193, 99.68553459119497, 99.78991596638656, 99.37304075235109, 99.47643979057592, 99.17525773195877, 98.870636550308, 99.58592132505176, 99.58634953464323, 99.79035639412997, 99.79013641133263, 99.78925184404636, 99.58333333333333, 99.58202716823406, 98.87179487179488, 99.07597535934292, 98.97435897435898, 99.07692307692308, 99.38080495356037, 98.97435897435898, 99.38144329896907, 99.58289885297185, 99.37759336099586, 98.87410440122825, 99.37694704049844, 98.87410440122825, 98.97435897435898, 98.97435897435898, 98.97435897435898, 98.97435897435898, 99.581589958159, 98.97435897435898, 98.87410440122825], "recall": [0.0, 78.51851851851852, 79.25925925925927, 80.18518518518518, 82.31481481481482, 88.98148148148148, 80.27777777777779, 90.27777777777779, 89.35185185185185, 89.62962962962962, 89.81481481481481, 85.83333333333333, 89.35185185185185, 86.11111111111111, 85.92592592592592, 86.11111111111111, 89.9074074074074, 86.29629629629629, 85.83333333333333, 89.25925925925927, 90.0, 90.0925925925926, 85.46296296296296, 88.98148148148148, 89.53703703703704, 88.33333333333333, 84.9074074074074, 88.14814814814815, 88.14814814814815, 88.33333333333333, 88.70370370370371, 88.70370370370371, 88.14814814814815, 88.24074074074075, 88.79629629629629, 88.61111111111111, 89.35185185185185, 89.62962962962962, 89.72222222222223, 89.35185185185185, 89.07407407407408, 89.25925925925927, 87.5925925925926, 89.44444444444444, 88.70370370370371, 89.35185185185185, 89.25925925925927, 89.16666666666667, 88.05555555555556, 87.68518518518519, 89.35185185185185, 88.98148148148148, 89.35185185185185, 89.25925925925927, 89.9074074074074, 88.24074074074075, 89.81481481481481, 88.14814814814815, 89.44444444444444, 88.05555555555556, 89.25925925925927, 89.16666666666667, 88.24074074074075, 89.35185185185185, 87.68518518518519, 89.53703703703704, 89.35185185185185, 89.16666666666667, 88.05555555555556, 87.96296296296296, 88.05555555555556, 87.96296296296296, 89.07407407407408, 89.16666666666667, 89.07407407407408, 89.16666666666667, 88.14814814814815, 88.05555555555556, 87.68518518518519, 88.51851851851852, 88.24074074074075, 89.25925925925927, 89.35185185185185, 89.35185185185185, 89.44444444444444, 89.16666666666667, 89.35185185185185, 89.25925925925927, 88.42592592592592, 88.70370370370371, 89.44444444444444, 88.61111111111111, 89.44444444444444, 89.35185185185185, 89.35185185185185, 89.35185185185185, 89.35185185185185, 88.14814814814815, 89.35185185185185, 89.44444444444444],