{"loss": [0.7494063973426819, 0.7247499823570251, 0.7112138072649637, 0.40521307786305744, 0.35600076119105023, 0.36812947193781537, 0.39730071028073627, 0.23895524938901266, 0.19697104891141257, 0.31522462765375775, 0.20565915604432425, 0.27920464674631756, 0.156612366437912, 0.2993459900220235, 0.32996301849683124, 0.4327475130558014, 0.40103763341903687, 0.5119443933169047, 0.40213410059611004, 0.370122234026591, 0.5653389890988668, 0.5858508745829264, 0.414072722196579, 0.5734658241271973, 0.46984896063804626, 0.356324036916097, 0.29504730304082233, 0.2800145049889882, 0.17300214866797128, 0.25793405373891193, 0.11635150512059529, 0.2254902422428131, 0.12344405800104141, 0.09377170850833257, 0.13531463344891867, 0.1914103627204895, 0.16780716677506766, 0.12942160417636236, 0.13550773511330286, 0.20279105504353842, 0.13029526670773825, 0.14759090542793274, 0.14801205197970072, 0.12150233487288158, 0.16117038329442343, 0.2085931897163391, 0.14062162240346274, 0.11926720291376114, 0.1711829553047816, 0.18073272705078125, 0.09869987269242604, 0.09741077323754628, 0.06677192449569702, 0.0866785744825999, 0.07483629633982976, 0.07411145667235057, 0.11558570464452107, 0.08632887154817581, 0.15445102751255035, 0.07637038330237071, 0.08959432442982991, 0.1812695562839508, 0.0709615300099055, 0.14486253261566162, 0.07500125964482625, 0.08728800962368648, 0.09999747325976689, 0.05638991172115008, 0.06324042504032452, 0.10373363147179286, 0.17793698608875275, 0.059755892803271614, 0.060687522093454994, 0.1076922540863355, 0.21020728846391043, 0.06963098670045535, 0.06705054019888242, 0.07134240369002025, 0.06984516481558482, 0.06597492843866348, 0.06778740137815475, 0.06161240115761757, 0.05834626158078512, 0.05915743360916773, 0.059695053845644, 0.06120871504147848, 0.0717199444770813, 0.06607671454548836, 0.06486157824595769, 0.0760561873515447, 0.07163845375180244, 0.06835945323109627, 0.06906455010175705, 0.10942524671554565, 0.05921419461568197, 0.12579543391863504, 0.06568381562829018, 0.0638657733798027, 0.08354626347621281, 0.0625048577785492], "accuracy": [47.593128083007315, 64.19459091682259, 63.54822248681749, 67.5965300221126, 69.68872257186597, 70.40312978397687, 71.44072121109032, 95.71355672733458, 95.23728525259398, 71.13454669161422, 95.44140159891138, 95.23728525259398, 94.36979078074502, 70.89641095424392, 71.21959516924647, 71.37268242898452, 71.54277938424902, 71.32165334240517, 71.57679877530192, 71.50875999319612, 71.47474060214323, 71.50875999319612, 71.67885694846062, 72.01905085898963, 71.98503146793672, 72.15512842320122, 72.17213811872767, 72.00204116346318, 96.35992515733969, 96.25786698418098, 96.34291546181323, 96.44497363497193, 96.63208028576288, 96.37693485286613, 96.70011906786868, 96.01973124681068, 96.18982820207518, 95.95169246470488, 95.67953733628168, 95.73056642286103, 95.66252764075523, 95.71355672733458, 95.61149855417588, 95.59448885864943, 95.67953733628168, 95.91767307365198, 95.73056642286103, 95.67953733628168, 95.90066337812553, 95.91767307365198, 95.95169246470488, 96.20683789760163, 96.01973124681068, 96.56404150365708, 96.17281850654874, 96.25786698418098, 96.25786698418098, 96.17281850654874, 96.78516754550094, 96.41095424391904, 96.73413845892159, 96.70011906786868, 95.16924647048818, 96.66609967681579, 96.49600272155128, 96.73413845892159, 97.21040993366219, 97.19340023813574, 97.17639054260928, 97.19340023813574, 97.17639054260928, 95.69654703180814, 96.95526450076544, 97.10835176050348, 96.10477972444293, 96.49600272155128, 96.08777002891648, 96.88722571865964, 96.87021602313318, 96.88722571865964, 96.95526450076544, 96.88722571865964, 96.95526450076544, 96.87021602313318, 96.92124510971253, 96.93825480523898, 96.59806089470999, 96.51301241707773, 95.11821738390883, 95.61149855417588, 96.42796393944549, 96.66609967681579, 96.90423541418609, 97.10835176050348, 94.82905255995918, 96.41095424391904, 96.22384759312808, 96.29188637523389, 96.32590576628678, 95.90066337812553], "precision": [25.277983691623422, 33.31162487788994, 33.21755604673192, 35.691987513007284, 37.5, 37.97376093294461, 38.719397363465156, 89.20454545454545, 88.16793893129771, 38.211692777990066, 89.26499032882012, 89.2156862745098, 90.05347593582887, 37.74757281553398, 37.96223446105429, 38.21805392731536, 38.46752236483859, 38.19173811379579, 38.550949244478886, 38.44660194174757, 38.443670150987224, 38.44660194174757, 38.67595818815331, 39.14713791778717, 39.10034602076124, 39.38238658025162, 39.413556740289415, 39.14877300613497, 93.30000000000001, 93.0, 93.73104145601617, 92.99111549851925, 93.92430278884463, 93.83215369059657, 93.68836291913215, 91.47058823529412, 91.63424124513618, 93.58178053830227, 91.54929577464789, 91.32602193419741, 91.7933130699088, 91.64989939637826, 91.68356997971603, 91.75991861648016, 91.71717171717172, 93.84133611691024, 93.67755532139094, 93.20083682008368, 93.2920536635707, 93.20987654320987, 93.49173553719008, 93.50253807106598, 93.6082474226804, 93.5515873015873, 93.3130699088146, 93.34677419354838, 93.34677419354838, 93.22548028311427, 96.74711437565581, 93.32003988035892, 97.03389830508475, 97.0276008492569, 92.7038626609442, 96.33123689727464, 93.18181818181817, 96.54088050314465, 96.92622950819673, 97.01952723535457, 96.91991786447639, 96.92307692307692, 97.21074380165288, 97.04209328782709, 97.07419017763846, 96.81069958847736, 96.91289966923925, 96.88841201716738, 96.90949227373068, 97.06190975865687, 96.56964656964658, 96.86520376175548, 96.6839378238342, 96.67013527575442, 96.78089304257529, 96.86192468619247, 96.87174139728884, 96.875, 97.00854700854701, 96.99248120300751, 96.81227863046044, 96.81093394077449, 96.875, 96.92144373673037, 97.06498951781971, 96.90721649484536, 96.85990338164251, 96.97297297297297, 96.93654266958424, 97.0524017467249, 97.05882352941177, 96.976483762598], "recall": [94.72222222222221, 94.72222222222221, 97.4074074074074, 95.27777777777777, 97.5, 96.48148148148148, 95.18518518518519, 87.22222222222223, 85.55555555555556, 92.5925925925926, 85.46296296296296, 84.25925925925925, 77.96296296296296, 90.0, 89.35185185185185, 90.55555555555556, 91.57407407407408, 90.74074074074075, 92.12962962962963, 91.66666666666666, 91.94444444444444, 91.66666666666666, 92.5, 94.35185185185185, 94.16666666666667, 95.64814814814815, 95.83333333333334, 94.53703703703704, 86.38888888888889, 86.11111111111111, 85.83333333333333, 87.22222222222223, 87.31481481481481, 85.92592592592592, 87.96296296296296, 86.38888888888889, 87.22222222222223, 83.7037037037037, 84.25925925925925, 84.81481481481481, 83.88888888888889, 84.35185185185186, 83.7037037037037, 83.51851851851852, 84.07407407407408, 83.24074074074073, 82.31481481481482, 82.5, 83.7037037037037, 83.88888888888889, 83.79629629629629, 85.27777777777777, 84.07407407407408, 87.31481481481481, 85.27777777777777, 85.74074074074073, 85.74074074074073, 85.37037037037038, 85.37037037037038, 86.66666666666667, 84.81481481481481, 84.62962962962963, 80.0, 85.0925925925926, 87.31481481481481, 85.27777777777777, 87.5925925925926, 87.4074074074074, 87.4074074074074, 87.5, 87.12962962962963, 78.98148148148148, 86.01851851851852, 87.12962962962963, 81.38888888888889, 83.61111111111111, 81.2962962962963, 85.64814814814815, 86.01851851851852, 85.83333333333333, 86.38888888888889, 86.01851851851852, 86.29629629629629, 85.74074074074073, 86.01851851851852, 86.11111111111111, 84.07407407407408, 83.61111111111111, 75.92592592592592, 78.70370370370371, 83.24074074074073, 84.53703703703704, 85.74074074074073, 87.03703703703704, 74.25925925925925, 83.05555555555556, 82.03703703703704, 82.31481481481482, 82.5, 80.18518518518518],