{"loss": [0.4599519868691762, 0.7662076552708944, 0.3924497067928314, 0.84190700451533, 0.7579657435417175, 0.3456299801667531, 0.42692198355992633, 0.5204317569732666, 0.5401697158813477, 0.35570793350537616, 0.3270660638809204, 0.33206917842229206, 0.3236364225546519, 0.2390066236257553, 0.3225318491458893, 0.8330589930216471, 0.21964754660924277, 0.21058213214079538, 0.27310123046239215, 0.25435222188631695, 0.522276242574056, 0.18779648343722025, 0.17281465232372284, 0.22739425798257193, 0.4190894365310669, 0.2061414768298467, 0.2319630185763041, 0.4618264138698578, 0.34552250305811566, 0.36730138460795086, 0.16650307675202689, 0.22254697978496552, 0.3182966709136963, 0.37338554859161377, 0.23216166098912558, 0.39740506807963055, 0.584286630153656, 0.7922960122426351, 0.4182744026184082, 1.0631773471832275, 0.32877278327941895, 0.49245040615399677, 0.6343738635381063, 0.65665336449941, 0.6599919398625692, 0.5291076302528381, 0.4923359453678131, 0.5750470558802286, 0.5065494378407797, 0.5422275265057882, 0.39489997426668805, 0.8028139472007751, 0.4612449109554291, 0.34848267833391827, 0.6521609226862589, 0.5364129741986593, 0.5707302689552307, 0.5340323249499003, 0.28707964221636456, 0.8341594537099203, 0.5189340313275655, 0.8356058200200399, 0.5892642935117086, 0.5657961567242941, 0.36102789640426636, 0.5180360674858093, 0.5375625093777975, 0.3780372937520345, 0.38259310523668927, 0.508326510588328, 0.6088435451189677, 0.37283172210057575, 0.616908589998881, 0.5413517753283182, 0.4053032199541728, 0.5997822086016337, 0.4924083153406779, 0.6303878426551819, 0.6117820342381796, 0.3888475199540456, 0.31694281101226807, 0.3679485023021698, 0.3994995653629303, 0.43422092994054157, 0.8111908833185831, 0.26433834433555603, 0.37500931819279987, 0.37653257449467975, 0.529522180557251, 0.3186596830685933, 0.31200916568438214, 0.33117257555325824, 0.6506395737330118, 0.23533488313357034, 0.3875114818414052, 0.458340843518575, 0.39712555209795636, 0.39338602622350055, 0.4299551049868266, 0.40938884019851685], "accuracy": [81.62952883143392, 70.69229460792651, 71.04949821398196, 49.430175199863925, 58.49634291546181, 95.54345977207008, 69.55264500765436, 57.76492600782446, 69.73975165844531, 70.14798435108011, 87.92311617622045, 94.60792651811532, 93.50229630889606, 94.08062595679537, 93.07705392073481, 66.93315189658105, 93.60435448205477, 93.87650961047797, 93.91052900153088, 93.79146113284573, 69.02534444633442, 93.96155808811022, 94.94812042864433, 93.85949991495153, 69.96087770028916, 93.87650961047797, 94.53988773600952, 87.75301922095595, 94.28474230311278, 69.4675965300221, 95.69654703180814, 94.88008164653853, 70.64126552134717, 70.11396496002722, 95.20326586154108, 70.18200374213302, 70.50518795713556, 62.74876679707433, 68.46402449396156, 67.03521006973975, 69.29749957475761, 70.94744004082327, 69.00833475080796, 69.96087770028916, 69.51862561660147, 68.25990814764415, 69.4675965300221, 69.96087770028916, 70.40312978397687, 68.12383058343255, 70.28406191529172, 68.65113114475251, 69.33151896581052, 68.97431535975507, 70.01190678686852, 69.97788739581561, 69.90984861370981, 69.96087770028916, 70.84538186766457, 68.22588875659126, 70.31808130634461, 68.49804388501445, 68.03878210580031, 68.22588875659126, 71.30464364687872, 70.18200374213302, 70.36911039292397, 68.39598571185576, 68.97431535975507, 68.66814084027897, 64.17758122129614, 68.80421840449056, 64.51777513182515, 63.25905766286783, 69.63769348528662, 67.4264330668481, 64.51777513182515, 63.122980098656235, 68.43000510290865, 68.39598571185576, 93.00901513862902, 68.58309236264671, 69.33151896581052, 89.41996938254805, 59.380847082837214, 95.81561490049329, 68.73617962238475, 93.36621874468447, 67.93672393264161, 94.09763565232183, 69.51862561660147, 94.81204286443273, 67.1882973294778, 95.91767307365198, 67.2223167205307, 67.00119067868685, 66.83109372342236, 89.5390372512332, 89.94726994386801, 68.88926688212281], "precision": [0.0, 37.89077212806026, 38.42144452717796, 26.41415399950162, 30.45977011494253, 85.50347222222221, 37.60474860335196, 30.28940713683619, 37.74973711882229, 38.0361573909961, 61.43386897404203, 81.14285714285714, 77.13841368584758, 79.32692307692307, 75.62833206397562, 35.638297872340424, 78.1150159744409, 78.70813397129187, 78.8338658146965, 78.80741337630943, 37.086092715231786, 81.16938950988822, 85.42986425339366, 80.75278015397775, 37.76747503566334, 80.82191780821918, 81.75732217573221, 61.12484548825711, 80.34257748776508, 37.39866055692633, 87.151841868823, 83.09260832625318, 38.33935018050541, 37.92365322868355, 84.1025641025641, 37.98643341663691, 38.25431034482759, 32.92307692307692, 36.70103092783505, 35.699999999999996, 37.002509860164935, 38.61493836113126, 37.073170731707314, 37.828246983676365, 37.48241912798875, 36.522633744855966, 37.44292237442922, 37.84549964564139, 38.197424892703864, 36.50577838205302, 38.11898824367652, 36.90353587366976, 37.355718782791186, 37.119113573407205, 37.945640663607485, 37.910342393222734, 37.83974585245323, 37.91402396053559, 38.53940708604483, 36.57123381049762, 38.12923955730096, 36.789869952087614, 36.43463497453311, 36.58038147138964, 38.89498719356019, 38.0121125757036, 38.16165951359085, 36.64148351648351, 36.99300699300699, 36.898211829436036, 33.867924528301884, 37.00895933838732, 34.07219759341355, 33.30241187384044, 37.60112557157932, 35.956945845946855, 34.05199746353836, 33.18912237330037, 36.730506155950756, 36.7053998632946, 75.43726235741445, 36.78042054463978, 37.399790867898226, 64.88946684005201, 31.06543138390272, 86.19791666666666, 36.92201518288475, 76.53846153846153, 36.295539666326185, 79.11040508339953, 37.50877192982456, 81.73628173628174, 35.82637729549249, 86.77758318739053, 35.85031740728366, 35.69527611443779, 35.57692307692308, 65.20601700457816, 66.55382532159784, 37.072833966171906], "recall": [0.0, 93.14814814814815, 95.55555555555556, 98.14814814814815, 98.14814814814815, 91.20370370370371, 99.72222222222223, 99.81481481481481, 99.72222222222223, 99.35185185185185, 92.03703703703704, 92.03703703703704, 91.85185185185185, 91.66666666666666, 91.94444444444444, 99.25925925925925, 90.55555555555556, 91.38888888888889, 91.38888888888889, 90.55555555555556, 98.51851851851852, 87.4074074074074, 87.4074074074074, 87.4074074074074, 98.05555555555556, 87.4074074074074, 90.46296296296296, 91.57407407407408, 91.20370370370371, 98.24074074074073, 89.81481481481481, 90.55555555555556, 98.33333333333333, 98.42592592592592, 91.11111111111111, 98.51851851851852, 98.61111111111111, 99.07407407407408, 98.88888888888889, 99.16666666666667, 95.55555555555556, 98.61111111111111, 98.51851851851852, 98.70370370370371, 98.70370370370371, 98.61111111111111, 98.70370370370371, 98.88888888888889, 98.88888888888889, 99.44444444444444, 99.07407407407408, 99.53703703703704, 98.88888888888889, 99.25925925925925, 99.53703703703704, 99.44444444444444, 99.25925925925925, 99.62962962962963, 98.70370370370371, 99.35185185185185, 98.88888888888889, 99.53703703703704, 99.35185185185185, 99.44444444444444, 98.42592592592592, 98.79629629629629, 98.79629629629629, 98.79629629629629, 97.96296296296296, 99.35185185185185, 99.72222222222223, 99.44444444444444, 99.62962962962963, 99.72222222222223, 98.98148148148148, 98.98148148148148, 99.44444444444444, 99.44444444444444, 99.44444444444444, 99.44444444444444, 91.85185185185185, 98.79629629629629, 99.35185185185185, 92.4074074074074, 99.35185185185185, 91.94444444444444, 99.07407407407408, 92.12962962962963, 98.70370370370371, 92.22222222222223, 98.98148148148148, 92.4074074074074, 99.35185185185185, 91.75925925925927, 99.35185185185185, 99.35185185185185, 99.35185185185185, 92.31481481481481, 91.01851851851852, 99.44444444444444],