{"loss": [1.5421929756800334, 0.9393820961316427, 0.9400342504183451, 1.0805246829986572, 0.8860606551170349, 0.7356021006902059, 0.6640586853027344, 0.3072701891263326, 0.5705918073654175, 0.5672499934832255, 0.7339285214742025, 0.5691945552825928, 0.5969929695129395, 0.5226483941078186, 0.7656686107317606, 0.42529967427253723, 0.5940203666687012, 0.4114554425080617, 0.588810404141744, 0.36610103646914166, 0.44256871938705444, 0.35210617383321124, 0.4204760491847992, 0.24329902231693268, 0.4905906716982524, 0.4939525822798411, 0.4629339675108592, 0.3288619816303253, 0.41516879200935364, 0.4573793411254883, 0.3419684072335561, 0.2658730645974477, 0.22859991590181986, 0.31744786103566486, 0.3674818774064382, 0.3253367841243744, 0.24380738039811453, 0.19767090181509653, 0.19704805314540863, 0.23172609508037567, 0.19574612379074097, 0.17362611492474875, 0.17495371401309967, 0.20818751553694406, 0.16264901558558145, 0.17274209856987, 0.14682060480117798, 0.2200851341088613, 0.16848909358183542, 0.15601485967636108, 0.1437811553478241, 0.13650723546743393, 0.1353194018205007, 0.12781085322300592, 0.12876543154319128, 0.13266662756601968, 0.12240512420733769, 0.12162063519159953, 0.13866329689820608, 0.13349278767903647, 0.13317466030518213, 0.122050608197848, 0.13322071234385172, 0.13267503678798676, 0.13083251814047495, 0.12614598870277405, 0.1270679086446762, 0.12516692280769348, 0.1392765243848165, 0.12935120860735574, 0.12165613969167073, 0.12922000885009766, 0.12277365972598393, 0.13163243730862936, 0.16377749542395273, 0.1259373128414154, 0.13330954313278198, 0.15289582312107086, 0.13011585424343744, 0.12465237826108932, 0.12855890144904455, 0.1316809207201004, 0.1316477656364441, 0.11290203034877777, 0.12378808110952377, 0.12308182567358017, 0.11839302877585094, 0.16466685632864633, 0.12201292812824249, 0.12480147431294124, 0.14580361545085907, 0.11288344363371532, 0.12226138263940811, 0.12294761091470718, 0.11755624661842982, 0.13236212730407715, 0.18273458878199259, 0.1395468016465505, 0.1527702957391739, 0.19740855197111765], "accuracy": [40.908317741112434, 66.11668651131144, 57.32267392413676, 56.77836366729036, 69.73975165844531, 67.1882973294778, 69.04235414186086, 94.21670352100698, 69.26348018370471, 69.53563531212791, 53.92073481884674, 69.09338322844022, 70.28406191529172, 71.21959516924647, 71.10052730056132, 71.67885694846062, 71.54277938424902, 72.12110903214833, 71.84895390372512, 72.12110903214833, 71.91699268583092, 71.96802177241027, 72.30821568293928, 96.51301241707773, 72.56336111583603, 72.47831263820378, 72.52934172478312, 72.52934172478312, 72.52934172478312, 72.25718659635993, 72.58037081136247, 72.58037081136247, 96.59806089470999, 72.66541928899473, 72.63139989794183, 72.66541928899473, 96.75114815444803, 96.64908998128934, 96.71712876339514, 96.80217724102738, 96.80217724102738, 96.73413845892159, 96.71712876339514, 96.75114815444803, 96.75114815444803, 96.76815784997449, 96.80217724102738, 96.41095424391904, 96.76815784997449, 97.19340023813574, 96.75114815444803, 97.15938084708284, 96.71712876339514, 96.93825480523898, 97.10835176050348, 96.95526450076544, 96.97227419629189, 96.98928389181833, 96.46198333049838, 96.39394454839258, 96.68310937234223, 96.87021602313318, 96.39394454839258, 97.0403129783977, 96.78516754550094, 96.70011906786868, 96.41095424391904, 96.87021602313318, 96.78516754550094, 96.78516754550094, 96.81918693655383, 96.81918693655383, 96.78516754550094, 96.73413845892159, 96.78516754550094, 96.78516754550094, 96.73413845892159, 96.71712876339514, 96.71712876339514, 96.78516754550094, 96.61507059023643, 96.58105119918353, 96.30889607076033, 97.278448715768, 96.80217724102738, 96.59806089470999, 97.0403129783977, 96.71712876339514, 96.98928389181833, 96.97227419629189, 96.59806089470999, 97.05732267392413, 97.0403129783977, 97.0403129783977, 96.85320632760674, 97.02330328287124, 97.00629358734479, 97.0403129783977, 97.02330328287124, 96.81918693655383], "precision": [23.634361233480174, 34.67741935483871, 29.7649391107335, 29.554995801847188, 37.663254500529476, 35.797925727668115, 37.17059639389736, 80.83333333333333, 37.32124171607952, 37.50439367311072, 28.458079873049456, 36.955752212389385, 37.74347666299155, 38.61607142857143, 38.558225508317925, 39.04083926564256, 38.890970400899214, 39.40083428138036, 39.05595736581652, 39.38473224458792, 39.115516584064046, 39.14373088685015, 39.42084942084942, 92.85014691478942, 39.7460561754521, 39.69348659003831, 39.70757983839938, 39.70757983839938, 39.715494040753555, 39.51275218880853, 39.784946236559136, 39.784946236559136, 93.56435643564357, 39.87706492508644, 39.823008849557525, 39.87706492508644, 93.53574926542605, 93.7561942517344, 93.78084896347482, 93.72549019607843, 93.81139489194499, 93.52941176470588, 93.52306182531895, 93.53574926542605, 93.53574926542605, 93.62745098039215, 93.81139489194499, 91.57894736842105, 93.54207436399217, 93.86385426653882, 93.62119725220805, 93.51763584366063, 93.43780607247795, 95.27162977867204, 93.49904397705545, 95.00499500499501, 95.28112449799197, 95.1951951951952, 91.8426103646833, 91.33333333333333, 93.25513196480938, 91.86915887850468, 91.41221374045801, 93.06083650190115, 91.44186046511628, 93.34637964774952, 91.49952244508118, 91.86915887850468, 91.36490250696379, 91.67446211412536, 91.61230195712953, 91.53488372093024, 91.75257731958763, 91.34078212290503, 91.28822984244671, 91.59663865546219, 91.2639405204461, 91.10287303058388, 91.25581395348837, 91.51910531220877, 92.89191820837391, 92.79454722492697, 91.05613701236918, 94.74708171206225, 91.5270018621974, 92.80155642023347, 93.06083650190115, 91.0268270120259, 92.79620853080569, 92.70833333333334, 92.63565891472868, 93.23164918970448, 92.97912713472486, 92.97912713472486, 94.5273631840796, 92.89099526066352, 92.8030303030303, 93.14285714285714, 92.89099526066352, 91.53488372093024], "recall": [99.35185185185185, 95.55555555555556, 97.31481481481481, 97.77777777777777, 98.79629629629629, 99.07407407407408, 99.25925925925925, 89.81481481481481, 99.07407407407408, 98.79629629629629, 99.62962962962963, 96.66666666666667, 95.0925925925926, 96.11111111111111, 96.57407407407408, 96.48148148148148, 96.11111111111111, 96.2037037037037, 95.0, 96.01851851851852, 95.0, 94.81481481481482, 94.53703703703704, 87.77777777777777, 95.64814814814815, 95.92592592592592, 95.55555555555556, 95.55555555555556, 95.64814814814815, 96.11111111111111, 95.92592592592592, 95.92592592592592, 87.5, 96.11111111111111, 95.83333333333334, 96.11111111111111, 88.42592592592592, 87.5925925925926, 87.96296296296296, 88.51851851851852, 88.42592592592592, 88.33333333333333, 88.24074074074075, 88.42592592592592, 88.42592592592592, 88.42592592592592, 88.42592592592592, 88.61111111111111, 88.51851851851852, 90.64814814814814, 88.33333333333333, 90.83333333333333, 88.33333333333333, 87.68518518518519, 90.55555555555556, 88.05555555555556, 87.87037037037037, 88.05555555555556, 88.61111111111111, 88.79629629629629, 88.33333333333333, 91.01851851851852, 88.70370370370371, 90.64814814814814, 91.01851851851852, 88.33333333333333, 88.70370370370371, 91.01851851851852, 91.11111111111111, 90.74074074074075, 91.01851851851852, 91.11111111111111, 90.64814814814814, 90.83333333333333, 91.20370370370371, 90.83333333333333, 90.92592592592592, 91.01851851851852, 90.83333333333333, 90.92592592592592, 88.33333333333333, 88.24074074074075, 88.61111111111111, 90.18518518518519, 91.01851851851852, 88.33333333333333, 90.64814814814814, 91.11111111111111, 90.64814814814814, 90.64814814814814, 88.51851851851852, 90.55555555555556, 90.74074074074075, 90.74074074074075, 87.96296296296296, 90.74074074074075, 90.74074074074075, 90.55555555555556, 90.74074074074075, 91.11111111111111],