{"loss": [0.5423154433568319, 0.9644411007563273, 1.0835446914037068, 0.7052821318308512, 0.644397517045339, 0.2766832113265991, 0.2655917704105377, 0.27514393130938214, 0.320735901594162, 0.2054287294546763, 0.1760233740011851, 0.28255894780158997, 0.2383261869351069, 0.2388412356376648, 0.3116140166918437, 0.32300007343292236, 0.26593242088953656, 0.32742146650950116, 0.24114222824573517, 0.3046386241912842, 0.22308897972106934, 0.24096710483233133, 0.23571626842021942, 0.2035070260365804, 0.16293553014596304, 0.18232875565687814, 0.15151114265124002, 0.1954831381638845, 0.1990631471077601, 0.17873827616373697, 0.14802196621894836, 0.1485003431638082, 0.14006915191809335, 0.13899638255437216, 0.14553808669249216, 0.12475020438432693, 0.12744630873203278, 0.15814106663068137, 0.16590267916520438, 0.12619120627641678, 0.13862250745296478, 0.13654370605945587, 0.1208132083217303, 0.15009824434916177, 0.11686081687609355, 0.11814386149247487, 0.12075231472651164, 0.13801540434360504, 0.12741641948620477, 0.12227995942036311, 0.1358573188384374, 0.17516727248827615, 0.136311337351799, 0.12104699512322743, 0.11050400634606679, 0.10655361910661061, 0.10609549780686696, 0.11155766000350316, 0.1080425704518954, 0.10096208502848943, 0.10690824687480927, 0.10821790248155594, 0.10576577981313069, 0.10409535219271977, 0.11453898251056671, 0.09471977998812993, 0.11520211646954219, 0.10458881904681523, 0.11364320665597916, 0.1238052969177564, 0.136714535454909, 0.09730777889490128, 0.10067916909853618, 0.14656958977381387, 0.10018953929344813, 0.10085235287745793, 0.12844405074914297, 0.09748100241025288, 0.11461330950260162, 0.11993881066640218, 0.11042000850041707, 0.18178086976210275, 0.12466870745023091, 0.21229738493760428, 0.10906798144181569, 0.2104495962460836, 0.11798214664061864, 0.15679569045702615, 0.09945005426804225, 0.16446970899899802, 0.10002205520868301, 0.12140948573748271, 0.1412335733572642, 0.14293517172336578, 0.10231132060289383, 0.1338004171848297, 0.1712569942077001, 0.10919283330440521, 0.13096566746632257, 0.15109685063362122], "accuracy": [65.33424051709474, 52.917162782786185, 53.49549243068549, 61.677155978907976, 62.66371831944208, 96.34291546181323, 96.56404150365708, 71.69586664398707, 71.61081816635482, 96.85320632760674, 96.95526450076544, 94.43782956285082, 96.98928389181833, 96.66609967681579, 71.78091512161933, 71.88297329477803, 96.90423541418609, 90.95084197992855, 96.63208028576288, 89.8792311617622, 96.68310937234223, 96.63208028576288, 91.24000680387822, 96.92124510971253, 96.95526450076544, 96.93825480523898, 97.05732267392413, 96.95526450076544, 96.56404150365708, 96.71712876339514, 96.98928389181833, 96.88722571865964, 96.71712876339514, 96.83619663208029, 96.64908998128934, 96.92124510971253, 96.92124510971253, 96.76815784997449, 96.73413845892159, 96.81918693655383, 96.76815784997449, 97.12536145602994, 97.15938084708284, 97.17639054260928, 97.19340023813574, 97.15938084708284, 97.21040993366219, 97.22741962918863, 97.19340023813574, 97.41452627997958, 97.21040993366219, 97.24442932471509, 97.21040993366219, 97.44854567103249, 97.31246810682089, 97.39751658445314, 97.48256506208538, 97.48256506208538, 97.5165844531383, 97.48256506208538, 97.44854567103249, 97.43153597550604, 97.46555536655895, 97.46555536655895, 97.44854567103249, 97.46555536655895, 97.46555536655895, 97.43153597550604, 97.05732267392413, 97.49957475761184, 97.49957475761184, 97.48256506208538, 97.48256506208538, 97.46555536655895, 97.49957475761184, 97.49957475761184, 97.43153597550604, 97.46555536655895, 97.44854567103249, 97.46555536655895, 97.48256506208538, 97.48256506208538, 97.44854567103249, 97.46555536655895, 97.46555536655895, 97.46555536655895, 97.46555536655895, 97.39751658445314, 97.41452627997958, 97.41452627997958, 97.43153597550604, 97.46555536655895, 97.44854567103249, 97.44854567103249, 97.41452627997958, 97.41452627997958, 97.46555536655895, 97.44854567103249, 97.48256506208538, 97.46555536655895], "precision": [31.70359052711994, 27.238403451995687, 28.156365557316427, 32.25416036308623, 32.80912735121801, 89.28247048138056, 89.98178506375227, 39.240972733971994, 39.15285451197054, 91.62790697674419, 92.2211808809747, 80.78495502861816, 92.95908658420552, 90.69981583793738, 39.28174750092558, 39.377085650723025, 91.96261682242991, 69.21458625525946, 90.38461538461539, 66.28609805238415, 90.633608815427, 90.38461538461539, 69.99292285916489, 92.12746016869728, 92.06349206349206, 91.97761194029852, 92.66227657572907, 91.82915506035283, 89.83666061705989, 90.80036798528059, 92.3943661971831, 91.72093023255815, 90.80036798528059, 91.54275092936803, 90.54178145087236, 92.36569274269557, 91.81395348837209, 90.75091575091575, 91.4179104477612, 91.76800748362956, 91.66666666666666, 93.50525310410697, 93.7679769894535, 93.69024856596559, 93.86385426653882, 93.7679769894535, 93.86973180076629, 93.8755980861244, 93.86385426653882, 95.13618677042801, 93.95393474088291, 93.88145315487571, 93.95393474088291, 95.05813953488372, 95.10763209393346, 95.13145082765337, 95.15503875968993, 94.98069498069498, 95.16441005802709, 95.06769825918762, 94.97098646034816, 94.87922705314008, 95.06292352371733, 95.06292352371733, 94.97098646034816, 94.97584541062803, 95.06292352371733, 94.79267116682739, 92.50234301780694, 95.07246376811594, 95.07246376811594, 95.15503875968993, 95.15503875968993, 94.8891031822565, 95.15972894482091, 95.07246376811594, 94.79267116682739, 95.06292352371733, 94.88416988416989, 94.8891031822565, 94.98069498069498, 94.98069498069498, 94.79768786127167, 94.8891031822565, 94.8891031822565, 94.8891031822565, 94.80269489894128, 94.78260869565217, 94.78764478764478, 94.78764478764478, 94.87922705314008, 94.8891031822565, 94.79768786127167, 94.88416988416989, 94.87427466150871, 94.78764478764478, 94.8891031822565, 94.88416988416989, 94.8076923076923, 94.8891031822565], "recall": [76.85185185185185, 93.51851851851852, 98.70370370370371, 98.70370370370371, 98.51851851851852, 91.01851851851852, 91.48148148148148, 98.61111111111111, 98.42592592592592, 91.20370370370371, 91.11111111111111, 91.48148148148148, 90.46296296296296, 91.20370370370371, 98.24074074074073, 98.33333333333333, 91.11111111111111, 91.38888888888889, 91.38888888888889, 91.38888888888889, 91.38888888888889, 91.38888888888889, 91.57407407407408, 91.01851851851852, 91.2962962962963, 91.2962962962963, 91.20370370370371, 91.57407407407408, 91.66666666666666, 91.38888888888889, 91.11111111111111, 91.2962962962963, 91.38888888888889, 91.20370370370371, 91.2962962962963, 90.74074074074075, 91.38888888888889, 91.75925925925927, 90.74074074074075, 90.83333333333333, 90.64814814814814, 90.64814814814814, 90.55555555555556, 90.74074074074075, 90.64814814814814, 90.55555555555556, 90.74074074074075, 90.83333333333333, 90.64814814814814, 90.55555555555556, 90.64814814814814, 90.92592592592592, 90.64814814814814, 90.83333333333333, 90.0, 90.46296296296296, 90.92592592592592, 91.11111111111111, 91.11111111111111, 91.01851851851852, 90.92592592592592, 90.92592592592592, 90.92592592592592, 90.92592592592592, 90.92592592592592, 91.01851851851852, 90.92592592592592, 91.01851851851852, 91.38888888888889, 91.11111111111111, 91.11111111111111, 90.92592592592592, 90.92592592592592, 91.11111111111111, 91.01851851851852, 91.11111111111111, 91.01851851851852, 90.92592592592592, 91.01851851851852, 91.11111111111111, 91.11111111111111, 91.11111111111111, 91.11111111111111, 91.11111111111111, 91.11111111111111, 91.11111111111111, 91.20370370370371, 90.83333333333333, 90.92592592592592, 90.92592592592592, 90.92592592592592, 91.11111111111111, 91.11111111111111, 91.01851851851852, 90.83333333333333, 90.92592592592592, 91.11111111111111, 91.01851851851852, 91.2962962962963, 91.11111111111111],