{"loss": [0.4775183896223704, 0.8960693677266439, 1.0725325743357341, 0.6555698116620382, 0.5274679263432821, 0.4989764392375946, 0.45583804448445636, 0.33736274639765423, 0.4026385148366292, 0.5607303182284037, 0.5364720225334167, 0.5980183482170105, 0.622411052385966, 0.8153533538182577, 0.8965747555096945, 0.7334625522295634, 0.8267414768536886, 0.7446276744206747, 0.6489512324333191, 0.8578434387842814, 0.6311946113904318, 0.5990126729011536, 0.9642414450645447, 0.8170496424039205, 0.8032490809758505, 0.7067063053448995, 0.7553975979487101, 0.5214542746543884, 0.8171978990236918, 0.6246892611185709, 0.5760751565297445, 0.7656908432642618, 0.7699493964513143, 0.6357375780741373, 0.6745641430219015, 0.5885987877845764, 0.6758066415786743, 0.7257381677627563, 0.6350195010503134, 0.6406372388203939, 0.4351395865281423, 0.5784509976704916, 0.4914792478084564, 0.5424167911211649, 0.41062816977500916, 0.3513409495353699, 0.3032100896040599, 0.4612315396467845, 0.30845863620440167, 0.4442385137081146, 0.25207550326983136, 0.4412992099920909, 0.2943476438522339, 0.2960905035336812, 0.21232545375823975, 0.24201436837514242, 0.2670060197512309, 0.521917482217153, 0.18699241181214651, 0.2392756243546804, 0.1895677993694941, 0.21100365618864694, 0.22684858242670694, 0.6251273353894552, 0.1534736007452011, 0.18239097793896994, 0.17558051149050394, 0.18289779126644135, 0.17143312096595764, 0.20006593565146127, 0.5244154930114746, 0.1659257709980011, 0.21575877567132315, 0.2535376201073329, 0.20700322091579437, 0.20816202958424887, 0.28003490964571637, 0.5391576190789541, 0.1556806961695353, 0.1587231457233429, 0.42151856422424316, 0.15970527132352194, 0.19564010699590048, 0.3999124765396118, 0.16210140784581503, 0.3853219151496887, 0.1646915078163147, 0.5880609353383383, 0.16697059075037637, 0.6741757988929749, 0.20073635876178741, 0.1954672634601593, 0.20755578577518463, 0.18067818880081177, 0.5644499659538269, 0.18190673987070718, 0.3053068121274312, 0.304414560397466, 0.17932680249214172, 0.6984226107597351], "accuracy": [81.71457730906617, 56.744344276237456, 39.05426092872938, 66.76305494131655, 68.70216023133186, 68.49804388501445, 69.11039292396666, 70.47116856608267, 69.77377104949821, 69.84180983160401, 69.94386800476272, 69.97788739581561, 70.55621704371492, 70.59023643476782, 70.74332369450588, 70.65827521687362, 70.67528491240007, 70.23303282871237, 70.86239156319103, 70.59023643476782, 70.62425582582071, 70.96444973634972, 70.02891648239496, 70.30107161081817, 70.31808130634461, 70.96444973634972, 70.40312978397687, 70.30107161081817, 70.26705221976526, 70.65827521687362, 70.67528491240007, 70.38612008845041, 70.28406191529172, 70.45415887055621, 70.43714917502977, 70.21602313318591, 70.23303282871237, 70.23303282871237, 70.31808130634461, 70.48817826160912, 70.60724613029427, 70.59023643476782, 70.55621704371492, 70.43714917502977, 70.59023643476782, 70.62425582582071, 70.62425582582071, 70.60724613029427, 95.98571185575778, 70.60724613029427, 96.10477972444293, 70.48817826160912, 96.10477972444293, 96.13879911549583, 96.12178941996939, 96.13879911549583, 96.12178941996939, 70.67528491240007, 96.08777002891648, 96.07076033339003, 96.42796393944549, 96.42796393944549, 96.13879911549583, 70.64126552134717, 96.73413845892159, 96.13879911549583, 96.39394454839258, 96.53002211260419, 96.12178941996939, 96.42796393944549, 70.69229460792651, 96.18982820207518, 96.20683789760163, 96.15580881102228, 96.18982820207518, 96.20683789760163, 96.22384759312808, 70.70930430345297, 96.51301241707773, 96.49600272155128, 71.01547882292907, 96.51301241707773, 96.53002211260419, 71.01547882292907, 96.51301241707773, 71.01547882292907, 96.51301241707773, 71.03248851845552, 96.51301241707773, 70.45415887055621, 96.51301241707773, 96.51301241707773, 96.54703180813064, 95.93468276917844, 70.47116856608267, 95.95169246470488, 96.05375063786359, 96.03674094233713, 95.95169246470488, 70.53920734818847], "precision": [100.0, 29.08207034601087, 23.068646438562514, 35.13605442176871, 36.78720445062587, 36.65283540802213, 37.033121916842845, 38.08139534883721, 37.414228963524735, 37.45928338762215, 37.25417439703154, 37.68428622797555, 38.15070986530761, 38.195707530010914, 38.32116788321168, 38.259919912631965, 38.29090909090909, 38.0100214745884, 38.50345078096622, 38.31472812387469, 38.359121986326016, 38.6041439476554, 37.90780141843972, 38.0901287553648, 38.095238095238095, 38.6041439476554, 38.1635581061693, 38.08160343593415, 38.054363376251786, 38.36999639379733, 38.38383838383838, 38.14987450699176, 38.06797853309481, 38.20466786355476, 38.19095477386934, 38.022134951802926, 38.035714285714285, 38.035714285714285, 38.10375670840787, 38.23212360761768, 38.328530259366, 38.31472812387469, 38.287153652392945, 38.19942611190818, 38.31472812387469, 38.350738206697876, 38.350738206697876, 38.33693304535637, 87.41134751773049, 38.33693304535637, 88.02502234137623, 38.24901327592393, 88.02502234137623, 88.25112107623319, 88.24057450628366, 88.25112107623319, 88.24057450628366, 38.40057636887608, 88.1508078994614, 87.93565683646113, 89.98161764705883, 89.98161764705883, 88.45807033363391, 38.34776334776335, 91.57303370786516, 88.45807033363391, 90.03690036900369, 90.70631970260223, 88.37837837837837, 89.98161764705883, 38.34722725625227, 88.97996357012751, 89.1324200913242, 88.74773139745916, 88.97996357012751, 89.1324200913242, 89.21389396709324, 38.344226579520694, 90.54680259499537, 90.8411214953271, 38.58814923189466, 90.77353215284249, 91.16541353383458, 38.579795021961935, 90.77353215284249, 38.57142857142858, 90.77353215284249, 38.59392164042475, 90.77353215284249, 37.83783783783784, 90.69767441860465, 90.84967320261438, 91.01964452759589, 90.6280193236715, 37.851851851851855, 90.48076923076923, 90.69097888675624, 90.44890162368672, 90.5587668593449, 37.934863064396744], "recall": [0.4629629629629629, 94.16666666666667, 99.25925925925925, 95.64814814814815, 97.96296296296296, 98.14814814814815, 97.31481481481481, 97.03703703703704, 95.92592592592592, 95.83333333333334, 92.96296296296296, 97.03703703703704, 97.03703703703704, 97.22222222222221, 97.22222222222221, 97.31481481481481, 97.5, 98.33333333333333, 98.14814814814815, 98.51851851851852, 98.70370370370371, 98.33333333333333, 98.98148148148148, 98.61111111111111, 98.51851851851852, 98.33333333333333, 98.51851851851852, 98.51851851851852, 98.51851851851852, 98.51851851851852, 98.51851851851852, 98.51851851851852, 98.51851851851852, 98.51851851851852, 98.51851851851852, 98.61111111111111, 98.61111111111111, 98.61111111111111, 98.61111111111111, 98.51851851851852, 98.51851851851852, 98.51851851851852, 98.51851851851852, 98.61111111111111, 98.51851851851852, 98.61111111111111, 98.61111111111111, 98.61111111111111, 91.2962962962963, 98.61111111111111, 91.20370370370371, 98.70370370370371, 91.20370370370371, 91.11111111111111, 91.01851851851852, 91.11111111111111, 91.01851851851852, 98.70370370370371, 90.92592592592592, 91.11111111111111, 90.64814814814814, 90.64814814814814, 90.83333333333333, 98.42592592592592, 90.55555555555556, 90.83333333333333, 90.37037037037037, 90.37037037037037, 90.83333333333333, 90.64814814814814, 97.96296296296296, 90.46296296296296, 90.37037037037037, 90.55555555555556, 90.46296296296296, 90.37037037037037, 90.37037037037037, 97.77777777777777, 90.46296296296296, 90.0, 97.68518518518519, 90.18518518518519, 89.81481481481481, 97.5925925925926, 90.18518518518519, 97.5, 90.18518518518519, 97.5925925925926, 90.18518518518519, 94.62962962962963, 90.27777777777779, 90.0925925925926, 90.0925925925926, 86.85185185185185, 94.62962962962963, 87.12962962962963, 87.5, 87.68518518518519, 87.03703703703704, 94.9074074074074],