{"loss": [0.45987118283907574, 1.212127923965454, 0.8733062148094177, 0.822364866733551, 0.78140922387441, 0.7125557859738668, 0.6648567120234171, 0.5929731925328573, 0.360026220480601, 0.23821729918320975, 0.26253294944763184, 0.23131930331389108, 0.35135483741760254, 0.3387400607268016, 0.33673636118570965, 0.38867677251497906, 0.3015051285425822, 0.46818159023920697, 0.23005094130833945, 0.5169187784194946, 0.34191351135571796, 0.3777945836385091, 0.3207078774770101, 0.19675756990909576, 0.39038946231206256, 0.32666681210199994, 0.3106322189172109, 0.3703216016292572, 0.18149461348851523, 0.32548123598098755, 0.2425187627474467, 0.2613559166590373, 0.12138355274995168, 0.40733717878659564, 0.18167304495970407, 0.293060839176178, 0.20767471194267273, 0.519178589185079, 0.14441226422786713, 0.36201563477516174, 0.17895402014255524, 0.7596697409947714, 0.15851124127705893, 0.8262065847714742, 0.2340246985356013, 0.3589715162913005, 0.15545983612537384, 0.30707735816637677, 0.14709450801213583, 0.19378423690795898, 0.13493586083253226, 0.5363459984461466, 0.11898540705442429, 0.12332683553298314, 0.08969144274791081, 0.07533097515503566, 0.07078417638937633, 0.07644078383843105, 0.08844828108946483, 0.06449763104319572, 0.07283152143160503, 0.06774882227182388, 0.06192844485243162, 0.06379973019162814, 0.06341142704089482, 0.13684436678886414, 0.059361701210339866, 0.06398530304431915, 0.06134971479574839, 0.05735031391183535, 0.05779969319701195, 0.05842878048618635, 0.060898128896951675, 0.07866248985131581, 0.05468988170226415, 0.05762641256054243, 0.052597070733706154, 0.06246024866898855, 0.054818967978159584, 0.051896173506975174, 0.05097000921765963, 0.06156172975897789, 0.05892749627431234, 0.05631218105554581, 0.04780520250399908, 0.04987974464893341, 0.04583590477705002, 0.07315025478601456, 0.05195458357532819, 0.04332375650604566, 0.04907389233509699, 0.04896033555269241, 0.05164170265197754, 0.05059379090865453, 0.05627665047844251, 0.04990953952074051, 0.05959176768859228, 0.0537801223496596, 0.11383176346619923, 0.0690021812915802], "accuracy": [85.04847763225038, 51.233202925667634, 67.460452457901, 67.8346657594829, 67.8346657594829, 69.92685830923627, 70.14798435108011, 70.67528491240007, 70.64126552134717, 96.59806089470999, 96.41095424391904, 96.37693485286613, 70.55621704371492, 69.04235414186086, 70.62425582582071, 70.96444973634972, 70.76033339003232, 70.93043034529681, 94.65895560469468, 71.04949821398196, 70.96444973634972, 69.09338322844022, 71.10052730056132, 96.47899302602484, 70.77734308555877, 70.79435278108522, 69.09338322844022, 70.98145943187617, 96.51301241707773, 70.84538186766457, 96.34291546181323, 96.47899302602484, 96.46198333049838, 70.69229460792651, 96.64908998128934, 70.79435278108522, 96.51301241707773, 70.62425582582071, 96.66609967681579, 70.84538186766457, 96.47899302602484, 70.76033339003232, 96.54703180813064, 70.69229460792651, 96.63208028576288, 70.84538186766457, 96.64908998128934, 70.69229460792651, 96.87021602313318, 96.49600272155128, 96.63208028576288, 70.82837217213812, 96.85320632760674, 96.75114815444803, 96.63208028576288, 96.59806089470999, 96.68310937234223, 96.75114815444803, 96.61507059023643, 96.81918693655383, 96.71712876339514, 96.70011906786868, 96.75114815444803, 96.71712876339514, 96.64908998128934, 96.64908998128934, 96.85320632760674, 96.58105119918353, 96.78516754550094, 96.88722571865964, 96.81918693655383, 96.68310937234223, 96.56404150365708, 96.59806089470999, 95.90066337812553, 96.81918693655383, 96.80217724102738, 96.76815784997449, 96.80217724102738, 96.87021602313318, 96.85320632760674, 96.76815784997449, 96.76815784997449, 96.93825480523898, 96.76815784997449, 96.83619663208029, 96.85320632760674, 96.87021602313318, 96.75114815444803, 96.83619663208029, 96.88722571865964, 96.92124510971253, 96.90423541418609, 96.83619663208029, 96.92124510971253, 96.95526450076544, 96.78516754550094, 96.83619663208029, 97.00629358734479, 96.70011906786868], "precision": [92.76595744680851, 27.31657781162732, 35.42177108855443, 35.69664902998236, 35.826634044040546, 37.3249815770081, 37.68697555636629, 38.265306122448976, 38.07237813884786, 94.0881763527054, 93.32003988035892, 93.13432835820895, 38.01987486198012, 36.83274021352313, 38.09348546190651, 38.35870776086149, 38.24070666175929, 38.34753612449055, 83.77425044091711, 38.46439169139466, 38.4189139268563, 36.91870784522542, 38.558225508317925, 93.6063936063936, 38.15887156644395, 38.146631931522144, 36.768402154398565, 38.381588715664435, 93.7937937937938, 38.1892697466468, 93.81965552178319, 94.4954128440367, 94.76386036960986, 37.981308411214954, 94.73150962512665, 38.09345794392524, 94.23660262891809, 37.98737467508355, 95.19427402862985, 38.153961136023916, 92.92035398230088, 38.17980022197558, 94.60834181078332, 38.034983252698176, 94.54545454545455, 38.17164179104478, 94.55095862764884, 38.079347423062664, 93.92156862745098, 93.26732673267327, 92.89883268482491, 38.17504655493482, 94.61615154536392, 93.11348205625606, 92.40384615384616, 93.13725490196079, 92.58902791145333, 92.86403085824494, 92.15311004784688, 93.14009661835749, 93.1840311587147, 93.77470355731225, 93.45063538611925, 93.35288367546431, 92.65700483091788, 93.24191968658178, 94.35084241823589, 92.62851600387972, 93.29446064139941, 94.5382323733863, 94.69469469469469, 92.91949563530552, 92.53875968992247, 92.06500956022946, 94.6751863684771, 94.16419386745795, 94.15841584158416, 94.05940594059405, 94.42231075697211, 94.62151394422311, 93.91560353287537, 93.7992125984252, 93.97233201581028, 94.11764705882352, 93.97233201581028, 93.90962671905697, 94.5273631840796, 94.97991967871486, 93.96636993076162, 94.61077844311377, 94.71585244267199, 94.63753723932473, 94.10609037328095, 94.0828402366864, 94.63753723932473, 94.64816650148661, 94.06528189910979, 93.23017408123792, 94.48818897637796, 92.27099236641222], "recall": [20.185185185185187, 99.62962962962963, 93.7037037037037, 93.7037037037037, 94.9074074074074, 93.7962962962963, 95.64814814814815, 97.22222222222221, 95.46296296296296, 86.94444444444444, 86.66666666666667, 86.66666666666667, 95.64814814814815, 95.83333333333334, 95.83333333333334, 95.64814814814815, 96.2037037037037, 95.83333333333334, 87.96296296296296, 96.01851851851852, 96.29629629629629, 96.29629629629629, 96.57407407407408, 86.75925925925925, 95.18518518518519, 94.9074074074074, 94.81481481481482, 95.74074074074073, 86.75925925925925, 94.9074074074074, 85.74074074074073, 85.83333333333333, 85.46296296296296, 94.07407407407408, 86.57407407407408, 94.35185185185185, 86.29629629629629, 94.72222222222221, 86.20370370370371, 94.53703703703704, 87.5, 95.55555555555556, 86.11111111111111, 94.62962962962963, 86.66666666666667, 94.72222222222221, 86.75925925925925, 95.0925925925926, 88.70370370370371, 87.22222222222223, 88.42592592592592, 94.9074074074074, 87.87037037037037, 88.88888888888889, 88.98148148148148, 87.96296296296296, 89.07407407407408, 89.16666666666667, 89.16666666666667, 89.25925925925927, 88.61111111111111, 87.87037037037037, 88.51851851851852, 88.42592592592592, 88.79629629629629, 88.14814814814815, 88.14814814814815, 88.42592592592592, 88.88888888888889, 88.14814814814815, 87.5925925925926, 88.70370370370371, 88.42592592592592, 89.16666666666667, 82.31481481481482, 88.14814814814815, 88.05555555555556, 87.96296296296296, 87.77777777777777, 87.96296296296296, 88.61111111111111, 88.24074074074075, 88.05555555555556, 88.88888888888889, 88.05555555555556, 88.51851851851852, 87.96296296296296, 87.5925925925926, 87.96296296296296, 87.77777777777777, 87.96296296296296, 88.24074074074075, 88.70370370370371, 88.33333333333333, 88.24074074074075, 88.42592592592592, 88.05555555555556, 89.25925925925927, 88.88888888888889, 89.53703703703704],