{"loss": [0.6238428354263306, 0.3980422814687093, 0.162626584370931, 0.13923824826876322, 0.11806316177050273, 0.1188351387778918, 0.12422042588392894, 0.12056768933931987, 0.11153336614370346, 0.11085605124632518, 0.14332671960194907, 0.11082425465186437, 0.11164372165997823, 0.1109972894191742, 0.11014792571465175, 0.11134677877028783, 0.11252269148826599, 0.1054537296295166, 0.11000207314888637, 0.10689803461233775, 0.10543133566776912, 0.10608147084712982, 0.10683471709489822, 0.10597446312506993, 0.10449941456317902, 0.10405741880337398, 0.11119720836480458, 0.10021930436293285, 0.1038643941283226, 0.0900723139444987, 0.08706336716810863, 0.09413279344638188, 0.08763109644254048, 0.16690892974535623, 0.13186858594417572, 0.10113978882630666, 0.10814185937245686, 0.09679780900478363, 0.09057402114073436, 0.08376058439413707, 0.08838056524594624, 0.08755417664845784, 0.07674436022837956, 0.07786161452531815, 0.0753426303466161, 0.07479296127955119, 0.07582678149143855, 0.07484989116589229, 0.07578336447477341, 0.07714485128720601, 0.07934729258219402, 0.07750702401002248, 0.07685234149297078, 0.0778835117816925, 0.07714878271023433, 0.08119560033082962, 0.07902066161235173, 0.07917845994234085, 0.08444591363271077, 0.0777316614985466, 0.08467345188061397, 0.08279981712500255, 0.07908270632227261, 0.07820885131756465, 0.0863540271917979, 0.07967442770799, 0.0847806657354037, 0.08100685228904088, 0.08467650910218556, 0.08144804586966832, 0.07907890776793162, 0.07910583913326263, 0.08369444559017818, 0.08530983825524648, 0.07691507041454315, 0.08031771332025528, 0.080176775654157, 0.07795779903729756, 0.08251931269963582, 0.256478155652682, 0.1358790099620819, 0.08462165792783101, 0.08636956661939621, 0.07884733875592549, 0.084282582004865, 0.07831836740175883, 0.09060502549012502, 0.07887970159451167, 0.08045699447393417, 0.079685278236866, 0.0975518524646759, 0.0780292476216952, 0.0768158237139384, 0.07467462122440338, 0.07762484873334567, 0.08651742835839589, 0.07793876032034557, 0.0797915905714035, 0.08205243945121765, 0.08337020377318065], "accuracy": [68.5490729715938, 71.64483755740773, 96.13879911549583, 96.13879911549583, 96.93825480523898, 96.80217724102738, 96.83619663208029, 96.83619663208029, 96.85320632760674, 96.92124510971253, 96.75114815444803, 97.0403129783977, 97.02330328287124, 96.90423541418609, 97.00629358734479, 96.92124510971253, 96.93825480523898, 97.09134206497704, 96.90423541418609, 97.05732267392413, 97.12536145602994, 97.07433236945059, 97.07433236945059, 97.10835176050348, 97.15938084708284, 97.09134206497704, 96.73413845892159, 97.10835176050348, 96.98928389181833, 97.80574927708794, 97.80574927708794, 97.85677836366729, 97.78873958156149, 97.60163293077053, 97.80574927708794, 97.8227589726144, 97.56761353971764, 97.80574927708794, 97.75472019050859, 97.77172988603505, 97.85677836366729, 97.87378805919374, 97.87378805919374, 97.87378805919374, 97.99285592787889, 97.99285592787889, 97.94182684129954, 97.94182684129954, 97.8907977547202, 97.78873958156149, 97.80574927708794, 97.90780745024664, 97.90780745024664, 97.8907977547202, 97.8907977547202, 97.85677836366729, 97.87378805919374, 97.85677836366729, 97.19340023813574, 97.8907977547202, 97.85677836366729, 97.87378805919374, 97.8907977547202, 97.94182684129954, 97.8907977547202, 97.8907977547202, 97.8907977547202, 97.90780745024664, 97.8907977547202, 97.90780745024664, 97.90780745024664, 97.90780745024664, 97.99285592787889, 97.90780745024664, 97.90780745024664, 97.8907977547202, 97.90780745024664, 97.90780745024664, 97.94182684129954, 73.53291376084368, 97.87378805919374, 97.83976866814083, 97.90780745024664, 97.8907977547202, 97.90780745024664, 97.90780745024664, 97.87378805919374, 97.90780745024664, 97.90780745024664, 97.90780745024664, 97.68668140840279, 97.85677836366729, 97.85677836366729, 97.90780745024664, 97.87378805919374, 97.92481714577309, 97.8907977547202, 97.87378805919374, 97.8907977547202, 97.87378805919374], "precision": [36.389380530973455, 38.76769996172981, 93.74358974358974, 93.74358974358974, 94.03131115459882, 93.98422090729784, 94.0828402366864, 94.0828402366864, 94.1757156959526, 94.3731490621915, 92.61744966442953, 94.23828125, 94.40628066732091, 94.28007889546352, 94.22700587084148, 94.19862340216324, 94.20432220039294, 94.34146341463415, 94.28007889546352, 94.3304007820137, 94.3524829600779, 94.3359375, 94.3359375, 94.26070038910505, 94.44985394352483, 94.34146341463415, 91.96597353497165, 94.1747572815534, 94.3081452404318, 98.47094801223241, 98.47094801223241, 98.77300613496932, 98.56850715746421, 96.80957128614158, 98.2741116751269, 98.4725050916497, 97.1802618328298, 98.47094801223241, 98.17073170731707, 98.2706002034588, 98.67346938775509, 98.77425944841676, 98.67482161060143, 98.67482161060143, 99.18200408997954, 99.2827868852459, 98.7792472024415, 98.87869520897044, 98.67617107942974, 97.88306451612904, 97.69307923771315, 98.77675840978594, 98.87640449438202, 98.77551020408163, 98.67617107942974, 98.77300613496932, 98.77425944841676, 98.67346938775509, 94.54722492697177, 98.77551020408163, 98.77300613496932, 98.87410440122825, 98.77551020408163, 98.7792472024415, 98.87525562372188, 98.77551020408163, 98.77551020408163, 98.77675840978594, 98.77551020408163, 98.87640449438202, 98.87640449438202, 99.17780061664953, 99.58762886597938, 99.17780061664953, 98.97645854657114, 98.87525562372188, 98.97645854657114, 98.87640449438202, 99.38208032955716, 40.84615384615385, 98.77425944841676, 98.57288481141691, 98.77675840978594, 98.77551020408163, 98.97645854657114, 98.97645854657114, 98.87410440122825, 98.67751780264497, 98.77675840978594, 98.97645854657114, 97.1057884231537, 98.97330595482546, 98.87295081967213, 98.97645854657114, 98.87410440122825, 98.87755102040816, 98.97540983606558, 98.97435897435898, 98.97540983606558, 98.97435897435898], "recall": [95.18518518518519, 93.7962962962963, 84.62962962962963, 84.62962962962963, 88.98148148148148, 88.24074074074075, 88.33333333333333, 88.33333333333333, 88.33333333333333, 88.51851851851852, 89.44444444444444, 89.35185185185185, 89.07407407407408, 88.51851851851852, 89.16666666666667, 88.70370370370371, 88.79629629629629, 89.53703703703704, 88.51851851851852, 89.35185185185185, 89.72222222222223, 89.44444444444444, 89.44444444444444, 89.72222222222223, 89.81481481481481, 89.53703703703704, 90.0925925925926, 89.81481481481481, 88.98148148148148, 89.44444444444444, 89.44444444444444, 89.44444444444444, 89.25925925925927, 89.9074074074074, 89.62962962962962, 89.53703703703704, 89.35185185185185, 89.44444444444444, 89.44444444444444, 89.44444444444444, 89.53703703703704, 89.53703703703704, 89.62962962962962, 89.62962962962962, 89.81481481481481, 89.72222222222223, 89.9074074074074, 89.81481481481481, 89.72222222222223, 89.9074074074074, 90.18518518518519, 89.72222222222223, 89.62962962962962, 89.62962962962962, 89.72222222222223, 89.44444444444444, 89.53703703703704, 89.53703703703704, 89.9074074074074, 89.62962962962962, 89.44444444444444, 89.44444444444444, 89.62962962962962, 89.9074074074074, 89.53703703703704, 89.62962962962962, 89.62962962962962, 89.72222222222223, 89.62962962962962, 89.62962962962962, 89.62962962962962, 89.35185185185185, 89.44444444444444, 89.35185185185185, 89.53703703703704, 89.53703703703704, 89.53703703703704, 89.62962962962962, 89.35185185185185, 98.33333333333333, 89.53703703703704, 89.53703703703704, 89.72222222222223, 89.62962962962962, 89.53703703703704, 89.53703703703704, 89.44444444444444, 89.81481481481481, 89.72222222222223, 89.53703703703704, 90.0925925925926, 89.25925925925927, 89.35185185185185, 89.53703703703704, 89.44444444444444, 89.72222222222223, 89.44444444444444, 89.35185185185185, 89.44444444444444, 89.35185185185185],