{"loss": [1.4295127789179485, 0.6678421099980673, 0.5933100978533427, 0.545843263467153, 0.537358562151591, 0.4495650927225749, 0.7079320152600607, 0.6368029912312826, 0.6621758937835693, 0.8299342393875122, 0.679576595624288, 0.6783642768859863, 0.7240545352300009, 0.8339749574661255, 0.9134082794189453, 0.7656437754631042, 0.901463250319163, 0.7182075182596842, 0.7410947680473328, 0.7676739692687988, 0.936054527759552, 0.8353816866874695, 0.947262724240621, 0.6489434043566386, 0.6930189728736877, 0.8033608198165894, 0.6149754921595255, 0.813235878944397, 0.8045731981595358, 0.5858924388885498, 0.6311718622843424, 0.49805423617362976, 0.6762979825337728, 0.5053711334864298, 0.5890541076660156, 0.42984898885091144, 0.5740657250086466, 0.48083288470904034, 0.5543132424354553, 0.3666906952857971, 0.34515581528345746, 0.354996661345164, 0.556198239326477, 0.3464365303516388, 0.622484564781189, 0.24963882565498352, 0.9825381835301717, 0.2550027420123418, 0.7192895412445068, 0.2373807430267334, 0.8896557688713074, 0.27031755447387695, 0.4514564673105876, 0.2855866849422455, 0.5639252066612244, 0.42079851031303406, 0.2755281130472819, 0.4711322585741679, 0.32812005281448364, 0.45429638028144836, 0.3107689718405406, 0.5268500844637553, 0.27862653136253357, 0.3978627522786458, 0.3147326906522115, 0.5363003611564636, 0.3896130522092183, 0.5234580238660177, 0.2825968265533447, 0.40850064158439636, 0.3019760151704152, 0.4290255705515544, 0.3490367929140727, 0.33694977561632794, 0.2759743233521779, 0.25891436139742535, 0.6051592628161112, 0.2420670986175537, 0.3955782850583394, 0.28630489110946655, 0.32455383737881977, 0.4049467941125234, 0.3659577469031016, 0.31217782696088153, 0.334158331155777, 0.24027526875336966, 0.6116961638132731, 0.23777197301387787, 0.2923044462998708, 0.3820767303307851, 0.28366061051686603, 0.40861130754152936, 0.24237631758054098, 1.0097525119781494, 0.16005040208498636, 0.3512449065844218, 0.3088782827059428, 0.23803108930587769, 0.48128392299016315, 0.212637796998024], "accuracy": [50.99506718829733, 69.02534444633442, 69.97788739581561, 70.55621704371492, 70.42013947950332, 70.55621704371492, 70.65827521687362, 70.82837217213812, 70.86239156319103, 70.76033339003232, 71.08351760503487, 70.87940125871746, 70.87940125871746, 71.13454669161422, 71.04949821398196, 71.11753699608776, 71.20258547372002, 71.20258547372002, 71.25361456029937, 71.01547882292907, 70.93043034529681, 71.06650790950842, 71.06650790950842, 71.61081816635482, 71.71287633951353, 71.42371151556387, 71.57679877530192, 71.47474060214323, 71.49175029766967, 71.38969212451097, 71.45773090661677, 71.61081816635482, 71.47474060214323, 71.38969212451097, 71.74689573056642, 71.74689573056642, 71.52576968872258, 71.50875999319612, 71.40670182003743, 71.72988603503997, 71.66184725293417, 71.61081816635482, 71.71287633951353, 71.61081816635482, 71.15155638714067, 95.67953733628168, 71.10052730056132, 95.67953733628168, 71.42371151556387, 95.96870216023133, 71.16856608266713, 95.69654703180814, 71.18557577819357, 95.61149855417588, 71.15155638714067, 71.35567273345806, 95.91767307365198, 71.25361456029937, 70.82837217213812, 71.06650790950842, 71.20258547372002, 70.59023643476782, 95.32233373022623, 71.11753699608776, 71.16856608266713, 69.94386800476272, 70.30107161081817, 71.16856608266713, 95.32233373022623, 71.03248851845552, 71.57679877530192, 70.55621704371492, 70.76033339003232, 70.74332369450588, 95.69654703180814, 96.17281850654874, 70.19901343765946, 96.10477972444293, 70.45415887055621, 71.62782786188127, 70.87940125871746, 69.80779044055112, 69.85881952713046, 94.59091682258888, 70.45415887055621, 95.45841129443782, 67.98775301922096, 95.13522707943528, 95.10120768838237, 70.11396496002722, 94.96513012417078, 70.57322673924136, 95.11821738390883, 69.60367409423371, 96.01973124681068, 69.09338322844022, 93.94454839258377, 94.50586834495662, 69.85881952713046, 95.18625616601463], "precision": [26.469819702116542, 34.98175922172679, 36.573892591140726, 37.30003901677721, 37.093615354484925, 37.0884569615232, 37.21759809750297, 37.46545598105014, 37.49506124061636, 37.38649822345045, 37.80487804878049, 37.5098814229249, 37.5098814229249, 37.92563600782779, 37.93638479441427, 38.03253292021689, 38.07856865033061, 38.069287660568314, 38.15073815073815, 38.0184331797235, 38.09163195759182, 38.21631878557874, 38.207368021268515, 38.79802206162039, 38.86129155521589, 38.66213151927438, 38.76852907639681, 38.82441033320853, 38.913690476190474, 38.87657058388766, 38.974926253687315, 39.04797322424693, 38.82441033320853, 38.88478581979321, 39.140186915887845, 39.13206135428358, 38.950892857142854, 39.034279395503134, 38.972477064220186, 39.20623145400594, 39.16420118343195, 39.128829826504244, 39.22365988909427, 39.17677324513046, 38.7836853605244, 86.29173989455184, 38.6837294332724, 86.94096601073346, 38.88888888888889, 88.1447963800905, 38.740388136213845, 87.76255707762557, 38.787436084733386, 87.22826086956522, 38.80813953488372, 38.93772893772894, 88.11252268602541, 38.87673231218089, 38.52547885796892, 38.672017511856986, 38.78521770947677, 38.348294434470375, 84.90893321769298, 38.722627737226276, 38.78964637258476, 37.80617678381257, 38.107142857142854, 38.78146661802262, 86.03401969561325, 38.71785584932995, 39.099963113242346, 38.31238779174147, 38.453198409830144, 38.26979472140762, 88.18097876269621, 89.11253430924062, 38.06818181818182, 90.02822201317028, 38.23845327604726, 38.98876404494382, 38.373804267844, 37.54926549623791, 37.607449856733524, 81.75, 38.01532287486319, 87.0556061987238, 36.14374568071873, 84.106529209622, 85.35714285714285, 37.77537016973637, 84.5679012345679, 38.13002191380569, 85.30721282279609, 37.36145870575617, 90.20912547528516, 36.974195828914816, 80.36912751677853, 82.82740676496097, 37.53602305475504, 84.20600858369099], "recall": [93.7962962962963, 79.9074074074074, 86.38888888888889, 88.51851851851852, 87.68518518518519, 86.57407407407408, 86.94444444444444, 87.87037037037037, 87.87037037037037, 87.68518518518519, 88.98148148148148, 87.87037037037037, 87.87037037037037, 89.72222222222223, 90.55555555555556, 90.92592592592592, 90.64814814814814, 90.55555555555556, 90.92592592592592, 91.66666666666666, 93.14814814814815, 93.24074074074075, 93.14814814814815, 94.44444444444444, 94.16666666666667, 94.72222222222221, 94.44444444444444, 96.01851851851852, 96.85185185185186, 97.4074074074074, 97.87037037037038, 97.22222222222221, 96.01851851851852, 97.5, 96.94444444444444, 96.85185185185186, 96.94444444444444, 98.05555555555556, 98.33333333333333, 97.87037037037038, 98.05555555555556, 98.14814814814815, 98.24074074074073, 98.70370370370371, 98.61111111111111, 90.92592592592592, 97.96296296296296, 90.0, 97.22222222222221, 90.18518518518519, 97.96296296296296, 88.98148148148148, 98.33333333333333, 89.16666666666667, 98.88888888888889, 98.42592592592592, 89.9074074074074, 98.70370370370371, 98.70370370370371, 98.14814814814815, 98.14814814814815, 98.88888888888889, 90.64814814814814, 98.24074074074073, 98.51851851851852, 98.61111111111111, 98.79629629629629, 98.42592592592592, 88.98148148148148, 98.98148148148148, 98.14814814814815, 98.79629629629629, 98.51851851851852, 96.66666666666667, 88.42592592592592, 90.18518518518519, 99.25925925925925, 88.61111111111111, 98.88888888888889, 96.38888888888889, 96.57407407407408, 97.03703703703704, 97.22222222222221, 90.83333333333333, 96.48148148148148, 88.42592592592592, 96.85185185185186, 90.64814814814814, 88.51851851851852, 96.85185185185186, 88.79629629629629, 96.66666666666667, 88.70370370370371, 96.75925925925925, 87.87037037037037, 96.85185185185186, 88.70370370370371, 88.42592592592592, 96.48148148148148, 90.83333333333333],