{"loss": [0.6434941291809082, 0.5370289285977682, 0.5678978761037191, 0.6183818578720093, 0.716528038183848, 0.6776437958081564, 0.627633531888326, 0.6737610101699829, 0.6594951748847961, 0.6357800165812174, 0.44261687994003296, 0.6915734608968099, 0.44846797982851666, 0.7460802992184957, 0.5678843458493551, 0.5116166174411774, 0.359987735748291, 0.5534723003705343, 0.48744888106981915, 0.4638781746228536, 0.37798131505648297, 0.20704674224058786, 0.2645541926225026, 0.2477624217669169, 0.30471814672152203, 0.24436742067337036, 0.3295264442761739, 0.3245087166627248, 0.38343070944150287, 0.3068021337191264, 0.25782762964566547, 0.36826125780741376, 0.5114308993021647, 0.524133563041687, 0.3791288733482361, 0.4253819187482198, 0.5465625325838724, 0.4180101752281189, 0.38084182143211365, 0.29525358478228253, 0.22333663205305734, 0.22387710213661194, 0.27470608552296955, 0.3280786375204722, 0.24244574209054312, 0.22536087532838187, 0.27971039215723675, 0.4197389582792918, 0.2417528678973516, 0.4558730125427246, 0.2945675750573476, 0.29272714257240295, 0.23375564813613892, 0.37095580498377484, 0.259749636054039, 0.7252612312634786, 0.5566835403442383, 0.5345436731974283, 0.45377659797668457, 0.448526531457901, 0.3387439747651418, 0.3898654679457347, 0.53813503185908, 0.35661380489667255, 1.1473311185836792, 0.7651833295822144, 0.8278359770774841, 0.583304742972056, 0.4990796744823456, 0.43996813893318176, 0.4926946461200714, 0.4614646037419637, 0.5734867453575134, 0.4467792908350627, 0.2862346867720286, 0.6400572458902994, 0.3754241069157918, 0.4191588759422302, 0.47894450028737384, 0.44099276264508563, 0.444629967212677, 0.6248656113942465, 0.5013368725776672, 0.41361363728841144, 0.4176953931649526, 0.4440998037656148, 0.3802039623260498, 0.4576185743014018, 0.374845157066981, 0.5702419479688009, 0.5850567619005839, 0.28900234897931415, 0.2859652837117513, 0.29564519723256427, 0.3712712625662486, 0.4629051486651103, 0.30953394373257953, 0.2775735358397166, 0.5202883879343668, 0.3244899610678355], "accuracy": [54.907297159380846, 70.76033339003232, 70.77734308555877, 70.43714917502977, 68.56608266712026, 61.59210750127573, 55.2304813743834, 61.609117196802174, 50.841979928559276, 74.51947610137779, 74.46844701479843, 73.94114645347848, 74.53648579690423, 50.416737540398024, 51.82854226909338, 76.25446504507569, 75.6080966150706, 76.7647559108692, 76.84980438850144, 65.19816295288314, 90.06633781255316, 95.98571185575778, 94.48885864943017, 94.55689743153597, 86.10307875489029, 94.45483925837728, 89.9812893349209, 89.96427963939445, 90.03231842150025, 94.06361626126892, 94.45483925837728, 93.41724783126382, 54.6181323354312, 54.6181323354312, 82.19084878380677, 88.4504167375404, 57.90100357203606, 69.29749957475761, 93.14509270284061, 92.68583092362647, 94.57390712706243, 93.97856778363668, 93.67239326416058, 87.24272835516244, 92.29460792651811, 93.97856778363668, 93.60435448205477, 83.51760503486987, 92.58377275046777, 76.49260078244599, 91.78431706072462, 89.3009015138629, 94.70998469127403, 77.3771049498214, 94.98213981969722, 75.94829052559959, 76.33951352270795, 79.89453988773602, 85.18455519646199, 81.96972274196293, 90.86579350229631, 91.34206497703691, 84.79333219935363, 91.22299710835176, 68.0728014968532, 78.44871576798775, 76.13539717639054, 79.9625786698418, 80.2687531893179, 79.80949141010376, 84.64024493961558, 84.70828372172139, 69.21245109712537, 83.16040142881442, 93.72342235073992, 70.50518795713556, 85.94999149515223, 85.01445824119749, 78.89096785167546, 79.43527810852186, 84.99744854567103, 78.82292906956965, 85.28661336962068, 84.96342915461813, 86.80047627147474, 85.30362306514714, 91.93740432046266, 87.44684470147985, 92.22656914441231, 67.47746215342745, 84.98043885014458, 93.67239326416058, 93.74043204626638, 94.01258717468957, 92.19254975335942, 81.78261609117197, 92.99200544310257, 94.59091682258888, 69.85881952713046, 92.22656914441231], "precision": [28.05252863928472, 37.94794417201056, 38.18518518518518, 38.17397555715313, 36.72199170124482, 32.16232586311327, 28.901576943991298, 32.18286406297305, 26.97201017811705, 41.18143459915612, 40.698188245691554, 40.575479566305255, 40.77025232403719, 26.75449708639473, 27.32919254658385, 42.9902395740905, 41.910420475319924, 43.55275022542832, 43.64540931705111, 34.24657534246575, 67.24617524339361, 89.07407407407408, 82.19761499148211, 82.47863247863248, 57.86013150029886, 81.89509306260575, 67.88055353241079, 67.8311499272198, 67.12898751733704, 80.68849706129303, 82.44406196213426, 78.01131770412287, 28.494041170097507, 28.528934559221202, 50.86614173228347, 63.130320890635225, 30.065733066590454, 37.17721966749204, 76.71665351223362, 75.15479876160991, 82.38297872340425, 79.80295566502463, 78.6871961102107, 60.19777503090234, 73.62471740768652, 79.75409836065573, 78.25040128410915, 53.01794453507341, 74.46808510638297, 43.31858407079646, 71.9002201027146, 64.90416391275612, 82.6677994902294, 44.31818181818182, 83.57570573139435, 42.68826619964974, 43.11642319610447, 47.521865889212826, 55.9748427672956, 50.517063081695966, 69.24167257264352, 70.67342505430847, 55.26018099547512, 70.37572254335261, 35.493265380415, 45.62470753392606, 42.89485261768588, 47.609756097560975, 48.01587301587302, 47.368421052631575, 55.01985252410664, 55.144968732234226, 36.39075316927666, 52.42456896551724, 78.69249394673123, 37.44239631336406, 57.497048406139314, 55.72167912593444, 46.179401993355484, 46.89455946076072, 55.65714285714286, 46.09929078014184, 56.195965417867434, 55.60000000000001, 59.257003654080386, 56.24277456647398, 72.61194029850746, 60.68750000000001, 73.33333333333333, 35.945945945945944, 55.593412833617265, 78.41091492776886, 78.70967741935485, 79.9835255354201, 73.18894697535474, 50.23255813953489, 76.13458528951486, 82.28813559322033, 37.660485021398, 73.61637604245641], "recall": [92.96296296296296, 93.14814814814815, 95.46296296296296, 98.33333333333333, 98.33333333333333, 98.33333333333333, 98.42592592592592, 98.42592592592592, 98.14814814814815, 90.37037037037037, 85.27777777777777, 90.0925925925926, 85.27777777777777, 97.77777777777777, 97.77777777777777, 89.72222222222223, 84.9074074074074, 89.44444444444444, 89.35185185185185, 97.22222222222221, 89.53703703703704, 89.07407407407408, 89.35185185185185, 89.35185185185185, 89.62962962962962, 89.62962962962962, 86.29629629629629, 86.29629629629629, 89.62962962962962, 88.98148148148148, 88.70370370370371, 89.35185185185185, 97.4074074074074, 97.68518518518519, 89.72222222222223, 89.25925925925927, 97.4074074074074, 97.31481481481481, 90.0, 89.9074074074074, 89.62962962962962, 90.0, 89.9074074074074, 90.18518518518519, 90.46296296296296, 90.0925925925926, 90.27777777777779, 90.27777777777779, 90.74074074074075, 90.64814814814814, 90.74074074074075, 90.92592592592592, 90.0925925925926, 90.27777777777779, 90.46296296296296, 90.27777777777779, 90.18518518518519, 90.55555555555556, 90.64814814814814, 90.46296296296296, 90.46296296296296, 90.37037037037037, 90.46296296296296, 90.18518518518519, 90.27777777777779, 90.27777777777779, 90.27777777777779, 90.37037037037037, 89.62962962962962, 89.16666666666667, 89.81481481481481, 89.81481481481481, 90.37037037037037, 90.0925925925926, 90.27777777777779, 90.27777777777779, 90.18518518518519, 89.72222222222223, 90.0925925925926, 90.18518518518519, 90.18518518518519, 90.27777777777779, 90.27777777777779, 90.0925925925926, 90.0925925925926, 90.0925925925926, 90.0925925925926, 89.9074074074074, 90.64814814814814, 98.51851851851852, 90.64814814814814, 90.46296296296296, 90.37037037037037, 89.9074074074074, 90.74074074074075, 90.0, 90.0925925925926, 89.9074074074074, 97.77777777777777, 89.9074074074074],