{"loss": [0.602136512597402, 0.6754024823506674, 0.65795369942983, 0.746070384979248, 0.7226901849110922, 0.6671446363131205, 0.9312906066576639, 0.8578425447146097, 0.665315846602122, 0.8378762006759644, 0.8259802063306173, 0.7757522265116373, 0.7965121269226074, 0.8182064890861511, 0.7114879290262858, 0.7576220035552979, 0.6065521836280823, 0.37949658433596295, 0.39002925157546997, 0.414648175239563, 0.4555269181728363, 0.42528971036275226, 0.43300601840019226, 0.35503052671750385, 0.45241470138231915, 0.3515309989452362, 0.3932380775610606, 0.4092050790786743, 0.35758893688519794, 0.2219796727101008, 0.17679127057393393, 0.1499479909737905, 0.325909286737442, 0.3117315471172333, 0.15749019384384155, 0.2455746332804362, 0.2692538897196452, 0.21820340553919473, 0.27863338589668274, 0.13740828136603037, 0.25758575399716693, 0.1350776751836141, 0.21637568871180216, 0.10813727229833603, 0.12172067662080129, 0.09387895961602528, 0.09792760262886684, 0.09055032829443614, 0.13709179063638052, 0.08300691346327464, 0.11897365252176921, 0.09541501104831696, 0.07188403109709422, 0.05359587321678797, 0.048597718278566994, 0.049364205449819565, 0.05055669570962588, 0.05159033338228861, 0.053255890806516014, 0.0439395010471344, 0.037476117412249245, 0.050734290232261024, 0.05144957701365153, 0.0563377228875955, 0.06827920426925023, 0.0431563767294089, 0.03565641865134239, 0.03785943488279978, 0.03504477192958196, 0.03652899091442426, 0.03553979968031248, 0.031777714689572654, 0.030819789816935856, 0.0323614397396644, 0.03064025255541007, 0.044560292114814125, 0.03519449383020401, 0.027769391735394795, 0.03165609948337078, 0.03439551405608654, 0.07612177232901256, 0.026202281316121418, 0.02754705088833968, 0.026436489696304005, 0.030328727637728054, 0.02683038016160329, 0.027309179306030273, 0.027339403827985127, 0.030560932432611782, 0.03286630349854628, 0.03380687969426314, 0.02889257048567136, 0.03253905847668648, 0.034551004568735756, 0.032780878245830536, 0.03883649470905463, 0.03765461097160975, 0.03555970638990402, 0.033739722023407616, 0.036530028407772384], "accuracy": [60.656574247320975, 63.19101888076204, 66.59295798605206, 63.871406701820035, 67.120258547372, 65.87855077394114, 54.56710324885184, 53.05324034699779, 64.3306684810342, 64.44973634971934, 65.99761864262629, 65.50433747235924, 70.11396496002722, 70.35210069739752, 70.18200374213302, 70.38612008845041, 70.65827521687362, 70.99846912740261, 71.10052730056132, 70.94744004082327, 69.55264500765436, 70.96444973634972, 69.34852866133696, 69.45058683449567, 68.77019901343766, 68.8552474910699, 68.78720870896412, 68.71916992685831, 68.43000510290865, 94.31876169416567, 92.66882122810001, 94.06361626126892, 68.43000510290865, 94.40381017179793, 92.53274366388841, 92.51573396836197, 94.36979078074502, 94.36979078074502, 94.19969382548052, 94.18268412995407, 94.18268412995407, 93.94454839258377, 94.06361626126892, 93.80847082837217, 94.09763565232183, 94.19969382548052, 94.36979078074502, 94.33577138969213, 94.36979078074502, 94.65895560469468, 94.28474230311278, 94.30175199863922, 94.31876169416567, 96.08777002891648, 96.12178941996939, 95.35635312127913, 96.87021602313318, 94.67596530022112, 96.17281850654874, 94.79503316890627, 94.65895560469468, 94.36979078074502, 94.64194590916823, 93.94454839258377, 93.77445143731927, 96.95526450076544, 94.81204286443273, 96.56404150365708, 95.50944038101719, 96.61507059023643, 97.09134206497704, 95.98571185575778, 94.74400408232692, 97.0403129783977, 96.85320632760674, 96.97227419629189, 96.51301241707773, 96.76815784997449, 96.90423541418609, 96.87021602313318, 96.98928389181833, 95.76458581391392, 97.07433236945059, 96.83619663208029, 96.81918693655383, 96.76815784997449, 96.83619663208029, 97.0403129783977, 97.0403129783977, 96.81918693655383, 95.66252764075523, 96.97227419629189, 96.76815784997449, 96.92124510971253, 96.93825480523898, 96.85320632760674, 96.61507059023643, 97.00629358734479, 96.97227419629189, 96.85320632760674], "precision": [24.429697221070096, 28.992248062015502, 34.20300214438885, 32.47145735392881, 34.751519485162675, 33.99031811894883, 27.822693058265962, 27.73064687168611, 33.38778177066318, 33.62516212710766, 34.60636515912898, 34.35643564356436, 37.69538349691021, 37.843784378437846, 37.65137614678899, 37.89820578542658, 38.242799854174265, 38.56567874130992, 38.70025556772544, 38.57350800582242, 36.63403614457831, 38.54585312385824, 37.333333333333336, 36.57164291072768, 35.60548362528561, 35.62954458476846, 35.61904761904762, 35.50973654066438, 35.29188779378317, 90.10752688172043, 81.78256611165524, 89.0909090909091, 35.21341463414634, 90.94874591057798, 81.20740019474196, 80.9477756286267, 90.39913700107874, 90.39913700107874, 89.43436499466382, 89.42307692307693, 89.50749464668094, 88.9247311827957, 89.51351351351352, 89.16849015317287, 91.0414333706607, 91.65727170236752, 92.89805269186712, 91.0891089108911, 91.10867178924259, 93.13063063063063, 90.87912087912088, 90.01074113856069, 92.38636363636363, 93.72427983539094, 93.73716632443532, 93.43379978471475, 94.00785854616896, 93.13835770528684, 93.84615384615384, 98.375, 93.22799097065463, 93.09551208285386, 93.1228861330327, 92.78959810874704, 92.80575539568345, 98.70270270270271, 99.11280101394169, 99.32584269662922, 98.68735083532219, 98.67403314917127, 98.81847475832438, 99.29906542056075, 99.23371647509579, 99.34640522875817, 99.22992299229924, 98.49462365591398, 98.99216125419933, 98.79385964912281, 99.12472647702407, 98.38012958963283, 99.23664122137404, 98.93992932862191, 99.24078091106291, 99.22907488986785, 99.01207464324918, 99.22566371681415, 99.12087912087912, 99.23913043478261, 98.60515021459227, 97.75401069518716, 98.93238434163702, 98.49462365591398, 97.44136460554371, 98.48975188781014, 98.80694143167028, 97.15489989462593, 97.11229946524064, 98.6021505376344, 98.59913793103449, 97.15489989462593], "recall": [54.53703703703704, 69.25925925925925, 88.61111111111111, 89.53703703703704, 90.0, 91.01851851851852, 92.4074074074074, 96.85185185185186, 94.62962962962963, 96.01851851851852, 95.64814814814815, 96.38888888888889, 96.01851851851852, 95.55555555555556, 95.0, 95.83333333333334, 97.12962962962963, 97.5925925925926, 98.14814814814815, 98.14814814814815, 90.0925925925926, 97.68518518518519, 98.51851851851852, 90.27777777777779, 86.57407407407408, 86.20370370370371, 86.57407407407408, 86.11111111111111, 86.20370370370371, 77.5925925925926, 77.31481481481481, 77.12962962962962, 85.55555555555556, 77.22222222222223, 77.22222222222223, 77.5, 77.5925925925926, 77.5925925925926, 77.5925925925926, 77.5, 77.4074074074074, 76.57407407407408, 76.66666666666667, 75.46296296296296, 75.27777777777777, 75.27777777777777, 75.0925925925926, 76.66666666666667, 76.85185185185185, 76.57407407407408, 76.57407407407408, 77.5925925925926, 75.27777777777777, 84.35185185185186, 84.53703703703704, 80.37037037037037, 88.61111111111111, 76.66666666666667, 84.72222222222221, 72.87037037037038, 76.48148148148148, 74.9074074074074, 76.48148148148148, 72.68518518518519, 71.66666666666667, 84.53703703703704, 72.4074074074074, 81.85185185185185, 76.57407407407408, 82.68518518518519, 85.18518518518519, 78.70370370370371, 71.94444444444444, 84.44444444444444, 83.51851851851852, 84.81481481481481, 81.85185185185185, 83.42592592592592, 83.88888888888889, 84.35185185185186, 84.25925925925925, 77.77777777777779, 84.72222222222221, 83.42592592592592, 83.51851851851852, 83.05555555555556, 83.51851851851852, 84.53703703703704, 85.0925925925926, 84.62962962962963, 77.22222222222223, 84.81481481481481, 84.62962962962963, 84.53703703703704, 84.35185185185186, 85.37037037037038, 84.07407407407408, 84.9074074074074, 84.72222222222221, 85.37037037037038],