{"loss": [0.3250702261924744, 1.7586121082305908, 0.31531930565834043, 0.5970399677753448, 0.1824253112077713, 0.3170620441436768, 0.4405956655740738, 0.34272273182868956, 0.22275921255350112, 0.18208245635032655, 0.5866177558898926, 0.127400740981102, 0.292382088303566, 0.07963097095489502, 0.18487992733716965, 0.08723840117454529, 0.19734259694814682, 0.11751752719283104, 0.0908095471560955, 0.09255004525184632, 0.2822571277618408, 0.26508241295814516, 0.09976759552955627, 0.07939143255352973, 0.05119801424443722, 0.07169307433068753, 0.06042547263205052, 0.050804877281188966, 0.05477490983903408, 0.044516872614622116, 0.045059957355260846, 0.058522863686084746, 0.03924282602965832, 0.03391695115715265, 0.05010128803551197, 0.049521442875266074, 0.06379831247031689, 0.051589449122548106, 0.060987190902233125, 0.03578884340822697, 0.04546242170035839, 0.06166588105261326, 0.05185090973973274, 0.03801650479435921, 0.04440880008041859, 0.03837445043027401, 0.047976874932646754, 0.038078120537102224, 0.03788945712149143, 0.06733846701681614, 0.050436414405703546, 0.06255432516336441, 0.03947438485920429, 0.06191925331950188, 0.03994024321436882, 0.04195135161280632, 0.04061171673238277, 0.03554482311010361, 0.033667621202766895, 0.030480587668716908, 0.03770389854907989, 0.0464708723127842, 0.03013901486992836, 0.03729590475559234, 0.03361181616783142, 0.03171235453337431, 0.024634176306426524, 0.028643982857465743, 0.026629029773175716, 0.02771849688142538, 0.040708786249160765, 0.02909971438348293, 0.024422685988247393, 0.03156880494207144, 0.029954338818788527, 0.028820811212062834, 0.024602925404906273, 0.023487640731036662, 0.032510175742208956, 0.02986741643399, 0.0221437968313694, 0.030083701759576798, 0.021976602915674447, 0.031091070733964443, 0.030340294912457468, 0.03695690743625164, 0.0372186180204153, 0.028607824444770814, 0.027296650595963, 0.030126467905938627, 0.034641136042773725, 0.031898796930909155, 0.046175234392285346, 0.033586875349283216, 0.025899292156100272, 0.06555713750422001, 0.030877474509179593, 0.026939085312187673, 0.05724533498287201, 0.02565515637397766], "accuracy": [90.0, 10.0, 95.125, 60.203125, 96.375, 68.88020833333333, 69.72916666666667, 69.69791666666667, 97.24479166666667, 97.18229166666667, 69.74479166666667, 97.19270833333333, 96.69791666666667, 97.19270833333333, 97.07291666666667, 97.20833333333333, 96.80729166666667, 97.265625, 97.484375, 97.453125, 69.86458333333333, 69.90104166666667, 97.3125, 97.296875, 97.27083333333333, 97.328125, 97.34375, 97.34375, 97.55208333333333, 97.578125, 97.89583333333333, 97.390625, 98.015625, 98.078125, 97.57291666666667, 97.484375, 97.015625, 97.69270833333333, 97.66145833333333, 98.125, 97.26041666666667, 97.23958333333333, 97.703125, 97.25, 97.6875, 97.328125, 97.28125, 97.30208333333333, 97.63541666666667, 96.93229166666667, 97.171875, 97.18229166666667, 98.11458333333333, 97.10416666666667, 98.27083333333333, 97.68229166666667, 97.75520833333333, 98.046875, 98.08854166666667, 97.8125, 98.13020833333333, 97.74479166666667, 98.22916666666667, 97.671875, 97.78125, 98.03125, 98.14583333333333, 97.70833333333333, 98.31770833333333, 97.16145833333333, 97.765625, 98.19791666666667, 98.19270833333333, 98.20833333333333, 98.203125, 98.19270833333333, 98.08333333333333, 98.234375, 98.15104166666667, 98.26041666666667, 98.05208333333333, 98.13020833333333, 98.046875, 97.63020833333333, 97.71875, 97.703125, 97.63541666666667, 97.80208333333333, 97.53645833333333, 97.65104166666667, 97.28645833333333, 97.63020833333333, 96.94791666666667, 97.84895833333333, 97.56770833333333, 97.47395833333333, 97.66145833333333, 97.453125, 97.81770833333333, 97.484375], "precision": [0.0, 10.0, 95.13761467889908, 19.675606911905014, 83.29706202393906, 22.919727527714706, 24.361001317523055, 24.219576719576718, 85.43046357615894, 84.94678155093766, 24.43801761535428, 84.26799007444168, 80.24459078080903, 85.75867426204039, 83.44827586206897, 85.78076525336091, 80.49463369108726, 84.0078010726475, 86.49060436769935, 86.52373660030628, 24.31570555407919, 24.595128373930216, 85.81632653061224, 85.9046642747309, 85.86844809866393, 85.40513336688475, 85.49848942598187, 85.28528528528528, 87.44834710743802, 87.98955613577023, 92.58426966292134, 85.56390977443608, 94.55703532136653, 96.2432915921288, 87.47422680412372, 86.90292758089369, 83.0308974987739, 88.97097625329815, 88.81266490765172, 96.76258992805755, 88.89508928571429, 88.8268156424581, 89.60899839314408, 88.96976483762597, 89.9783315276273, 89.54468802698145, 88.96321070234113, 89.16201117318435, 96.62849872773536, 84.97109826589595, 87.85046728971963, 87.9471656576775, 96.98431845597105, 87.18647764449291, 97.14964370546319, 88.79537085744344, 89.9195710455764, 97.42173112338858, 97.43433109346365, 97.89272030651341, 95.99292869770183, 90.29810298102981, 97.9951397326853, 90.53384700055037, 90.42207792207793, 97.5925925925926, 99.12060301507537, 97.07379134860051, 98.2477341389728, 95.80279813457695, 90.89413055403182, 97.29567307692307, 97.29404690318701, 97.29891956782714, 97.41119807344974, 96.56601539372409, 97.54901960784314, 97.88007268322228, 98.93683552220138, 99.50062421972534, 99.61489088575097, 99.68173138128581, 98.43260188087774, 91.17481731309725, 99.79838709677419, 99.33288859239494, 98.67197875166002, 99.27631578947368, 99.86216402481047, 99.79661016949153, 99.85744832501781, 98.09586342744583, 89.37426210153482, 98.2703395259449, 99.7943797121316, 90.24116657319125, 99.7968855788761, 99.79123173277662, 99.60343688037013, 99.7920997920998], "recall": [0.0, 100.0, 54.01041666666667, 96.66666666666667, 79.73958333333333, 89.375, 96.30208333333333, 95.36458333333333, 87.34375, 87.29166666666667, 96.82291666666667, 88.4375, 88.85416666666667, 86.25, 88.22916666666667, 86.40625, 89.84375, 89.73958333333333, 88.69791666666667, 88.28125, 95.3125, 97.29166666666667, 87.60416666666667, 87.29166666666667, 87.03125, 88.38541666666667, 88.4375, 88.75, 88.17708333333333, 87.76041666666666, 85.83333333333333, 88.90625, 85.05208333333333, 84.0625, 88.38541666666667, 88.125, 88.17708333333333, 87.8125, 87.65625, 84.0625, 82.96875, 82.8125, 87.13541666666667, 82.76041666666667, 86.51041666666667, 82.96875, 83.125, 83.125, 79.11458333333333, 84.21875, 83.22916666666667, 83.22916666666667, 83.75, 83.28125, 85.20833333333333, 87.91666666666667, 87.34375, 82.65625, 83.07291666666666, 79.84375, 84.84375, 86.77083333333333, 84.01041666666667, 85.67708333333334, 87.03125, 82.34375, 82.1875, 79.47916666666667, 84.6875, 74.89583333333333, 86.30208333333333, 84.32291666666667, 84.27083333333333, 84.42708333333333, 84.27083333333333, 84.94791666666667, 82.91666666666667, 84.16666666666667, 82.39583333333333, 83.02083333333333, 80.83333333333333, 81.5625, 81.77083333333334, 84.47916666666667, 77.34375, 77.55208333333333, 77.39583333333333, 78.59375, 75.46875, 76.66666666666667, 72.96875, 77.8125, 78.85416666666667, 79.89583333333333, 75.83333333333333, 83.80208333333333, 76.77083333333333, 74.6875, 78.48958333333333, 75.0],