{"loss": [0.5683866341908773, 0.4359668592611949, 0.2021832118431727, 0.23872551321983337, 0.24375896155834198, 0.214898149172465, 0.2177848219871521, 0.18025170266628265, 0.17860889931519827, 0.24162256717681885, 0.16432458659013113, 0.20408961176872253, 0.29649442434310913, 0.17457718153794607, 0.30298055211702984, 0.2647106846173604, 0.311559518178304, 0.35053978363672894, 0.33655810356140137, 0.3548438847064972, 0.22719599306583405, 0.16227739055951437, 0.15267782906691232, 0.1519694725672404, 0.08066256592671077, 0.08637893944978714, 0.09198346734046936, 0.07427703340848286, 0.05296088382601738, 0.05358921239773432, 0.062219537794589996, 0.054405637085437775, 0.05362835774819056, 0.04379628226161003, 0.06082954133550326, 0.055824256191651024, 0.047771250208218895, 0.04261630028486252, 0.041203390806913376, 0.04741675158341726, 0.05588122953971227, 0.07178807506958644, 0.06530741353829701, 0.07462301850318909, 0.06895085672537486, 0.04229658097028732, 0.056229853381713234, 0.03814265380303065, 0.056259634594122566, 0.051314509163300194, 0.05371961494286855, 0.05704400688409805, 0.04660807549953461, 0.04869846751292547, 0.06025641163190206, 0.0576585978269577, 0.05337709188461304, 0.0620908389488856, 0.06264786670605342, 0.05497322231531143, 0.045538630336523056, 0.043926604092121124, 0.06434973577658336, 0.046673318992058434, 0.046135641634464264, 0.060389616837104164, 0.05505510171254476, 0.04729037111004194, 0.03558562323451042, 0.03493440896272659, 0.04448714231451353, 0.03625631953279177, 0.03982485830783844, 0.04197157174348831, 0.035232044756412506, 0.03762338807185491, 0.03167081996798515, 0.03727662439147631, 0.0365527073542277, 0.045406490564346313, 0.04862557848294576, 0.037592907746632896, 0.04227980226278305, 0.038986992090940475, 0.04961985722184181, 0.06562793751557668, 0.04029506569107374, 0.03606675689419111, 0.041000338892141976, 0.06596098343531291, 0.04108977566162745, 0.03435987854997317, 0.02978884180386861, 0.028306695943077404, 0.05199362337589264, 0.03680301830172539, 0.03880190725127856, 0.04616093014677366, 0.03959051892161369, 0.05361079300443331], "accuracy": [81.73158700459261, 65.02806599761864, 94.26773260758632, 93.46827691784317, 94.33577138969213, 94.21670352100698, 93.62136417758123, 94.79503316890627, 94.93111073311788, 94.35278108521858, 95.32233373022623, 96.05375063786359, 94.52287804048308, 96.41095424391904, 71.91699268583092, 95.16924647048818, 71.96802177241027, 71.23660486477291, 71.96802177241027, 71.18557577819357, 96.17281850654874, 96.81918693655383, 96.49600272155128, 96.76815784997449, 97.0403129783977, 96.76815784997449, 96.81918693655383, 97.26143902024154, 96.95526450076544, 97.14237115155639, 97.39751658445314, 97.41452627997958, 97.24442932471509, 97.41452627997958, 97.36349719340024, 97.39751658445314, 97.48256506208538, 97.34648749787378, 97.41452627997958, 97.00629358734479, 96.83619663208029, 96.97227419629189, 97.19340023813574, 97.17639054260928, 97.22741962918863, 97.32947780234734, 97.21040993366219, 97.29545841129443, 96.83619663208029, 96.88722571865964, 96.87021602313318, 96.90423541418609, 96.83619663208029, 96.98928389181833, 96.93825480523898, 96.95526450076544, 96.88722571865964, 96.92124510971253, 96.85320632760674, 97.00629358734479, 96.97227419629189, 96.53002211260419, 96.97227419629189, 97.12536145602994, 97.05732267392413, 97.07433236945059, 96.80217724102738, 96.42796393944549, 97.5846232352441, 97.32947780234734, 96.51301241707773, 97.12536145602994, 97.14237115155639, 96.90423541418609, 96.97227419629189, 97.22741962918863, 97.90780745024664, 97.56761353971764, 96.93825480523898, 96.92124510971253, 96.97227419629189, 96.93825480523898, 97.55060384419119, 96.95526450076544, 96.92124510971253, 96.90423541418609, 97.02330328287124, 97.02330328287124, 96.98928389181833, 96.56404150365708, 96.93825480523898, 97.278448715768, 97.5165844531383, 97.56761353971764, 97.5846232352441, 97.99285592787889, 97.36349719340024, 97.31246810682089, 97.34648749787378, 96.98928389181833], "precision": [100.0, 33.883751651254954, 86.17332035053555, 80.31358885017421, 84.04740200546946, 83.51449275362319, 80.78602620087337, 86.16822429906541, 83.53344768439108, 81.06312292358804, 85.33801580333626, 88.61566484517304, 81.47840531561462, 90.19426456984274, 39.4220081511671, 83.67174280879864, 39.543446244477174, 38.95916154680159, 39.55882352941176, 38.91696750902527, 87.79840848806366, 91.53488372093024, 89.79963570127505, 92.06049149338375, 94.49901768172889, 92.38095238095238, 92.32227488151659, 95.18190757128811, 94.55984174085064, 94.27184466019418, 94.95635305528613, 95.04854368932038, 94.13461538461539, 95.49019607843138, 94.68599033816425, 94.86931268151017, 95.3307392996109, 95.74257425742574, 95.66929133858267, 93.37811900191939, 92.32954545454545, 93.03435114503816, 94.80901077375123, 94.62890625, 94.99509322865555, 95.64787339268051, 94.90196078431372, 95.36945812807882, 92.57142857142857, 92.75500476644424, 92.74809160305344, 92.92543021032505, 92.73422562141491, 93.37175792507205, 93.02103250478011, 93.19271332694152, 92.75500476644424, 93.01435406698565, 92.90508149568552, 93.54527938342967, 93.61702127659575, 93.02554027504911, 93.53281853281852, 96.5270684371808, 96.2283384301733, 96.23217922606925, 92.47619047619048, 92.39766081871345, 99.57716701902748, 95.37856440511308, 92.7663734115347, 96.62231320368475, 96.62576687116564, 93.17307692307692, 95.64777327935222, 97.2193614830072, 99.17780061664953, 96.8031968031968, 93.26923076923077, 93.09683604985618, 93.44894026974951, 93.18618042226487, 96.7065868263473, 93.44262295081968, 93.17963496637847, 93.17307692307692, 93.8894277400582, 93.80445304937076, 95.83756345177665, 93.03921568627452, 93.35260115606935, 95.36489151873766, 99.57537154989384, 99.57671957671957, 99.47257383966245, 99.58762886597938, 95.92850049652432, 95.82504970178927, 95.83333333333334, 93.79243452958292], "recall": [0.5555555555555556, 95.0, 81.94444444444444, 85.37037037037038, 85.37037037037038, 85.37037037037038, 85.64814814814815, 85.37037037037038, 90.18518518518519, 90.37037037037037, 90.0, 90.0925925925926, 90.83333333333333, 90.27777777777779, 98.51851851851852, 91.57407407407408, 99.44444444444444, 99.81481481481481, 99.62962962962963, 99.81481481481481, 91.94444444444444, 91.11111111111111, 91.2962962962963, 90.18518518518519, 89.07407407407408, 89.81481481481481, 90.18518518518519, 89.62962962962962, 88.51851851851852, 89.9074074074074, 90.64814814814814, 90.64814814814814, 90.64814814814814, 90.18518518518519, 90.74074074074075, 90.74074074074075, 90.74074074074075, 89.53703703703704, 90.0, 90.0925925925926, 90.27777777777779, 90.27777777777779, 89.62962962962962, 89.72222222222223, 89.62962962962962, 89.53703703703704, 89.62962962962962, 89.62962962962962, 90.0, 90.0925925925926, 90.0, 90.0, 89.81481481481481, 90.0, 90.0925925925926, 90.0, 90.0925925925926, 90.0, 89.72222222222223, 89.9074074074074, 89.62962962962962, 87.68518518518519, 89.72222222222223, 87.5, 87.4074074074074, 87.5, 89.9074074074074, 87.77777777777777, 87.22222222222223, 89.81481481481481, 87.87037037037037, 87.4074074074074, 87.5, 89.72222222222223, 87.5, 87.4074074074074, 89.35185185185185, 89.72222222222223, 89.81481481481481, 89.9074074074074, 89.81481481481481, 89.9074074074074, 89.72222222222223, 89.72222222222223, 89.81481481481481, 89.72222222222223, 89.62962962962962, 89.72222222222223, 87.4074074074074, 87.87037037037037, 89.72222222222223, 89.53703703703704, 86.85185185185185, 87.12962962962963, 87.31481481481481, 89.44444444444444, 89.44444444444444, 89.25925925925927, 89.44444444444444, 89.53703703703704],