{"loss": [0.5436939199765524, 0.9217511614163717, 0.9639221032460531, 0.7839848001797994, 0.7890393535296122, 0.7507463296254476, 0.44111359119415283, 0.37027719616889954, 0.39085919658343, 0.41675881544748944, 0.3552502493063609, 0.5261232058207194, 0.27433228492736816, 0.3562963406244914, 0.3947269717852275, 0.2745416263739268, 0.24622430900732675, 0.16289687156677246, 0.1361726944645246, 0.11905116091171901, 0.11814693609873454, 0.13552254438400269, 0.11901283512512843, 0.1172545999288559, 0.11189854145050049, 0.1466997265815735, 0.13333679735660553, 0.11460306495428085, 0.09865579009056091, 0.1140675072868665, 0.1141090417901675, 0.11795282612244289, 0.12189597139755885, 0.1278020516037941, 0.13636942456165949, 0.10996824999650319, 0.08621124923229218, 0.1052151694893837, 0.12822012106577554, 0.11524252345164616, 0.17528717716534933, 0.14323520163695017, 0.17004184424877167, 0.13827412327130637, 0.13229778160651526, 0.13858532905578613, 0.09687691181898117, 0.08721467355887096, 0.07125697905818622, 0.08101660013198853, 0.08001963297526042, 0.10661002000172932, 0.10497778902451198, 0.13481110582749048, 0.095248281955719, 0.09681860109170277, 0.09960061560074489, 0.13324146966139475, 0.12049600481987, 0.11862582465012868, 0.11403023451566696, 0.11031896124283473, 0.10291394591331482, 0.08858129133780797, 0.12094553808371226, 0.12170012295246124, 0.10803865641355515, 0.12071135888497035, 0.08759077390034993, 0.07947145154078801, 0.09354095906019211, 0.0709909126162529, 0.11655976126591365, 0.08137433975934982, 0.0896940107146899, 0.11221204449733098, 0.10177071392536163, 0.10865673919518788, 0.08277617146571477, 0.07274804015954335, 0.1701604574918747, 0.13963656624158224, 0.12912546594937643, 0.1054536650578181, 0.17120803395907083, 0.11557764559984207, 0.08113893618186314, 0.06535472099979718, 0.09137071669101715, 0.07388963922858238, 0.07809988657633464, 0.08696592102448146, 0.08126937101284663, 0.07503120601177216, 0.5260743697484335, 0.1346720556418101, 0.16413256029287973, 0.05865670368075371, 0.1739311863978704, 0.08475103725989659], "accuracy": [64.3306684810342, 61.677155978907976, 67.01820037421331, 67.81765606395645, 70.35210069739752, 71.32165334240517, 69.53563531212791, 91.68225888756591, 91.92039462493621, 91.75029766967171, 93.60435448205477, 81.49345126722231, 94.40381017179793, 83.53461473039633, 82.32692634801838, 92.49872427283552, 94.19969382548052, 93.68940295968702, 94.11464534784827, 94.28474230311278, 94.69297499574758, 94.23371321653343, 94.81204286443273, 94.82905255995918, 94.93111073311788, 94.11464534784827, 94.60792651811532, 95.83262459601973, 95.25429494812043, 96.07076033339003, 95.88365368259907, 95.95169246470488, 95.79860520496683, 95.71355672733458, 95.67953733628168, 95.18625616601463, 94.84606225548562, 94.62493621364177, 94.55689743153597, 94.91410103759142, 94.23371321653343, 94.98213981969722, 94.55689743153597, 94.72699438680047, 94.55689743153597, 94.35278108521858, 95.10120768838237, 95.05017860180303, 94.88008164653853, 94.82905255995918, 94.43782956285082, 95.83262459601973, 95.93468276917844, 95.49243068549073, 95.25429494812043, 94.60792651811532, 94.57390712706243, 94.25072291205987, 94.26773260758632, 95.62850824970234, 94.88008164653853, 95.84963429154618, 94.99914951522368, 95.15223677496172, 94.74400408232692, 94.81204286443273, 95.06718829732948, 95.95169246470488, 95.35635312127913, 96.17281850654874, 95.33934342575267, 95.59448885864943, 95.74757611838749, 96.34291546181323, 96.41095424391904, 95.73056642286103, 95.93468276917844, 95.73056642286103, 96.44497363497193, 96.34291546181323, 95.57747916312297, 96.34291546181323, 95.57747916312297, 95.76458581391392, 96.08777002891648, 96.85320632760674, 96.39394454839258, 96.12178941996939, 97.00629358734479, 96.12178941996939, 96.30889607076033, 96.73413845892159, 97.17639054260928, 96.42796393944549, 72.12110903214833, 96.17281850654874, 96.66609967681579, 96.73413845892159, 96.46198333049838, 96.07076033339003], "precision": [28.874117158288325, 32.02574318112167, 35.39612376742605, 35.663841807909606, 37.99348062296269, 38.81918819188192, 37.40701381509033, 71.55361050328227, 72.16117216117216, 71.60493827160494, 78.02547770700637, 49.797570850202426, 81.0074318744839, 53.0139935414424, 51.06382978723404, 74.11320754716981, 80.41152263374485, 81.01487314085739, 82.9443447037702, 83.7568058076225, 85.68773234200744, 83.46883468834689, 86.04651162790698, 86.26168224299066, 86.74812030075188, 82.82647584973166, 85.29139685476412, 87.4439461883408, 88.47262247838617, 88.5558583106267, 87.81588447653431, 88.13405797101449, 87.15432649420161, 87.16337522441651, 86.6785079928952, 88.35418671799808, 88.50346878097126, 87.15953307392996, 86.468330134357, 86.5979381443299, 83.05084745762711, 86.37627432808156, 81.40495867768594, 86.80688336520076, 81.45695364238411, 83.45259391771019, 87.35849056603774, 87.89625360230548, 91.83673469387756, 87.7431906614786, 87.91540785498489, 87.24353256021409, 87.64547896150403, 85.52746294681779, 89.69276511397423, 87.00290979631426, 87.26738491674828, 83.72727272727273, 85.96321393998065, 86.83974932855864, 87.92599805258034, 87.32142857142857, 88.00773694390716, 88.55480116391853, 85.99439775910365, 86.04651162790698, 87.12406015037594, 87.65652951699462, 88.68648130393096, 88.5482416591524, 90.13944223107569, 90.36381514257621, 87.05357142857143, 90.68673565380998, 90.26876737720112, 86.9100623330365, 88.19255222524977, 87.44354110207769, 91.27962085308057, 91.07312440645774, 86.73835125448028, 90.53420805998125, 86.73835125448028, 87.94520547945206, 89.57169459962756, 93.57351509250243, 90.9433962264151, 92.85714285714286, 94.4007858546169, 91.6829745596869, 90.36482694106641, 95.39877300613497, 95.79158316633266, 91.42857142857143, 39.48852952237683, 91.70731707317074, 95.10204081632652, 95.77319587628867, 92.16634429400386, 92.74924471299094], "recall": [64.35185185185185, 96.75925925925925, 96.38888888888889, 93.51851851851852, 97.12962962962963, 97.4074074074074, 97.77777777777777, 90.83333333333333, 91.20370370370371, 91.2962962962963, 90.74074074074075, 91.11111111111111, 90.83333333333333, 91.20370370370371, 91.11111111111111, 90.92592592592592, 90.46296296296296, 85.74074074074073, 85.55555555555556, 85.46296296296296, 85.37037037037038, 85.55555555555556, 85.64814814814815, 85.46296296296296, 85.46296296296296, 85.74074074074073, 85.37037037037038, 90.27777777777779, 85.27777777777777, 90.27777777777779, 90.0925925925926, 90.0925925925926, 90.46296296296296, 89.9074074074074, 90.37037037037037, 85.0, 82.68518518518519, 82.96296296296296, 83.42592592592592, 85.55555555555556, 86.20370370370371, 86.29629629629629, 91.20370370370371, 84.07407407407408, 91.11111111111111, 86.38888888888889, 85.74074074074073, 84.72222222222221, 79.16666666666666, 83.51851851851852, 80.83333333333333, 90.55555555555556, 90.64814814814814, 90.83333333333333, 83.79629629629629, 83.05555555555556, 82.5, 85.27777777777777, 82.22222222222221, 89.81481481481481, 83.61111111111111, 90.55555555555556, 84.25925925925925, 84.53703703703704, 85.27777777777777, 85.64814814814815, 85.83333333333333, 90.74074074074075, 85.64814814814815, 90.92592592592592, 83.79629629629629, 85.0925925925926, 90.27777777777779, 89.25925925925927, 90.18518518518519, 90.37037037037037, 89.9074074074074, 89.62962962962962, 89.16666666666667, 88.79629629629629, 89.62962962962962, 89.44444444444444, 89.62962962962962, 89.16666666666667, 89.07407407407408, 88.98148148148148, 89.25925925925927, 85.46296296296296, 88.98148148148148, 86.75925925925925, 89.44444444444444, 86.38888888888889, 88.51851851851852, 88.88888888888889, 97.22222222222221, 87.03703703703704, 86.29629629629629, 86.01851851851852, 88.24074074074075, 85.27777777777777],