{"loss": [0.9294969836870829, 1.119268576304118, 1.0398385127385457, 0.7329132159550985, 0.34805694222450256, 0.2622508605321248, 0.16118662556012472, 0.18483672042687735, 0.23640761276086172, 0.1655752013127009, 0.1438011328379313, 0.13511412342389426, 0.12761300057172775, 0.13203246394793192, 0.13565060993035635, 0.12581520279248556, 0.08759189148743947, 0.1134131948153178, 0.06657016028960545, 0.10767627507448196, 0.11095704386631648, 0.09958160171906154, 0.08480553577343623, 0.09798746804396312, 0.11983791987101237, 0.07378142078717549, 0.09776212771733601, 0.10082833965619405, 0.1057459091146787, 0.18137475848197937, 0.11117011557022731, 0.10722801585992177, 0.08177479604880016, 0.06443064287304878, 0.12364710867404938, 0.13221884767214456, 0.15867852171262106, 0.11958382775386174, 0.1565192590157191, 0.08659907678763072, 0.10589965681234996, 0.1311773161093394, 0.07178076356649399, 0.14447144667307535, 0.1422340820233027, 0.1424426237742106, 0.13864692052205405, 0.13112166027228037, 0.08124237755934398, 0.09845427672068278, 0.0818790669242541, 0.08140309403340022, 0.1035261203845342, 0.12812321384747824, 0.09948759277661641, 0.09150161097447078, 0.09953781465689342, 0.09123754998048146, 0.0823230470220248, 0.0755331019560496, 0.0787291203935941, 0.09265601138273875, 0.08277696371078491, 0.08023227502902348, 0.08885430047909419, 0.09286262094974518, 0.09944539765516917, 0.1115684707959493, 0.09190384795268376, 0.08663333704074223, 0.09880391259988149, 0.1107127492626508, 0.07152135670185089, 0.07292524973551433, 0.07683501144250234, 0.07285826404889424, 0.07923678557078044, 0.08784071107705434, 0.09111727277437846, 0.11423010875781377, 0.0880047728617986, 0.07316851367553075, 0.0745508149266243, 0.0863681510090828, 0.07407342890898387, 0.07849245270093282, 0.07140870143969853, 0.07517548153797786, 0.07493700583775838, 0.0886782060066859, 0.07536939531564713, 0.0824403886993726, 0.06815018753210704, 0.06910828500986099, 0.06661273787419002, 0.058625560253858566, 0.06090056151151657, 0.05393104006846746, 0.05529033144315084, 0.055688911428054176], "accuracy": [18.336451777513183, 27.827861881272327, 55.1624425922776, 69.80779044055112, 70.33509100187106, 95.40738220785848, 95.69654703180814, 95.73056642286103, 95.74757611838749, 95.74757611838749, 95.90066337812553, 95.66252764075523, 96.01973124681068, 96.30889607076033, 96.83619663208029, 96.39394454839258, 96.85320632760674, 96.63208028576288, 96.75114815444803, 96.66609967681579, 96.80217724102738, 96.87021602313318, 97.41452627997958, 96.49600272155128, 96.87021602313318, 97.26143902024154, 96.80217724102738, 97.60163293077053, 97.39751658445314, 96.97227419629189, 96.97227419629189, 96.97227419629189, 97.60163293077053, 97.63565232182344, 97.02330328287124, 97.53359414866473, 96.95526450076544, 96.71712876339514, 96.95526450076544, 97.65266201734988, 97.05732267392413, 97.09134206497704, 97.73771049498214, 96.80217724102738, 96.80217724102738, 96.73413845892159, 96.73413845892159, 96.81918693655383, 97.02330328287124, 96.29188637523389, 97.24442932471509, 96.83619663208029, 95.98571185575778, 96.39394454839258, 96.00272155128424, 96.24085728865454, 96.29188637523389, 96.42796393944549, 96.32590576628678, 96.97227419629189, 96.30889607076033, 96.27487667970743, 96.66609967681579, 96.63208028576288, 96.24085728865454, 96.17281850654874, 95.95169246470488, 95.81561490049329, 95.64551794522878, 96.12178941996939, 95.57747916312297, 95.78159550944038, 95.73056642286103, 95.61149855417588, 96.27487667970743, 96.20683789760163, 95.57747916312297, 95.47542098996428, 95.49243068549073, 95.54345977207008, 95.56046946759653, 95.64551794522878, 95.78159550944038, 96.01973124681068, 95.78159550944038, 95.66252764075523, 95.96870216023133, 95.62850824970234, 95.61149855417588, 95.84963429154618, 95.69654703180814, 95.61149855417588, 96.05375063786359, 95.98571185575778, 96.03674094233713, 96.05375063786359, 96.25786698418098, 96.18982820207518, 95.96870216023133, 96.13879911549583], "precision": [18.34269184958312, 20.018957345971565, 28.43680709534368, 37.28503476033663, 37.48114630467572, 89.24418604651163, 91.06256206554121, 91.24378109452736, 90.76620825147347, 90.60665362035225, 90.6886517943744, 89.02554399243141, 90.83011583011583, 91.21298949379178, 91.4656771799629, 89.0990990990991, 91.62790697674419, 90.45871559633028, 91.9735599622285, 90.40219378427788, 91.37291280148423, 91.635687732342, 94.96124031007753, 90.53803339517626, 92.50474383301707, 94.74196689386562, 92.15500945179585, 96.71641791044776, 95.48577036310107, 93.19923371647509, 93.53281853281852, 93.19923371647509, 97.0912738214644, 97.57330637007078, 93.8894277400582, 96.7032967032967, 93.6108422071636, 92.4401913875598, 93.6108422071636, 97.67206477732793, 93.3142311365807, 93.65994236311239, 97.87664307381193, 92.15500945179585, 92.15500945179585, 92.12523719165085, 91.96597353497165, 92.16241737488197, 95.75328614762387, 92.00779727095517, 95.62624254473161, 95.42682926829268, 91.53543307086615, 91.65067178502879, 91.38099902056807, 91.4175506268081, 91.6023166023166, 91.66666666666666, 91.77949709864603, 95.37223340040242, 91.77153920619556, 91.43407122232917, 95.28688524590164, 95.37037037037037, 95.16298633017875, 91.70731707317074, 91.68316831683168, 91.53386454183267, 91.869918699187, 92.09486166007905, 91.49797570850203, 91.35188866799204, 92.08121827411168, 92.02453987730061, 95.84664536741214, 95.8288770053476, 91.66666666666666, 91.11111111111111, 91.37055837563452, 91.14688128772636, 91.91402251791197, 92.12678936605317, 92.10526315789474, 92.21556886227546, 92.19066937119675, 92.13483146067416, 93.95203336809176, 92.03268641470889, 92.02453987730061, 92.13709677419355, 92.49743062692704, 91.93877551020408, 94.07484407484408, 93.95833333333333, 94.25287356321839, 94.35146443514645, 94.3298969072165, 94.39834024896265, 94.3217665615142, 94.01444788441692], "recall": [99.81481481481481, 97.77777777777777, 95.0, 94.35185185185185, 92.03703703703704, 85.27777777777777, 84.9074074074074, 84.9074074074074, 85.55555555555556, 85.74074074074073, 86.57407407407408, 87.12962962962963, 87.12962962962963, 88.42592592592592, 91.2962962962963, 91.57407407407408, 91.20370370370371, 91.2962962962963, 90.18518518518519, 91.57407407407408, 91.20370370370371, 91.2962962962963, 90.74074074074075, 90.37037037037037, 90.27777777777779, 90.0925925925926, 90.27777777777779, 90.0, 90.0925925925926, 90.0925925925926, 89.72222222222223, 90.0925925925926, 89.62962962962962, 89.35185185185185, 89.62962962962962, 89.62962962962962, 89.53703703703704, 89.44444444444444, 89.53703703703704, 89.35185185185185, 90.46296296296296, 90.27777777777779, 89.62962962962962, 90.27777777777779, 90.27777777777779, 89.9074074074074, 90.0925925925926, 90.37037037037037, 87.68518518518519, 87.4074074074074, 89.07407407407408, 86.94444444444444, 86.11111111111111, 88.42592592592592, 86.38888888888889, 87.77777777777777, 87.87037037037037, 88.61111111111111, 87.87037037037037, 87.77777777777777, 87.77777777777777, 87.96296296296296, 86.11111111111111, 85.83333333333333, 83.79629629629629, 87.03703703703704, 85.74074074074073, 85.0925925925926, 83.7037037037037, 86.29629629629629, 83.7037037037037, 85.0925925925926, 83.98148148148148, 83.33333333333334, 83.33333333333334, 82.96296296296296, 83.51851851851852, 83.51851851851852, 83.33333333333334, 83.88888888888889, 83.14814814814815, 83.42592592592592, 84.25925925925925, 85.55555555555556, 84.16666666666667, 83.51851851851852, 83.42592592592592, 83.42592592592592, 83.33333333333334, 84.62962962962963, 83.33333333333334, 83.42592592592592, 83.79629629629629, 83.51851851851852, 83.51851851851852, 83.51851851851852, 84.72222222222221, 84.25925925925925, 83.05555555555556, 84.35185185185186],