{"loss": [0.32694727182388306, 0.25201592842737836, 0.2093160996834437, 0.19166941940784454, 0.1728113740682602, 0.19880380729834238, 0.13730653623739877, 0.1348210722208023, 0.1230451911687851, 0.12261968851089478, 0.11208109060923259, 0.11666321754455566, 0.09761421879132588, 0.15967387954394022, 0.10488525032997131, 0.10791839410861333, 0.10725447287162145, 0.09795509278774261, 0.10168258845806122, 0.11441798011461894, 0.09525168687105179, 0.09910943855841954, 0.09812172253926595, 0.09354895104964574, 0.08982054640849431, 0.09613275776306789, 0.08909236639738083, 0.09371231993039449, 0.09574926892916362, 0.09987961500883102, 0.09502000610033672, 0.1016236941019694, 0.09140006204446156, 0.08809961378574371, 0.10604087511698405, 0.09710633754730225, 0.09140507131814957, 0.09721654901901881, 0.10291418433189392, 0.09385047107934952, 0.09191265205542247, 0.09717039267222087, 0.09616166104873021, 0.09518395115931828, 0.09129781524340312, 0.09893181174993515, 0.09740306437015533, 0.09338849534591039, 0.10119114071130753, 0.1012275939186414, 0.09536406397819519, 0.09531515588363011, 0.09633437792460124, 0.10006227592627208, 0.10103437056144078, 0.10033390174309413, 0.10399751365184784, 0.10212843120098114, 0.09984314193328221, 0.09434977918863297, 0.09039915849765141, 0.10064928233623505, 0.0961471473177274, 0.09907861053943634, 0.10089122752348582, 0.10576801995436351, 0.10413907716671626, 0.09633071223894756, 0.09064829597870509, 0.09666215876738231, 0.098457766075929, 0.09660198539495468, 0.10085146377484004, 0.1066213125983874, 0.1012147068977356, 0.10705387343962987, 0.1032550906141599, 0.10567909230788548, 0.10661948223908742, 0.1007949709892273, 0.09996524453163147, 0.1043468713760376, 0.10024001200993855, 0.10376633207003276, 0.09972040355205536, 0.10244556764761607, 0.11358041316270828, 0.10590875148773193, 0.10476682086785634, 0.10452380776405334, 0.10276246815919876, 0.10640500485897064, 0.09805690248807271, 0.10878672947486241, 0.10553955535093944, 0.10287852585315704, 0.09809612979491551, 0.10314799845218658, 0.10303083558877309, 0.09862130880355835], "accuracy": [81.62952883143392, 94.01258717468957, 95.71355672733458, 96.30889607076033, 96.18982820207518, 96.13879911549583, 96.32590576628678, 96.27487667970743, 96.25786698418098, 96.42796393944549, 96.54703180813064, 96.44497363497193, 97.34648749787378, 96.80217724102738, 96.66609967681579, 96.66609967681579, 96.83619663208029, 96.92124510971253, 96.98928389181833, 96.46198333049838, 97.75472019050859, 96.75114815444803, 96.76815784997449, 97.68668140840279, 97.77172988603505, 97.61864262629699, 97.68668140840279, 97.56761353971764, 97.55060384419119, 97.38050688892669, 97.68668140840279, 97.278448715768, 97.72070079945568, 97.68668140840279, 97.29545841129443, 97.48256506208538, 97.55060384419119, 96.93825480523898, 97.09134206497704, 97.53359414866473, 97.60163293077053, 97.46555536655895, 97.49957475761184, 97.60163293077053, 97.61864262629699, 97.55060384419119, 97.46555536655895, 97.56761353971764, 97.55060384419119, 97.56761353971764, 97.55060384419119, 97.60163293077053, 97.53359414866473, 97.56761353971764, 97.49957475761184, 97.56761353971764, 97.49957475761184, 97.56761353971764, 97.56761353971764, 97.60163293077053, 97.63565232182344, 97.60163293077053, 97.60163293077053, 97.56761353971764, 97.56761353971764, 97.46555536655895, 97.07433236945059, 97.56761353971764, 97.60163293077053, 97.63565232182344, 97.65266201734988, 97.60163293077053, 97.46555536655895, 97.0403129783977, 97.5846232352441, 97.5165844531383, 97.5846232352441, 97.48256506208538, 97.55060384419119, 97.63565232182344, 97.5846232352441, 97.55060384419119, 97.5846232352441, 97.5846232352441, 97.63565232182344, 97.61864262629699, 97.56761353971764, 97.53359414866473, 97.56761353971764, 97.5165844531383, 97.63565232182344, 97.5846232352441, 97.65266201734988, 97.53359414866473, 97.63565232182344, 97.60163293077053, 97.66967171287634, 97.5846232352441, 97.61864262629699, 97.66967171287634], "precision": [0.0, 91.08352144469526, 91.31736526946108, 91.61041465766635, 91.55339805825243, 93.38758901322483, 91.45873320537427, 93.79450661241098, 93.52226720647774, 94.84536082474226, 94.69928644240571, 94.85066941297632, 96.95121951219512, 97.54797441364606, 93.07992202729045, 92.82945736434108, 97.35169491525424, 99.0185387131952, 99.34426229508196, 97.3913043478261, 99.06832298136646, 98.6856516976999, 98.6870897155361, 99.3723849372385, 99.17098445595855, 99.47368421052632, 99.47589098532494, 99.7874601487779, 99.7872340425532, 99.89224137931035, 99.57983193277312, 99.56896551724138, 99.47698744769873, 99.57983193277312, 99.67637540453075, 99.68017057569296, 99.7872340425532, 99.66887417218543, 99.672131147541, 99.78700745473908, 99.68253968253968, 99.78609625668449, 99.57492029755579, 99.78791092258749, 99.89384288747345, 99.7872340425532, 99.78609625668449, 99.68186638388123, 99.7872340425532, 99.68186638388123, 99.7872340425532, 99.78791092258749, 99.78700745473908, 99.7874601487779, 99.68051118210862, 99.36775553213909, 99.89304812834224, 99.57671957671957, 99.57671957671957, 99.68253968253968, 99.7883597883598, 99.78791092258749, 99.68253968253968, 99.68186638388123, 99.89350372736953, 99.78609625668449, 99.56331877729258, 99.36775553213909, 99.4731296101159, 99.89395546129374, 99.89406779661016, 99.4731296101159, 99.89281886387997, 99.78021978021978, 99.6822033898305, 99.68085106382979, 99.6822033898305, 99.78632478632478, 99.89339019189765, 99.7883597883598, 99.8936170212766, 99.89339019189765, 99.57716701902748, 99.6822033898305, 99.57850368809274, 99.89384288747345, 99.68186638388123, 99.89327641408752, 99.7874601487779, 99.8931623931624, 99.89395546129374, 99.8936170212766, 99.57894736842105, 99.89327641408752, 99.89395546129374, 99.89373007438896, 99.68387776606956, 99.57716701902748, 99.89384288747345, 99.68387776606956], "recall": [0.0, 74.72222222222223, 84.72222222222221, 87.96296296296296, 87.31481481481481, 85.0, 88.24074074074075, 85.37037037037038, 85.55555555555556, 85.18518518518519, 86.01851851851852, 85.27777777777777, 88.33333333333333, 84.72222222222221, 88.42592592592592, 88.70370370370371, 85.0925925925926, 84.07407407407408, 84.16666666666667, 82.96296296296296, 88.61111111111111, 83.42592592592592, 83.51851851851852, 87.96296296296296, 88.61111111111111, 87.5, 87.87037037037037, 86.94444444444444, 86.85185185185185, 85.83333333333333, 87.77777777777777, 85.55555555555556, 88.05555555555556, 87.77777777777777, 85.55555555555556, 86.57407407407408, 86.85185185185185, 83.61111111111111, 84.44444444444444, 86.75925925925925, 87.22222222222223, 86.38888888888889, 86.75925925925925, 87.12962962962963, 87.12962962962963, 86.85185185185185, 86.38888888888889, 87.03703703703704, 86.85185185185185, 87.03703703703704, 86.85185185185185, 87.12962962962963, 86.75925925925925, 86.94444444444444, 86.66666666666667, 87.31481481481481, 86.48148148148148, 87.12962962962963, 87.12962962962963, 87.22222222222223, 87.31481481481481, 87.12962962962963, 87.22222222222223, 87.03703703703704, 86.85185185185185, 86.38888888888889, 84.44444444444444, 87.31481481481481, 87.4074074074074, 87.22222222222223, 87.31481481481481, 87.4074074074074, 86.29629629629629, 84.07407407407408, 87.12962962962963, 86.75925925925925, 87.12962962962963, 86.48148148148148, 86.75925925925925, 87.31481481481481, 86.94444444444444, 86.75925925925925, 87.22222222222223, 87.12962962962963, 87.5, 87.12962962962963, 87.03703703703704, 86.66666666666667, 86.94444444444444, 86.57407407407408, 87.22222222222223, 86.94444444444444, 87.5925925925926, 86.66666666666667, 87.22222222222223, 87.03703703703704, 87.5925925925926, 87.22222222222223, 87.12962962962963, 87.5925925925926],