{"loss": [0.4884108603000641, 0.6429956555366516, 0.5432069102923075, 0.7857734163602194, 0.6268613338470459, 0.7314039071400961, 0.643370509147644, 0.5846712787946066, 0.4100576440493266, 0.7158720890680949, 0.47795947392781574, 0.5721516410509745, 0.5195917884508768, 0.5910745859146118, 0.6057712435722351, 0.6441887815793356, 0.3932613531748454, 0.30001236995061237, 0.2456142157316208, 0.45987271269162494, 0.3883935610453288, 0.37827760974566144, 0.33589665095011395, 0.3024282654126485, 0.35859261949857074, 0.2869543532530467, 0.36415474613507587, 0.28262046972910565, 0.23203211029370627, 0.2779723008473714, 0.334828515847524, 0.26648927728335065, 0.20395771662394205, 0.25572006901105243, 0.40456687410672504, 0.2840201258659363, 0.20191112657388052, 0.15548411011695862, 0.2948022981484731, 0.24320756395657858, 0.21221816539764404, 0.2168695479631424, 0.27552935977776843, 0.24172097941239676, 0.318498561779658, 0.2416847199201584, 0.23603771130243936, 0.22779569526513418, 0.21958759923775992, 0.19057288269201914, 0.2505426158507665, 0.19313320020834604, 0.27334145704905194, 0.23170880476633707, 0.20947723587354025, 0.2194118599096934, 0.21563350160916647, 0.2638609806696574, 0.24193949004014334, 0.1987020174662272, 0.21487577259540558, 0.28190262118975323, 0.24790714184443155, 0.24960642556349436, 0.19356801609198251, 0.20928862690925598, 0.22297323246796927, 0.17967869838078818, 0.16216391821702322, 0.207012007633845, 0.19855685035387674, 0.18806113302707672, 0.2050882230202357, 0.1927804301182429, 0.17532109717528024, 0.17909570535024008, 0.20534959435462952, 0.1892064909140269, 0.15788746873537698, 0.17887124915917715, 0.1717959294716517, 0.14992539584636688, 0.17388776938120523, 0.14069760839144388, 0.1421088526646296, 0.12278577188650767, 0.1541813164949417, 0.13898629198471704, 0.13419310500224432, 0.13779630760351816, 0.12938505907853445, 0.14309007922808328, 0.12921390434106192, 0.13733273247877756, 0.12652729700009027, 0.14261145641406378, 0.11947213610013326, 0.12473583966493607, 0.11606364448865254, 0.10987712194522221], "accuracy": [81.66354822248682, 70.60724613029427, 70.01190678686852, 63.92243578839939, 67.2903555026365, 66.49089981289335, 69.38254805238986, 69.65470318081306, 71.25361456029937, 69.73975165844531, 71.52576968872258, 70.30107161081817, 71.20258547372002, 71.01547882292907, 71.15155638714067, 71.11753699608776, 71.33866303793162, 71.54277938424902, 96.51301241707773, 71.35567273345806, 70.96444973634972, 70.91342064977037, 70.93043034529681, 95.79860520496683, 70.89641095424392, 95.79860520496683, 70.65827521687362, 95.39037251233204, 95.22027555706752, 95.06718829732948, 70.33509100187106, 95.16924647048818, 95.40738220785848, 94.81204286443273, 68.75318931791121, 94.04660656574248, 95.11821738390883, 95.20326586154108, 91.49515223677496, 93.46827691784317, 93.58734478652832, 92.94097635652322, 90.13437659465896, 90.81476441571697, 89.0287463854397, 92.19254975335942, 92.46470488178262, 93.00901513862902, 93.23014118047287, 94.52287804048308, 92.37965640415037, 93.45126722231672, 90.86579350229631, 93.14509270284061, 94.55689743153597, 93.62136417758123, 93.65538356863412, 92.27759823099167, 92.24357883993876, 94.47184895390373, 93.58734478652832, 92.03946249362136, 90.79775472019051, 92.53274366388841, 93.79146113284573, 93.68940295968702, 93.04303452968192, 94.50586834495662, 95.69654703180814, 94.06361626126892, 94.88008164653853, 95.16924647048818, 93.38322844021091, 93.46827691784317, 94.77802347337983, 94.47184895390373, 93.80847082837217, 95.28831433917333, 94.42081986732437, 94.36979078074502, 95.39037251233204, 95.15223677496172, 93.19612178941998, 95.76458581391392, 95.49243068549073, 95.49243068549073, 94.99914951522368, 94.99914951522368, 96.54703180813064, 95.64551794522878, 95.50944038101719, 95.73056642286103, 95.88365368259907, 95.93468276917844, 96.93825480523898, 94.93111073311788, 96.01973124681068, 95.44140159891138, 97.34648749787378, 97.78873958156149], "precision": [100.0, 37.66184310738766, 37.65811348030358, 33.6166194523135, 35.70701932858596, 35.294117647058826, 37.39495798319328, 37.605633802816904, 38.74538745387454, 37.68064857243567, 39.120879120879124, 38.132573057733424, 38.834244080145716, 38.68745467730239, 38.800000000000004, 38.7718023255814, 38.931577021588, 38.924168845722825, 91.3907284768212, 38.96198830409357, 38.62068965517241, 38.58695652173913, 38.59267319550236, 86.50306748466258, 38.56469735411381, 86.50306748466258, 38.36999639379733, 86.54019873532069, 85.76544315129811, 85.07992895204262, 37.82991202346041, 85.47237076648841, 86.81818181818181, 83.84279475982532, 36.64902998236332, 80.67226890756302, 85.30721282279609, 86.01083032490975, 71.64179104477611, 78.33876221498372, 82.3963133640553, 79.60819234194123, 69.40993788819875, 71.6, 65.9808963997061, 76.56116338751069, 77.8652668416448, 80.10801080108011, 81.0, 87.22986247544205, 77.28842832469776, 81.96872125114996, 71.84231697506034, 80.63348416289593, 87.92415169660678, 82.66913809082483, 83.06828811973807, 76.75213675213676, 77.0363951473137, 87.11897738446412, 82.51618871415356, 75.88832487309645, 71.61186848436247, 77.74891774891775, 83.56807511737088, 83.0999066293184, 80.14375561545373, 87.14425907752698, 94.03620873269436, 85.0431447746884, 84.13672217353198, 90.4471544715447, 81.38056312443234, 81.86813186813187, 88.84422110552764, 87.11897738446412, 83.58348968105066, 91.09518935516888, 86.43410852713178, 86.04427333974975, 86.54019873532069, 90.35532994923858, 80.52064631956912, 93.8753959873284, 92.05366357069144, 91.88078108941419, 84.77876106194691, 89.14342629482071, 92.44917715392062, 93.09623430962343, 92.32365145228216, 93.95546129374337, 95.24838012958963, 94.87726787620065, 95.27162977867204, 84.91071428571428, 95.58189655172413, 91.68377823408625, 94.16826003824092, 97.12301587301587], "recall": [0.1851851851851852, 91.57407407407408, 96.48148148148148, 98.88888888888889, 97.5, 98.88888888888889, 98.88888888888889, 98.88888888888889, 97.22222222222221, 98.98148148148148, 98.88888888888889, 99.07407407407408, 98.70370370370371, 98.79629629629629, 98.79629629629629, 98.79629629629629, 98.51851851851852, 96.48148148148148, 89.44444444444444, 98.70370370370371, 98.51851851851852, 98.61111111111111, 98.51851851851852, 91.38888888888889, 98.51851851851852, 91.38888888888889, 98.51851851851852, 88.70370370370371, 88.70370370370371, 88.70370370370371, 95.55555555555556, 88.79629629629629, 88.42592592592592, 88.88888888888889, 96.2037037037037, 88.88888888888889, 88.70370370370371, 88.24074074074075, 88.88888888888889, 89.07407407407408, 82.77777777777777, 82.77777777777777, 82.77777777777777, 82.87037037037037, 83.14814814814815, 82.87037037037037, 82.4074074074074, 82.4074074074074, 82.5, 82.22222222222221, 82.87037037037037, 82.5, 82.68518518518519, 82.5, 81.57407407407408, 82.5925925925926, 82.22222222222221, 83.14814814814815, 82.31481481481482, 82.03703703703704, 82.5925925925926, 83.05555555555556, 82.68518518518519, 83.14814814814815, 82.4074074074074, 82.4074074074074, 82.5925925925926, 82.22222222222221, 81.75925925925925, 82.12962962962963, 88.88888888888889, 82.4074074074074, 82.96296296296296, 82.77777777777777, 81.85185185185185, 82.03703703703704, 82.5, 82.4074074074074, 82.5925925925926, 82.77777777777777, 88.70370370370371, 82.4074074074074, 83.05555555555556, 82.31481481481482, 82.5925925925926, 82.77777777777777, 88.70370370370371, 82.87037037037037, 88.42592592592592, 82.4074074074074, 82.4074074074074, 82.03703703703704, 81.66666666666667, 82.31481481481482, 87.68518518518519, 88.05555555555556, 82.12962962962963, 82.68518518518519, 91.20370370370371, 90.64814814814814],