{"loss": [0.5925189793109894, 0.6962814807891846, 0.8595111310482025, 0.4849693089723587, 0.48800323307514193, 0.5288280040025711, 0.6532712459564209, 0.7059580504894256, 0.8730290949344635, 0.686430561542511, 0.5773830354213715, 0.5672632098197937, 0.5793154060840606, 0.4549371153116226, 0.3255877196788788, 0.15375947803258896, 0.2601636782288551, 0.11074340492486953, 0.20332508236169816, 0.20198533684015274, 0.09056485816836357, 0.08090012595057487, 0.3344967544078827, 0.24664224088191986, 0.22675514370203018, 0.08527875617146492, 0.09019528776407242, 0.1684037446975708, 0.08912473544478416, 0.17166496366262435, 0.04505107328295708, 0.3939863324165344, 0.1844858333468437, 0.8233278274536133, 0.22884442210197448, 0.6578051388263703, 0.1687009498476982, 0.7483487248420715, 0.36991324424743655, 0.2791192352771759, 0.066826032102108, 0.1154703177511692, 0.02157947886735201, 0.19349052757024765, 0.024362624250352384, 0.2121170923113823, 0.029925636388361453, 0.34214645624160767, 0.22316982746124267, 0.07886683642864227, 0.10606163740158081, 0.03348824754357338, 0.1858641102910042, 0.031427473202347754, 0.14371059834957123, 0.05992743745446205, 0.040374533459544185, 0.06653949469327927, 0.07365663796663284, 0.06194683127105236, 0.04480067454278469, 0.038225650601089, 0.037661805748939514, 0.06537103541195392, 0.0827786885201931, 0.022112847678363322, 0.03788920603692532, 0.0476652916520834, 0.03508488386869431, 0.07914941236376763, 0.09821949005126954, 0.018963569775223732, 0.03445329796522856, 0.020337451621890067, 0.042099812626838685, 0.02178038116544485, 0.020350533444434403, 0.09750241413712502, 0.06565282642841339, 0.015394589677453042, 0.020026431325823067, 0.01765767503529787, 0.035547242313623426, 0.03769439086318016, 0.016219767555594445, 0.01569261625409126, 0.016792007628828286, 0.1680610880255699, 0.020822600089013578, 0.015730715356767178, 0.05593100115656853, 0.018417891394346953, 0.027885165065526962, 0.030439019203186035, 0.023903770931065084, 0.01948326164856553, 0.015068631153553724, 0.01617850037291646, 0.01677467068657279, 0.015896260272711515], "accuracy": [66.55208333333333, 67.25, 68.84895833333333, 68.78125, 68.80729166666667, 68.96354166666667, 69.375, 69.015625, 69.01041666666667, 69.40625, 69.421875, 69.21354166666667, 69.26041666666667, 69.21875, 96.19270833333333, 95.45833333333333, 96.47395833333333, 94.53645833333333, 96.61979166666667, 96.86458333333333, 95.421875, 94.203125, 69.59375, 97.015625, 97.109375, 95.609375, 96.46354166666667, 96.6875, 96.51041666666667, 97.21354166666667, 96.44791666666667, 69.77604166666667, 96.41145833333333, 69.72395833333333, 97.03645833333333, 69.83333333333333, 97.55729166666667, 70.328125, 70.17708333333333, 97.921875, 97.85416666666667, 97.79166666666667, 97.47395833333333, 97.99479166666667, 97.36979166666667, 98.21875, 96.33854166666667, 69.88020833333333, 98.015625, 97.828125, 97.28645833333333, 98.1875, 98.25, 98.234375, 97.80729166666667, 98.22916666666667, 98.16666666666667, 98.24479166666667, 98.16666666666667, 98.21875, 98.20833333333333, 98.07291666666667, 98.20833333333333, 98.13020833333333, 98.140625, 98.265625, 97.96875, 98.078125, 97.73958333333333, 98.125, 98.01041666666667, 98.14583333333333, 98.17708333333333, 98.09895833333333, 98.1875, 98.03645833333333, 98.24479166666667, 98.30729166666667, 98.11458333333333, 98.34895833333333, 98.33854166666667, 98.34375, 98.359375, 98.19270833333333, 97.52083333333333, 98.09895833333333, 98.30729166666667, 97.59375, 97.55208333333333, 98.3125, 98.20833333333333, 97.83333333333333, 98.40104166666667, 98.328125, 97.84375, 97.8125, 98.33854166666667, 97.26041666666667, 97.20833333333333, 97.51041666666667], "precision": [16.552748885586922, 21.72449508026929, 23.516368853528107, 22.723620782003216, 22.577166734061194, 22.859830667920978, 23.148901545972336, 23.07178184734661, 23.118996798292425, 23.341423948220065, 23.286004056795132, 22.570446735395187, 22.54550468836183, 22.459966869133076, 86.99439950217797, 84.70198675496688, 86.97204045211184, 82.23538119911177, 86.71288272674754, 86.65183537263627, 86.07068607068608, 81.59749412685983, 23.310626702997276, 86.86371100164205, 87.03201302224633, 86.50847457627118, 88.46869187848729, 88.72135102533173, 87.87878787878788, 89.59405374499714, 88.4472049689441, 23.559852921149393, 85.1915380217267, 23.570943652410048, 88.57795545402627, 23.75982651124966, 96.35782747603834, 23.561528769424612, 23.234880450070325, 97.26538222498446, 97.96437659033079, 99.14586070959264, 99.11019849418207, 98.30081812460666, 98.35953520164047, 99.12826899128268, 98.25535289452814, 22.339968494916228, 98.00374298190893, 97.83577339274348, 89.2756878158338, 97.8102189781022, 98.94932014833128, 98.88682745825604, 93.09948246118459, 98.88613861386139, 97.92176039119805, 98.17407181984176, 97.00239808153476, 97.93438639125152, 98.16625916870416, 97.8395061728395, 97.93187347931874, 98.68995633187772, 97.7397678680513, 98.95126465144972, 98.85057471264368, 98.62068965517241, 99.27055702917772, 97.44525547445255, 99.3581514762516, 99.24433249370277, 99.30904522613065, 99.17773561037319, 98.75930521091811, 98.67507886435331, 98.23278488726388, 99.13739987677141, 99.42893401015228, 99.50586781964176, 99.32224276032039, 99.2619926199262, 99.02260232131948, 98.88129272840274, 99.45205479452055, 98.68503443957421, 98.95641497851443, 94.5054945054945, 99.31972789115646, 99.32014833127317, 99.18851435705368, 99.21465968586386, 99.26695174098961, 99.32140653917335, 94.92840095465394, 99.2772667542707, 99.02020820575628, 99.36260623229461, 99.35805991440799, 99.38356164383562], "recall": [58.020833333333336, 87.39583333333333, 93.90625, 88.38541666666667, 87.23958333333334, 88.59375, 88.90625, 89.89583333333333, 90.26041666666667, 90.15625, 89.6875, 85.52083333333333, 85.15625, 84.73958333333333, 72.8125, 66.61458333333333, 76.14583333333333, 57.86458333333333, 78.17708333333333, 81.14583333333333, 64.6875, 54.270833333333336, 89.11458333333333, 82.65625, 83.54166666666667, 66.45833333333333, 74.32291666666667, 76.61458333333333, 75.52083333333334, 81.61458333333333, 74.16666666666667, 90.10416666666666, 77.60416666666666, 90.41666666666667, 80.78125, 91.30208333333333, 78.54166666666667, 87.65625, 86.04166666666667, 81.51041666666666, 80.20833333333334, 78.59375, 75.41666666666667, 81.35416666666667, 74.94791666666667, 82.91666666666667, 64.53125, 81.25, 81.82291666666667, 80.05208333333333, 82.8125, 83.75, 83.38541666666667, 83.28125, 84.32291666666667, 83.22916666666667, 83.4375, 84.01041666666667, 84.27083333333333, 83.95833333333333, 83.64583333333333, 82.55208333333334, 83.85416666666666, 82.39583333333333, 83.33333333333334, 83.54166666666667, 80.625, 81.92708333333333, 77.96875, 83.4375, 80.625, 82.08333333333333, 82.34375, 81.66666666666667, 82.91666666666667, 81.45833333333333, 83.95833333333333, 83.80208333333333, 81.61458333333333, 83.90625, 83.95833333333333, 84.0625, 84.42708333333333, 82.86458333333333, 75.625, 82.08333333333333, 83.95833333333333, 80.625, 76.04166666666666, 83.69791666666667, 82.76041666666667, 78.95833333333333, 84.63541666666666, 83.85416666666666, 82.86458333333333, 78.69791666666667, 84.21875, 73.07291666666667, 72.55208333333333, 75.57291666666667],