{"loss": [0.647300640741984, 0.5698023041089376, 0.6121596892674764, 0.6228521863619486, 0.39843083421389264, 0.37977075576782227, 0.34481515487035114, 0.2999524076779683, 0.3271886209646861, 0.4074489672978719, 0.3391529321670532, 0.4125966429710388, 0.39689065019289654, 0.3541887203852336, 0.4038221836090088, 0.259411762158076, 0.3336639901002248, 0.28222498297691345, 0.21299664676189423, 0.18236432472864786, 0.1683759242296219, 0.15576872726281485, 0.13720822830994925, 0.22100022931893668, 0.1230322594443957, 0.11748575667540233, 0.10532464335362117, 0.10593744119008382, 0.10641154150168101, 0.12088437875111897, 0.09793274352947871, 0.07587907214959462, 0.08852275957663854, 0.10710243135690689, 0.09813470641771953, 0.12218502908945084, 0.10438209523757298, 0.10056820263465245, 0.11636464297771454, 0.11040246486663818, 0.10949096828699112, 0.10514780630668004, 0.09972084561983745, 0.0977884257833163, 0.09016700088977814, 0.09001238644123077, 0.10037005692720413, 0.07168987145026524, 0.0883634090423584, 0.07890185465415318, 0.08299011985460918, 0.06796229630708694, 0.0733746662735939, 0.07093785206476848, 0.07118799537420273, 0.06688173860311508, 0.07045315702756245, 0.0649554394185543, 0.06266455476482709, 0.0695855642358462, 0.0703748216231664, 0.060811400413513184, 0.06459272156159084, 0.06758742779493332, 0.06986994296312332, 0.0700176606575648, 0.07221000144879024, 0.07054788867632548, 0.074153371155262, 0.05587329467137655, 0.07427257299423218, 0.07584811995426814, 0.05671257649858793, 0.06270820647478104, 0.05753848080833753, 0.07076823711395264, 0.05400161941846212, 0.06544164568185806, 0.04755157480637232, 0.054148939748605095, 0.06871084868907928, 0.06326952576637268, 0.06513049826025963, 0.052404953787724175, 0.06674602751930554, 0.059861984103918076, 0.06536029030879338, 0.05331853280464808, 0.04354621842503548, 0.04236434896787008, 0.05700277412931124, 0.050823421527942024, 0.08773862322171529, 0.05190388237436613, 0.048105254769325256, 0.04941844567656517, 0.04693529009819031, 0.0453462948401769, 0.04740647474924723, 0.04049296677112579], "accuracy": [81.62952883143392, 18.370471168566084, 67.5965300221126, 69.2294607926518, 69.85881952713046, 69.85881952713046, 70.06293587344787, 70.13097465555367, 70.01190678686852, 70.19901343765946, 70.31808130634461, 71.08351760503487, 70.55621704371492, 70.06293587344787, 90.8998128933492, 96.41095424391904, 95.62850824970234, 95.73056642286103, 96.81918693655383, 96.13879911549583, 96.27487667970743, 96.17281850654874, 96.01973124681068, 96.47899302602484, 95.84963429154618, 96.27487667970743, 95.69654703180814, 95.98571185575778, 96.05375063786359, 95.61149855417588, 95.86664398707264, 94.64194590916823, 94.84606225548562, 93.97856778363668, 92.85592787889097, 92.14152066678007, 94.13165504337472, 92.44769518625617, 92.83891818336451, 92.88994726994387, 92.87293757441742, 92.97499574757612, 93.04303452968192, 93.06004422520837, 93.07705392073481, 93.17911209389352, 94.25072291205987, 94.02959687021603, 93.60435448205477, 93.99557747916312, 95.44140159891138, 93.62136417758123, 94.43782956285082, 94.38680047627147, 94.50586834495662, 94.36979078074502, 94.45483925837728, 94.91410103759142, 94.45483925837728, 94.69297499574758, 94.98213981969722, 95.15223677496172, 94.81204286443273, 94.35278108521858, 94.70998469127403, 94.48885864943017, 94.67596530022112, 94.93111073311788, 94.64194590916823, 94.69297499574758, 94.35278108521858, 96.81918693655383, 94.42081986732437, 95.56046946759653, 95.06718829732948, 96.07076033339003, 96.85320632760674, 95.74757611838749, 96.95526450076544, 95.76458581391392, 94.96513012417078, 95.16924647048818, 95.22027555706752, 96.32590576628678, 94.43782956285082, 96.13879911549583, 96.88722571865964, 95.91767307365198, 96.37693485286613, 95.81561490049329, 96.83619663208029, 95.61149855417588, 95.88365368259907, 96.92124510971253, 95.73056642286103, 95.56046946759653, 96.75114815444803, 95.73056642286103, 96.78516754550094, 97.09134206497704], "precision": [0.0, 18.359707333673644, 33.81718320910161, 36.21928166351607, 36.94339622641509, 37.118391660461654, 37.30395817774458, 37.369207772795214, 37.33778272154245, 37.610619469026545, 37.73515308004426, 38.75181422351234, 38.236357065413806, 37.90896159317212, 69.23076923076923, 89.60802187784867, 85.93886462882097, 87.0420017873101, 92.72727272727272, 89.82259570494865, 89.89805375347544, 89.84156570363467, 89.83050847457628, 92.50243427458618, 92.7402862985685, 92.41379310344827, 92.93873312564901, 93.32648870636551, 93.17718940936864, 93.08176100628931, 93.27817993795243, 93.1228861330327, 92.92817679558011, 92.6056338028169, 92.5257731958763, 91.869918699187, 92.88214702450408, 92.17506631299734, 92.6261319534282, 92.65463917525774, 92.53539253539253, 92.70166453265045, 92.84802043422732, 92.96675191815856, 92.75730622617534, 92.70440251572327, 93.3411214953271, 93.13609467455622, 93.03178484107579, 99.05533063427801, 93.93939393939394, 93.14565483476133, 93.52601156069365, 93.6046511627907, 93.55581127733026, 93.4959349593496, 93.53348729792148, 93.72900335946248, 93.53348729792148, 93.63636363636364, 93.65962180200222, 93.72937293729373, 93.58830146231722, 93.58974358974359, 93.64358683314416, 93.54838709677419, 93.82857142857142, 93.93258426966293, 93.81443298969072, 93.83561643835617, 93.69158878504673, 94.51645064805582, 93.72093023255815, 94.1747572815534, 94.08482142857143, 94.26485922836288, 94.35084241823589, 94.14893617021278, 94.47186574531095, 94.15515409139213, 93.94618834080718, 94.02654867256636, 94.04630650496141, 94.44444444444444, 93.83003492433062, 94.28868120456906, 94.5382323733863, 94.21052631578948, 94.37052200614124, 94.17372881355932, 94.61077844311377, 94.09871244635193, 94.19831223628692, 94.63753723932473, 94.23692636072573, 99.39686369119421, 94.67336683417086, 94.14270500532481, 94.5945945945946, 99.56379498364231], "recall": [0.0, 99.9074074074074, 79.81481481481481, 88.70370370370371, 90.64814814814814, 92.31481481481481, 92.5, 92.5925925925926, 93.24074074074075, 94.44444444444444, 94.72222222222221, 98.88888888888889, 97.96296296296296, 98.70370370370371, 90.83333333333333, 91.01851851851852, 91.11111111111111, 90.18518518518519, 89.72222222222223, 89.07407407407408, 89.81481481481481, 89.25925925925927, 88.33333333333333, 87.96296296296296, 83.98148148148148, 86.85185185185185, 82.87037037037037, 84.16666666666667, 84.72222222222221, 82.22222222222221, 83.51851851851852, 76.48148148148148, 77.87037037037037, 73.05555555555556, 66.48148148148148, 62.77777777777778, 73.70370370370371, 64.35185185185185, 66.2962962962963, 66.57407407407408, 66.57407407407408, 67.03703703703704, 67.31481481481481, 67.31481481481481, 67.5925925925926, 68.24074074074075, 73.98148148148148, 72.87037037037038, 70.46296296296296, 67.96296296296296, 80.37037037037037, 70.46296296296296, 74.9074074074074, 74.53703703703704, 75.27777777777777, 74.53703703703704, 75.0, 77.5, 75.0, 76.29629629629629, 77.96296296296296, 78.88888888888889, 77.03703703703704, 74.35185185185185, 76.38888888888889, 75.18518518518519, 76.01851851851852, 77.4074074074074, 75.83333333333333, 76.11111111111111, 74.25925925925925, 87.77777777777777, 74.62962962962963, 80.83333333333333, 78.05555555555556, 83.7037037037037, 88.14814814814815, 81.94444444444444, 88.61111111111111, 82.03703703703704, 77.5925925925926, 78.70370370370371, 78.98148148148148, 85.0, 74.62962962962963, 84.07407407407408, 88.14814814814815, 82.87037037037037, 85.37037037037038, 82.31481481481482, 87.77777777777777, 81.2037037037037, 82.68518518518519, 88.24074074074075, 81.75925925925925, 76.29629629629629, 87.22222222222223, 81.85185185185185, 87.5, 84.53703703703704],