{"loss": [0.4715349276860555, 1.4233282804489136, 0.6105426549911499, 0.5026745498180389, 0.4039933780829112, 0.3713374634583791, 0.33366648356119794, 0.20352047185103098, 0.18540712694327036, 0.14036880433559418, 0.13250074038902918, 0.1320110484957695, 0.15338637928167978, 0.13340827822685242, 0.1452698955933253, 0.13975641628106436, 0.18447152773539224, 0.1488237331310908, 0.18190279603004456, 0.19323009252548218, 0.19275889794031778, 0.3340935210386912, 0.15429317951202393, 0.16414580742518106, 0.11129000782966614, 0.24190711478392282, 0.14680213232835135, 0.3135574758052826, 0.12816708534955978, 0.1550416350364685, 0.3653812309106191, 0.10953812052806218, 0.10952186336119969, 0.23619012037913004, 0.14085879921913147, 0.1154171625773112, 0.21384462217489877, 0.13282540440559387, 0.2904706299304962, 0.09224475423494975, 0.24549194176991782, 0.13699237753947577, 0.3181366225083669, 0.09484463930130005, 0.09011625001827876, 0.6925741831461588, 0.10338817785183589, 0.09423575053612392, 0.2618896961212158, 0.16157475610574087, 0.10224257906277974, 0.37477078040440875, 0.10114122927188873, 0.11548544963200887, 0.2189187010129293, 0.11523992319901784, 0.09999241183201472, 0.7877716620763143, 0.18311081329981485, 0.15084355076154074, 0.2824390232563019, 0.15791908899943033, 0.10655605296293895, 0.15152024726072946, 0.0928654099504153, 0.4631372094154358, 0.09723115712404251, 0.10135856519142787, 0.220103586713473, 0.10647275298833847, 0.10914115856091182, 0.08326913664738338, 0.3603030741214752, 0.08235662182172139, 0.09120602657397588, 0.09958768387635548, 0.086093969643116, 0.09874619046847026, 0.13653133312861124, 0.17890885969003043, 0.08265318969885509, 0.09669044365485509, 0.1215625951687495, 0.08876025925079982, 0.18000336984793344, 0.08462342619895935, 0.12157962222894032, 0.08122500528891881, 0.11047977705796559, 0.09614825248718262, 0.08657432347536087, 0.14950284361839294, 0.08051655689875285, 0.08498623470465343, 0.24854535361131033, 0.07984295735756557, 0.14530804256598154, 0.08561152219772339, 0.1563970446586609, 0.08439291765292485], "accuracy": [81.62952883143392, 43.11957815955095, 70.67528491240007, 70.62425582582071, 70.57322673924136, 70.65827521687362, 71.03248851845552, 95.91767307365198, 95.81561490049329, 95.10120768838237, 94.91410103759142, 95.81561490049329, 95.56046946759653, 94.77802347337983, 95.81561490049329, 95.71355672733458, 95.62850824970234, 95.91767307365198, 95.95169246470488, 95.86664398707264, 95.91767307365198, 70.76033339003232, 96.10477972444293, 96.12178941996939, 96.44497363497193, 96.44497363497193, 96.44497363497193, 71.47474060214323, 96.37693485286613, 96.32590576628678, 71.45773090661677, 96.70011906786868, 96.46198333049838, 96.30889607076033, 96.53002211260419, 96.66609967681579, 97.278448715768, 96.64908998128934, 71.76390542609288, 97.02330328287124, 71.86596359925157, 96.97227419629189, 71.98503146793672, 96.87021602313318, 97.68668140840279, 72.15512842320122, 96.87021602313318, 97.43153597550604, 71.89998299030448, 96.80217724102738, 97.05732267392413, 72.54635142030958, 96.81918693655383, 97.48256506208538, 97.56761353971764, 97.48256506208538, 97.48256506208538, 72.61439020241538, 96.97227419629189, 97.48256506208538, 72.68242898452118, 97.61864262629699, 97.72070079945568, 97.78873958156149, 97.78873958156149, 72.75046776662698, 97.19340023813574, 97.73771049498214, 97.68668140840279, 97.68668140840279, 97.75472019050859, 97.80574927708794, 72.73345807110053, 97.85677836366729, 97.70369110392924, 97.77172988603505, 97.75472019050859, 97.80574927708794, 97.87378805919374, 97.83976866814083, 97.8227589726144, 97.80574927708794, 97.85677836366729, 97.83976866814083, 97.12536145602994, 97.78873958156149, 97.80574927708794, 97.99285592787889, 97.78873958156149, 97.8227589726144, 97.80574927708794, 97.78873958156149, 97.80574927708794, 97.8227589726144, 72.86953563531213, 97.78873958156149, 97.77172988603505, 97.8227589726144, 97.73771049498214, 97.80574927708794], "precision": [0.0, 23.844731977818853, 37.75665399239544, 37.76937618147448, 37.75433308214017, 37.97090637821709, 38.53514906146485, 88.67403314917127, 88.04744525547446, 90.32586558044807, 90.71949947862356, 90.96267190569745, 89.48891031822566, 90.72708113804005, 89.11819887429644, 86.57243816254417, 85.68950563746748, 87.36654804270462, 86.86514886164623, 86.6783523225241, 86.77758318739053, 38.51132686084142, 87.55516328331862, 87.63250883392226, 89.91750687442713, 89.26961226330027, 89.41176470588236, 39.05390539053906, 89.51686417502279, 89.27272727272727, 39.04761904761905, 91.09461966604823, 89.85374771480804, 88.83888388838884, 89.7459165154265, 90.85027726432531, 94.06130268199234, 90.46746104491292, 39.25925925925926, 92.80983916745507, 39.40177252584934, 92.22846441947566, 39.51940850277264, 91.94756554307116, 96.6403162055336, 39.6429899590926, 91.94756554307116, 94.96611810261375, 39.43089430894309, 91.2962962962963, 92.98578199052133, 39.954853273137694, 91.69000933706816, 94.89402697495183, 94.83253588516747, 95.06769825918762, 95.06769825918762, 40.060015003750934, 91.68207024029574, 94.89402697495183, 40.105342362678705, 95.27938342967245, 95.83333333333334, 96.20622568093385, 96.20622568093385, 40.18058690744921, 92.79700654817586, 96.28543499511241, 95.64796905222437, 95.64796905222437, 96.01941747572815, 96.20991253644316, 40.172867343104095, 96.49122807017544, 95.65217391304348, 96.02327837051406, 95.93023255813954, 96.20991253644316, 96.40427599611273, 96.2172647914646, 96.39376218323586, 96.29990262901656, 96.31067961165049, 96.39727361246348, 92.37209302325581, 96.20622568093385, 96.12027158098934, 97.43589743589743, 96.20622568093385, 96.3035019455253, 96.29990262901656, 96.29629629629629, 96.39024390243902, 96.484375, 40.26465028355388, 96.29629629629629, 96.20253164556962, 96.3035019455253, 96.01554907677357, 96.39024390243902], "recall": [0.0, 95.55555555555556, 91.94444444444444, 92.5, 92.77777777777779, 94.25925925925925, 96.94444444444444, 89.16666666666667, 89.35185185185185, 82.12962962962963, 80.55555555555556, 85.74074074074073, 85.92592592592592, 79.72222222222223, 87.96296296296296, 90.74074074074075, 91.48148148148148, 90.92592592592592, 91.85185185185185, 91.57407407407408, 91.75925925925927, 99.16666666666667, 91.85185185185185, 91.85185185185185, 90.83333333333333, 91.66666666666666, 91.48148148148148, 98.61111111111111, 90.92592592592592, 90.92592592592592, 98.70370370370371, 90.92592592592592, 91.01851851851852, 91.38888888888889, 91.57407407407408, 91.01851851851852, 90.92592592592592, 91.38888888888889, 98.14814814814815, 90.83333333333333, 98.79629629629629, 91.20370370370371, 98.98148148148148, 90.92592592592592, 90.55555555555556, 98.70370370370371, 90.92592592592592, 90.83333333333333, 98.79629629629629, 91.2962962962963, 90.83333333333333, 98.33333333333333, 90.92592592592592, 91.20370370370371, 91.75925925925927, 91.01851851851852, 91.01851851851852, 98.88888888888889, 91.85185185185185, 91.20370370370371, 98.70370370370371, 91.57407407407408, 91.57407407407408, 91.57407407407408, 91.57407407407408, 98.88888888888889, 91.85185185185185, 91.20370370370371, 91.57407407407408, 91.57407407407408, 91.57407407407408, 91.66666666666666, 98.98148148148148, 91.66666666666666, 91.66666666666666, 91.66666666666666, 91.66666666666666, 91.66666666666666, 91.85185185185185, 91.85185185185185, 91.57407407407408, 91.57407407407408, 91.85185185185185, 91.66666666666666, 91.94444444444444, 91.57407407407408, 91.75925925925927, 91.48148148148148, 91.57407407407408, 91.66666666666666, 91.57407407407408, 91.48148148148148, 91.48148148148148, 91.48148148148148, 98.61111111111111, 91.48148148148148, 91.48148148148148, 91.66666666666666, 91.48148148148148, 91.48148148148148],