{"loss": [0.6791966756184896, 0.5513978600502014, 0.6726279656092325, 0.7660925189654032, 0.9213005105654398, 0.7627922296524048, 0.6802631417910258, 0.6874253352483114, 0.7273228764533997, 0.4059254725774129, 0.5983380079269409, 0.36249316732088727, 0.5622483690579733, 0.39344534277915955, 0.4729936420917511, 0.49249833822250366, 0.3913260002930959, 0.4265018006165822, 0.5305448770523071, 0.3067905803521474, 0.3102315068244934, 0.3859689037005107, 0.28909267981847125, 0.36299044887224835, 0.357677827278773, 0.3078368504842122, 0.36731575926144916, 0.3021818200747172, 0.5777916312217712, 0.24658673504988352, 0.2927291790644328, 0.2929624815781911, 0.22070997456709543, 0.3867122729619344, 0.37572630246480304, 0.3342299262682597, 0.28938716650009155, 0.22994199891885123, 0.20902751882870993, 0.22835211952527365, 0.208046222726504, 0.33124550183614093, 0.18550113340218863, 0.2033176968495051, 0.2282341569662094, 0.19020038346449533, 0.18660394847393036, 0.18325436611970267, 0.24459736545880637, 0.185302863518397, 0.1947032262881597, 0.1825637420018514, 0.20130011439323425, 0.20333118240038553, 0.19333386421203613, 0.21133623520533243, 0.1835052172342936, 0.17829918364683786, 0.19643363853295645, 0.21090696255366007, 0.18338127434253693, 0.2215887854496638, 0.16930835445721945, 0.16763581335544586, 0.19331555565198263, 0.19780604541301727, 0.17704010009765625, 0.17763216296831766, 0.19080412884553274, 0.17617088556289673, 0.16091311474641165, 0.16942720115184784, 0.18663478394349417, 0.1897745281457901, 0.19877413411935171, 0.16704141100247702, 0.19886978467305502, 0.18781131009260812, 0.16827484468619028, 0.18540005882581076, 0.17209057013193765, 0.16322445372740427, 0.18827930092811584, 0.16516193747520447, 0.19336842993895212, 0.21287315090497336, 0.2032333811124166, 0.17254334688186646, 0.1682677020629247, 0.1779845009247462, 0.1992172747850418, 0.15309769908587137, 0.17972632745901743, 0.18314926822980246, 0.15593133866786957, 0.17601040502389273, 0.14962326486905417, 0.1545563538869222, 0.14443606634934744, 0.16210154195626578], "accuracy": [50.34869875829223, 66.15070590236435, 60.384419118897775, 59.82309916652492, 41.87787038612009, 64.29664908998129, 65.14713386630379, 64.34767817656063, 64.89198843340704, 87.83806769858819, 65.62340534104439, 90.1513862901854, 65.02806599761864, 89.94726994386801, 68.10682088790611, 65.8275216873618, 90.1513862901854, 89.3009015138629, 66.86511311447525, 90.50858989624086, 91.35907467256337, 90.25344446334411, 91.24000680387822, 91.20598741282531, 91.78431706072462, 92.90695696547031, 91.39309406361626, 93.07705392073481, 64.84095934682769, 93.19612178941998, 92.49872427283552, 92.80489879231162, 94.04660656574248, 81.37438339853716, 79.7924817145773, 87.54890287463854, 94.94812042864433, 94.76101377785338, 95.08419799285593, 95.06718829732948, 94.16567443442763, 94.09763565232183, 94.59091682258888, 94.02959687021603, 94.65895560469468, 94.79503316890627, 95.35635312127913, 95.61149855417588, 94.79503316890627, 95.57747916312297, 95.52645007654363, 95.35635312127913, 94.09763565232183, 95.08419799285593, 95.13522707943528, 94.09763565232183, 95.03316890627657, 95.06718829732948, 94.64194590916823, 94.74400408232692, 94.70998469127403, 94.91410103759142, 95.40738220785848, 94.98213981969722, 95.13522707943528, 94.96513012417078, 95.13522707943528, 95.01615921075013, 95.06718829732948, 95.40738220785848, 95.47542098996428, 95.39037251233204, 95.05017860180303, 95.01615921075013, 95.45841129443782, 95.56046946759653, 95.35635312127913, 94.93111073311788, 95.08419799285593, 94.74400408232692, 95.33934342575267, 94.94812042864433, 94.35278108521858, 95.11821738390883, 94.30175199863922, 94.09763565232183, 94.70998469127403, 94.74400408232692, 96.00272155128424, 95.28831433917333, 94.72699438680047, 95.62850824970234, 95.27130464364689, 94.72699438680047, 96.05375063786359, 95.71355672733458, 96.49600272155128, 96.25786698418098, 96.32590576628678, 96.22384759312808], "precision": [25.590655694186353, 33.60951008645533, 30.58750388560771, 30.252618607516947, 22.982658959537574, 30.838661150808576, 31.358214697960758, 30.988023952095805, 31.19266055045872, 65.80086580086581, 31.64260632071791, 74.20289855072464, 31.070597362296354, 73.76093294460642, 33.09230114844747, 31.603960396039604, 72.54725472547254, 69.49006050129645, 33.307692307692314, 76.68711656441718, 75.76576576576576, 73.19304666056725, 76.32805219012116, 75.6608933454877, 76.62801070472793, 78.50386930352536, 75.44326241134752, 79.4400699912511, 32.021857923497265, 83.73015873015873, 77.19148936170212, 77.2162386081193, 83.36380255941499, 49.602122015915114, 47.236438075742065, 61.55378486055777, 86.62301216089804, 87.1868978805395, 88.360814742968, 88.12741312741312, 88.02889576883385, 83.34849863512284, 89.77035490605428, 87.38461538461539, 87.2568093385214, 89.57055214723927, 91.38461538461539, 90.77380952380952, 91.25799573560768, 91.24748490945674, 90.2463054187192, 90.14925373134328, 90.76751946607341, 91.76346356916578, 92.50535331905782, 91.98167239404353, 92.36559139784947, 92.47311827956989, 91.35135135135135, 91.1419423692636, 91.56756756756756, 92.03444564047362, 92.45283018867924, 91.79978700745474, 92.87257019438445, 92.6086956521739, 90.9278350515464, 88.9990089197225, 89.5, 90.82661290322581, 91.8724279835391, 92.17935349322211, 90.88082901554404, 89.78766430738119, 93.10710498409331, 93.15068493150685, 92.33997901364114, 93.34811529933481, 93.22404371584699, 92.50275633958104, 93.33333333333333, 92.78688524590164, 92.5, 92.40641711229947, 92.66895761741122, 92.96600234466588, 93.34836527621195, 93.16909294512878, 93.69183040330921, 93.78407851690295, 93.55203619909503, 93.54497354497354, 93.21120689655173, 92.96875, 93.44262295081968, 93.39622641509435, 93.7, 93.78818737270875, 93.54838709677419, 93.77551020408164], "recall": [89.25925925925927, 86.38888888888889, 91.11111111111111, 90.92592592592592, 92.03703703703704, 75.92592592592592, 75.46296296296296, 76.66666666666667, 75.55555555555556, 70.37037037037037, 75.0925925925926, 71.11111111111111, 74.16666666666667, 70.27777777777777, 72.03703703703704, 73.88888888888889, 74.62962962962963, 74.44444444444444, 80.18518518518518, 69.44444444444444, 77.87037037037037, 74.07407407407408, 75.83333333333333, 76.85185185185185, 79.53703703703704, 84.53703703703704, 78.7962962962963, 84.07407407407408, 81.38888888888889, 78.14814814814814, 83.98148148148148, 86.29629629629629, 84.44444444444444, 86.57407407407408, 85.46296296296296, 85.83333333333333, 85.74074074074073, 83.79629629629629, 84.35185185185186, 84.53703703703704, 78.98148148148148, 84.81481481481481, 79.62962962962963, 78.88888888888889, 83.05555555555556, 81.11111111111111, 82.5, 84.72222222222221, 79.25925925925927, 83.98148148148148, 84.81481481481481, 83.88888888888889, 75.55555555555556, 80.46296296296296, 80.0, 74.35185185185185, 79.53703703703704, 79.62962962962963, 78.24074074074075, 79.07407407407408, 78.42592592592592, 79.16666666666666, 81.66666666666667, 79.81481481481481, 79.62962962962963, 78.88888888888889, 81.66666666666667, 83.14814814814815, 82.87037037037037, 83.42592592592592, 82.68518518518519, 81.85185185185185, 81.2037037037037, 82.22222222222221, 81.2962962962963, 81.85185185185185, 81.48148148148148, 77.96296296296296, 78.98148148148148, 77.68518518518519, 80.37037037037037, 78.61111111111111, 75.37037037037037, 80.0, 74.9074074074074, 73.42592592592592, 76.66666666666667, 77.03703703703704, 83.88888888888889, 79.62962962962963, 76.57407407407408, 81.85185185185185, 80.0925925925926, 77.12962962962962, 84.44444444444444, 82.5, 86.75925925925925, 85.27777777777777, 85.92592592592592, 85.0925925925926],