{"loss": [0.7709364593029022, 0.14798383712768554, 0.7725223302841187, 0.040123751014471055, 0.2224728137254715, 0.07855676487088203, 0.12890455052256583, 0.12235572040081025, 0.13977694511413574, 0.1199160248041153, 0.14629888385534287, 0.13391168490052224, 0.11297773644328117, 0.1026056207716465, 0.09825891926884651, 0.0856785386800766, 0.09022602215409278, 0.09192746356129647, 0.09816157221794128, 0.09821554496884347, 0.10596669018268585, 0.1033215843141079, 0.10580986365675926, 0.12434332445263863, 0.07535484284162522, 0.07058305032551289, 0.11753824427723884, 0.08524153754115105, 0.08863245099782943, 0.10551132559776306, 0.1160918690264225, 0.10656082630157471, 0.113392224162817, 0.11952687948942184, 0.09127300679683685, 0.1434358298778534, 0.16013863384723664, 0.12274368479847908, 0.19223628640174867, 0.20013656765222548, 0.17536953389644622, 0.3277764230966568, 0.22340881526470185, 0.21612193584442138, 0.22369177490472794, 0.18026537150144578, 0.1976475566625595, 0.36455133855342864, 0.20296026915311813, 0.13570721000432967, 0.19842766374349594, 0.2522547945380211, 0.2551086723804474, 0.14991405010223388, 0.25062810480594633, 0.1418117307126522, 0.20450658947229386, 0.26507827192544936, 0.15576347708702087, 0.2134941339492798, 0.18478659093379973, 0.22654305249452591, 0.12933267876505852, 0.32605583816766737, 0.07226581871509552, 0.19551164358854295, 0.21900380700826644, 0.14912357181310654, 0.13698750883340835, 0.11797385290265083, 0.14311680644750596, 0.201684108376503, 0.12924570068717003, 0.1609872452914715, 0.10746126621961594, 0.20177747160196305, 0.08718544766306877, 0.13151568099856376, 0.05678733587265015, 0.07623876370489598, 0.0846922867000103, 0.10336307883262634, 0.0845401007682085, 0.1326008327305317, 0.060021307319402695, 0.08099850714206695, 0.06577064730226993, 0.06564106196165084, 0.05991082414984703, 0.04920026548206806, 0.08346583619713784, 0.047522012144327164, 0.061228007450699805, 0.05806614719331264, 0.05784656256437302, 0.07141143158078193, 0.04537576325237751, 0.09568116292357445, 0.07556480579078198, 0.056193093210458754], "accuracy": [35.661458333333336, 90.28645833333333, 62.171875, 91.47916666666667, 95.96354166666667, 93.94791666666667, 94.55729166666667, 95.43229166666667, 94.5, 95.16145833333333, 94.56770833333333, 95.140625, 96.02604166666667, 96.015625, 96.00520833333333, 96.49479166666667, 95.984375, 96.640625, 96.359375, 96.4375, 95.69791666666667, 95.81770833333333, 95.74479166666667, 96.9375, 96.34375, 96.15625, 96.390625, 96.33333333333333, 96.42708333333333, 96.015625, 96.09375, 96.00520833333333, 96.3125, 96.15625, 96.09375, 95.48958333333333, 95.89583333333333, 96.125, 93.875, 95.91145833333333, 93.42708333333333, 94.97395833333333, 94.75, 95.07291666666667, 94.74479166666667, 96.40625, 93.09375, 94.875, 96.40625, 95.27083333333333, 95.58333333333333, 93.31770833333333, 96.21875, 93.79166666666667, 95.328125, 96.35416666666667, 92.86979166666667, 96.45833333333333, 93.51041666666667, 96.39583333333333, 92.46875, 98.125, 91.671875, 97.81770833333333, 94.6875, 94.92708333333333, 95.25520833333333, 95.86458333333333, 94.79166666666667, 97.41666666666667, 92.94791666666667, 96.90625, 93.34375, 97.65104166666667, 93.42708333333333, 97.54166666666667, 94.75, 97.18229166666667, 97.859375, 96.56770833333333, 94.890625, 97.39583333333333, 93.59375, 97.80729166666667, 96.47395833333333, 96.5625, 97.27083333333333, 96.5625, 97.24479166666667, 97.13020833333333, 97.00520833333333, 97.02604166666667, 96.41145833333333, 96.63020833333333, 97.13541666666667, 97.375, 95.72395833333333, 96.30729166666667, 96.27083333333333, 95.58854166666667], "precision": [13.349258764842267, 86.66666666666667, 20.678300954889693, 95.22292993630573, 77.11984841307438, 82.11864406779661, 83.67975365665897, 85.30805687203792, 82.4812030075188, 94.84162895927601, 83.65310821181889, 94.33962264150944, 94.5342571208622, 95.29411764705881, 94.86381322957197, 95.67765567765568, 95.34333070244672, 95.18072289156626, 95.25574499629354, 95.57522123893806, 85.84534731323721, 86.28979857050032, 86.69328010645376, 96.83544303797468, 97.87735849056604, 98.60197368421053, 87.47709224190594, 99.35064935064936, 98.203125, 99.23273657289002, 99.24242424242425, 98.89737065309583, 97.94303797468355, 99.33222036727881, 98.8313856427379, 99.53007518796993, 99.3891797556719, 98.59504132231405, 99.73262032085562, 88.37052062204191, 99.69788519637463, 99.1761071060762, 99.56521739130434, 99.59266802443992, 99.67284623773173, 99.59677419354838, 99.66555183946488, 99.47145877378436, 99.67689822294022, 99.70530451866405, 99.62962962962963, 99.53343701399689, 99.66722129783693, 99.59128065395095, 99.70845481049562, 99.59349593495935, 99.46140035906643, 99.6, 99.70501474926253, 99.43639291465378, 99.581589958159, 99.61832061068702, 100.0, 99.66909331568498, 99.66887417218543, 99.68487394957984, 99.8025666337611, 98.87152777777779, 99.67602591792657, 99.58217270194986, 99.64912280701755, 90.37758830694276, 99.69040247678018, 99.59486833220797, 99.3993993993994, 99.65706447187928, 99.45770065075922, 99.64002879769619, 99.73632168754119, 99.528672427337, 99.4731296101159, 91.23112659698026, 99.42693409742121, 98.70045484080572, 99.60095770151636, 89.9746192893401, 99.22425952045134, 89.87341772151899, 90.69631363370392, 90.57498518079431, 90.68360556563823, 90.70609535304767, 90.20248203788374, 90.20846493998737, 90.67695961995248, 90.73647871116226, 99.28251121076234, 89.65291421087099, 86.35265700483092, 98.99543378995433], "recall": [98.95833333333334, 3.3854166666666665, 98.125, 15.572916666666666, 84.79166666666667, 50.46874999999999, 56.614583333333336, 65.625, 57.13541666666667, 54.58333333333333, 56.770833333333336, 54.6875, 63.95833333333333, 63.28125, 63.489583333333336, 68.02083333333333, 62.916666666666664, 69.94791666666667, 66.92708333333334, 67.5, 68.22916666666666, 69.16666666666667, 67.86458333333333, 71.71875, 64.84375, 62.44791666666667, 74.58333333333333, 63.74999999999999, 65.46875, 60.62499999999999, 61.40624999999999, 60.729166666666664, 64.47916666666667, 61.979166666666664, 61.66666666666667, 55.15624999999999, 59.32291666666667, 62.135416666666664, 38.854166666666664, 68.07291666666667, 34.375, 50.15625, 47.708333333333336, 50.9375, 47.604166666666664, 64.32291666666666, 31.041666666666668, 49.010416666666664, 64.27083333333333, 52.864583333333336, 56.041666666666664, 33.33333333333333, 62.39583333333333, 38.072916666666664, 53.43750000000001, 63.802083333333336, 28.854166666666664, 64.84375, 35.208333333333336, 64.32291666666666, 24.791666666666668, 81.5625, 16.71875, 78.4375, 47.03125, 49.427083333333336, 52.65625000000001, 59.32291666666667, 48.072916666666664, 74.47916666666666, 29.583333333333332, 77.29166666666667, 33.541666666666664, 76.82291666666666, 34.479166666666664, 75.67708333333333, 47.760416666666664, 72.08333333333333, 78.80208333333333, 65.98958333333333, 49.166666666666664, 81.82291666666667, 36.145833333333336, 79.11458333333333, 65.0, 73.85416666666667, 73.28125, 73.95833333333334, 80.72916666666666, 79.58333333333333, 78.07291666666667, 78.28125, 71.92708333333333, 74.375, 79.53125, 82.13541666666667, 57.65625, 71.30208333333333, 74.47916666666666, 56.458333333333336],