{"loss": [0.8419747153917948, 0.42372678716977435, 0.36731889843940735, 0.16536376376946768, 0.10899889469146729, 0.11478136479854584, 0.1075027585029602, 0.13141948729753494, 0.10045825690031052, 0.07992627720038097, 0.08343906700611115, 0.09326477348804474, 0.11672358711560567, 0.10957857718070348, 0.08784707138935725, 0.08397721747557323, 0.08567628016074498, 0.08793577551841736, 0.08312474936246872, 0.08187260727087657, 0.08794040232896805, 0.11958874513705571, 0.10147019724051158, 0.10135399550199509, 0.10998747497797012, 0.10471293330192566, 0.08615573247273763, 0.09740602225065231, 0.17399739722410837, 0.08855493615070979, 0.08890789498885472, 0.19271201888720194, 0.08745255321264267, 0.08347596724828084, 0.08421916762987773, 0.08135320370395978, 0.08684442937374115, 0.08600287387768428, 0.0966355949640274, 0.10971560577551524, 0.09703436990578969, 0.09802018602689107, 0.07610088090101878, 0.0767879734436671, 0.0898298646012942, 0.08759702742099762, 0.08154704918464024, 0.08556183179219563, 0.08792308221260707, 0.0910750354329745, 0.07645316918690999, 0.07796130081017812, 0.09104322890440623, 0.09119617193937302, 0.08442886422077815, 0.08196604251861572, 0.0789363185564677, 0.0947358508904775, 0.0852049042781194, 0.08728773395220439, 0.13028271993001303, 0.0877823606133461, 0.08809445798397064, 0.08408308277527492, 0.07833059877157211, 0.07296093180775642, 0.07680693392952283, 0.0763491044441859, 0.07667381564776103, 0.08557082961002986, 0.08478659143050511, 0.08708535879850388, 0.07901996001601219, 0.07095995172858238, 0.06903293977181117, 0.06911520784099896, 0.0713770476480325, 0.07214707384506862, 0.07093334197998047, 0.07289211700359981, 0.0629843274752299, 0.06139858812093735, 0.05687596648931503, 0.06028551856676737, 0.06421634803215663, 0.05941195165117582, 0.0672574279208978, 0.0644829049706459, 0.05566323921084404, 0.06205712631344795, 0.06510691717267036, 0.060418070604403816, 0.060434656838576, 0.691347599029541, 0.12898782640695572, 0.06342666471997897, 0.05625314017136892, 0.06341077511509259, 0.09497374296188354, 0.06851347039143245], "accuracy": [26.48409593468277, 67.44344276237456, 92.05647218914781, 94.98213981969722, 95.47542098996428, 95.62850824970234, 95.67953733628168, 96.58105119918353, 95.96870216023133, 95.95169246470488, 96.78516754550094, 96.80217724102738, 96.78516754550094, 96.78516754550094, 96.78516754550094, 96.78516754550094, 96.76815784997449, 96.78516754550094, 96.76815784997449, 96.75114815444803, 96.92124510971253, 96.78516754550094, 96.76815784997449, 96.75114815444803, 96.75114815444803, 96.66609967681579, 96.66609967681579, 96.58105119918353, 96.73413845892159, 96.71712876339514, 96.75114815444803, 96.78516754550094, 95.88365368259907, 95.78159550944038, 96.63208028576288, 95.88365368259907, 96.76815784997449, 96.88722571865964, 96.92124510971253, 96.42796393944549, 96.90423541418609, 96.66609967681579, 96.61507059023643, 96.93825480523898, 96.85320632760674, 96.56404150365708, 96.59806089470999, 96.85320632760674, 96.80217724102738, 96.80217724102738, 95.95169246470488, 96.97227419629189, 96.56404150365708, 96.95526450076544, 96.76815784997449, 97.00629358734479, 96.85320632760674, 97.09134206497704, 96.95526450076544, 97.02330328287124, 97.05732267392413, 96.92124510971253, 96.92124510971253, 96.95526450076544, 96.97227419629189, 96.93825480523898, 96.98928389181833, 96.92124510971253, 96.93825480523898, 96.90423541418609, 96.98928389181833, 96.90423541418609, 96.87021602313318, 96.95526450076544, 96.90423541418609, 96.88722571865964, 96.93825480523898, 97.02330328287124, 97.07433236945059, 96.93825480523898, 96.93825480523898, 96.98928389181833, 96.95526450076544, 96.95526450076544, 96.95526450076544, 97.07433236945059, 97.05732267392413, 97.10835176050348, 97.0403129783977, 97.10835176050348, 97.10835176050348, 97.05732267392413, 97.07433236945059, 73.10767137268243, 97.15938084708284, 97.14237115155639, 97.07433236945059, 97.0403129783977, 97.0403129783977, 97.02330328287124], "precision": [19.74617394550205, 35.48050139275766, 72.95880149812734, 87.48806112702961, 92.04545454545455, 90.4621435594887, 90.97222222222221, 91.65876777251185, 92.61880687563195, 92.61133603238866, 92.96046287367406, 92.88461538461539, 92.79538904899135, 92.79538904899135, 92.79538904899135, 92.96046287367406, 92.8709055876686, 92.96046287367406, 93.03675048355899, 93.3658536585366, 93.5984481086324, 93.29446064139941, 93.12015503875969, 92.94685990338164, 92.94685990338164, 92.91262135922331, 93.1640625, 92.79454722492697, 92.6923076923077, 92.76759884281581, 93.11348205625606, 92.87776708373437, 92.84253578732107, 92.79835390946502, 92.89883268482491, 93.01848049281314, 93.28793774319067, 93.58600583090379, 93.09683604985618, 90.05524861878453, 93.00766283524904, 91.46341463414635, 93.65708622398414, 93.68932038834951, 93.23671497584542, 93.20866141732283, 93.65079365079364, 93.57351509250243, 93.81139489194499, 93.63992172211351, 93.58178053830227, 93.8715953307393, 90.95149253731343, 93.52657004830918, 93.71316306483301, 93.88349514563107, 93.82957884427032, 93.65994236311239, 93.78036929057338, 93.63548698167791, 93.64773820981713, 93.7682570593963, 93.7682570593963, 93.78036929057338, 93.7864077669903, 94.03131115459882, 93.87755102040816, 93.85365853658536, 93.85964912280701, 93.67704280155642, 93.53905496624878, 93.59223300970874, 94.00785854616896, 94.03714565004888, 94.36758893280633, 94.27443237907205, 94.46640316205533, 94.23264907135875, 94.24951267056531, 94.37869822485207, 94.46640316205533, 94.5705824284304, 94.38423645320198, 94.73684210526315, 94.64816650148661, 94.59724950884086, 94.41723800195886, 94.6078431372549, 94.76284584980237, 94.87179487179486, 94.87179487179486, 95.12437810945273, 95.03968253968253, 40.37648866692278, 94.79882237487733, 94.88188976377953, 95.03968253968253, 95.02982107355865, 95.02982107355865, 94.84638255698712], "recall": [97.96296296296296, 94.35185185185185, 90.18518518518519, 84.81481481481481, 82.5, 85.18518518518519, 84.9074074074074, 89.53703703703704, 84.81481481481481, 84.72222222222221, 89.25925925925927, 89.44444444444444, 89.44444444444444, 89.44444444444444, 89.44444444444444, 89.25925925925927, 89.25925925925927, 89.25925925925927, 89.07407407407408, 88.61111111111111, 89.35185185185185, 88.88888888888889, 88.98148148148148, 89.07407407407408, 89.07407407407408, 88.61111111111111, 88.33333333333333, 88.24074074074075, 89.25925925925927, 89.07407407407408, 88.88888888888889, 89.35185185185185, 84.07407407407408, 83.51851851851852, 88.42592592592592, 83.88888888888889, 88.79629629629629, 89.16666666666667, 89.9074074074074, 90.55555555555556, 89.9074074074074, 90.27777777777779, 87.5, 89.35185185185185, 89.35185185185185, 87.68518518518519, 87.4074074074074, 88.98148148148148, 88.42592592592592, 88.61111111111111, 83.7037037037037, 89.35185185185185, 90.27777777777779, 89.62962962962962, 88.33333333333333, 89.53703703703704, 88.70370370370371, 90.27777777777779, 89.35185185185185, 89.9074074074074, 90.0925925925926, 89.16666666666667, 89.16666666666667, 89.35185185185185, 89.44444444444444, 88.98148148148148, 89.44444444444444, 89.07407407407408, 89.16666666666667, 89.16666666666667, 89.81481481481481, 89.25925925925927, 88.61111111111111, 89.07407407407408, 88.42592592592592, 88.42592592592592, 88.51851851851852, 89.25925925925927, 89.53703703703704, 88.61111111111111, 88.51851851851852, 88.70370370370371, 88.70370370370371, 88.33333333333333, 88.42592592592592, 89.16666666666667, 89.25925925925927, 89.35185185185185, 88.79629629629629, 89.07407407407408, 89.07407407407408, 88.51851851851852, 88.70370370370371, 97.31481481481481, 89.44444444444444, 89.25925925925927, 88.70370370370371, 88.51851851851852, 88.51851851851852, 88.61111111111111],