{"loss": [0.4909604589144389, 0.7523279984792074, 0.2226430227359136, 0.1612760325272878, 0.09029629329840343, 0.08641797055800755, 0.08662953476111095, 0.0793928528825442, 0.07308039317528407, 0.07223496089378993, 0.08270985136429469, 0.06793369849522908, 0.07064531991879146, 0.06565280507008235, 0.05944980432589849, 0.06452040374279022, 0.0614976721505324, 0.0675347534318765, 0.07579277704159419, 0.0699448933204015, 0.06133351226647695, 0.05893551682432493, 0.056011163940032326, 0.05570606763164202, 0.05424222846825918, 0.06361514950791995, 0.07141333321730296, 0.05397366856535276, 0.04994025702277819, 0.05566267420848211, 0.06678720812002818, 0.058599989861249924, 0.05409557744860649, 0.050357592602570854, 0.055090261002381645, 0.062050954749186836, 0.05349739144245783, 0.05511481190721194, 0.05442368487517039, 0.0500378410021464, 0.056242783864339195, 0.05149453009168307, 0.05552768334746361, 0.05090327188372612, 0.05480637028813362, 0.05262621492147446, 0.051795508712530136, 0.05679161722461382, 0.059446122497320175, 0.06106521810094515, 0.07083285848299663, 0.059990886598825455, 0.0693914070725441, 0.0845719501376152, 0.08236824969450633, 0.08487026393413544, 0.08071190118789673, 0.10171186178922653, 0.07090758283933003, 0.06882538770635922, 0.08479639887809753, 0.08376902093489964, 0.07059681415557861, 0.0658838301897049, 0.09748666733503342, 0.07076248278220494, 0.0968792736530304, 0.06984741985797882, 0.0634328064819177, 0.05934292326370875, 0.05562412862976392, 0.05401351054509481, 0.057120865831772484, 0.05583403632044792, 0.06394391631086667, 0.0657413216928641, 0.056535119811693825, 0.05259715269009272, 0.10549741735061009, 0.11179923762877782, 0.06199923033515612, 0.054312512278556824, 0.054951212058464684, 0.055269657323757805, 0.07216690729061763, 0.05630032469828924, 0.053030854711929955, 0.07114771505196889, 0.053576341519753136, 0.051988632728656135, 0.05647192522883415, 0.054489750415086746, 0.05528602376580238, 0.05865719417730967, 0.056443667660156883, 0.062121715396642685, 0.06910405059655507, 0.06492041796445847, 0.05910961454113325, 0.06146547322471937], "accuracy": [81.69756761353972, 90.62765776492601, 94.26773260758632, 94.23371321653343, 94.52287804048308, 95.01615921075013, 94.81204286443273, 95.59448885864943, 95.22027555706752, 95.74757611838749, 94.69297499574758, 95.28831433917333, 95.01615921075013, 95.35635312127913, 95.32233373022623, 95.86664398707264, 94.79503316890627, 94.81204286443273, 95.30532403469978, 95.62850824970234, 95.08419799285593, 96.01973124681068, 95.42439190338493, 96.07076033339003, 96.07076033339003, 95.90066337812553, 95.37336281680558, 95.90066337812553, 95.91767307365198, 95.98571185575778, 96.05375063786359, 96.08777002891648, 96.07076033339003, 96.13879911549583, 95.16924647048818, 96.15580881102228, 96.24085728865454, 96.13879911549583, 96.22384759312808, 96.17281850654874, 95.93468276917844, 96.25786698418098, 96.05375063786359, 96.00272155128424, 96.07076033339003, 95.81561490049329, 95.45841129443782, 95.76458581391392, 95.71355672733458, 94.79503316890627, 95.23728525259398, 95.20326586154108, 95.13522707943528, 94.79503316890627, 94.89709134206498, 94.91410103759142, 95.03316890627657, 95.49243068549073, 94.99914951522368, 95.56046946759653, 95.18625616601463, 95.15223677496172, 95.15223677496172, 95.27130464364689, 95.15223677496172, 95.03316890627657, 95.33934342575267, 95.15223677496172, 95.32233373022623, 96.00272155128424, 95.79860520496683, 96.00272155128424, 95.98571185575778, 95.50944038101719, 94.36979078074502, 96.08777002891648, 95.96870216023133, 95.83262459601973, 91.35907467256337, 95.88365368259907, 95.95169246470488, 96.03674094233713, 96.01973124681068, 94.38680047627147, 96.01973124681068, 96.01973124681068, 94.28474230311278, 95.96870216023133, 96.01973124681068, 95.96870216023133, 95.93468276917844, 95.93468276917844, 95.91767307365198, 95.84963429154618, 95.83262459601973, 95.33934342575267, 95.74757611838749, 95.96870216023133, 95.44140159891138, 95.44140159891138], "precision": [100.0, 91.26365054602185, 93.24796274738067, 90.40348964013086, 93.2648401826484, 94.56398640996603, 92.81767955801105, 95.06037321624589, 95.55302166476625, 95.6043956043956, 93.73576309794989, 95.99083619702176, 94.0649496080627, 96.86411149825784, 96.7479674796748, 98.15880322209436, 98.13432835820896, 98.13664596273291, 96.52777777777779, 97.46251441753172, 98.17295980511571, 97.10467706013362, 98.562874251497, 97.5363941769317, 97.5363941769317, 96.25137816979051, 95.9090909090909, 97.40112994350282, 97.19101123595506, 97.09821428571429, 97.00665188470067, 97.43303571428571, 97.96610169491525, 98.19209039548022, 98.30097087378641, 98.08558558558559, 97.98882681564245, 98.19209039548022, 98.52941176470588, 98.5244040862656, 98.27784156142366, 98.64253393665159, 98.73563218390805, 99.07084785133566, 98.84925201380898, 99.1745283018868, 99.15356711003628, 99.05548996458087, 98.93617021276596, 98.49624060150376, 98.42615012106538, 99.01719901719902, 98.89162561576354, 97.31051344743277, 98.38709677419355, 98.15043156596795, 97.58454106280193, 97.00115340253748, 98.39901477832512, 98.46153846153847, 98.3030303030303, 98.0652962515115, 98.41656516443362, 99.02200488997555, 98.41656516443362, 98.52216748768473, 96.42857142857143, 98.65361077111383, 98.90643985419199, 98.95712630359212, 98.94242068155111, 98.84393063583815, 98.95591647331786, 99.51456310679612, 99.734395750332, 99.76580796252928, 98.84125144843568, 99.17550058892816, 98.80546075085324, 98.94859813084112, 99.06759906759906, 99.07300115874855, 99.18604651162791, 99.08376963350786, 99.18604651162791, 99.18604651162791, 99.73262032085562, 99.18319719953325, 99.18604651162791, 99.18319719953325, 99.18128654970761, 99.18128654970761, 99.76303317535546, 99.1764705882353, 99.17550058892816, 99.14634146341463, 98.14385150812065, 99.0686845168801, 98.79807692307693, 98.91566265060241], "recall": [0.3703703703703704, 54.166666666666664, 74.16666666666667, 76.75925925925927, 75.64814814814815, 77.31481481481481, 77.77777777777779, 80.18518518518518, 77.5925925925926, 80.55555555555556, 76.20370370370371, 77.5925925925926, 77.77777777777779, 77.22222222222223, 77.12962962962962, 78.98148148148148, 73.05555555555556, 73.14814814814815, 77.22222222222223, 78.24074074074075, 74.62962962962963, 80.74074074074075, 76.20370370370371, 80.64814814814815, 80.64814814814815, 80.83333333333333, 78.14814814814814, 79.81481481481481, 80.0925925925926, 80.55555555555556, 81.01851851851852, 80.83333333333333, 80.27777777777779, 80.46296296296296, 75.0, 80.64814814814815, 81.2037037037037, 80.46296296296296, 80.64814814814815, 80.37037037037037, 79.25925925925927, 80.74074074074075, 79.53703703703704, 78.98148148148148, 79.53703703703704, 77.87037037037037, 75.92592592592592, 77.68518518518519, 77.5, 72.77777777777777, 75.27777777777777, 74.62962962962963, 74.35185185185185, 73.70370370370371, 73.42592592592592, 73.70370370370371, 74.81481481481481, 77.87037037037037, 73.98148148148148, 77.03703703703704, 75.0925925925926, 75.0925925925926, 74.81481481481481, 75.0, 74.81481481481481, 74.07407407407408, 77.5, 74.62962962962963, 75.37037037037037, 79.07407407407408, 77.96296296296296, 79.16666666666666, 78.98148148148148, 75.92592592592592, 69.53703703703704, 78.88888888888889, 78.98148148148148, 77.96296296296296, 53.61111111111111, 78.42592592592592, 78.70370370370371, 79.16666666666666, 78.98148148148148, 70.0925925925926, 78.98148148148148, 78.98148148148148, 69.07407407407408, 78.70370370370371, 78.98148148148148, 78.70370370370371, 78.51851851851852, 78.51851851851852, 77.96296296296296, 78.05555555555556, 77.96296296296296, 75.27777777777777, 78.33333333333333, 78.7962962962963, 76.11111111111111, 76.01851851851852],