{"loss": [0.7450194160143534, 0.5868340134620667, 0.31851717829704285, 0.19816511869430542, 0.1462706426779429, 0.19645333786805472, 0.24044029911359152, 0.18267614642779031, 0.1420565148194631, 0.16614520053068796, 0.10724163303772609, 0.11342116196950276, 0.12201999872922897, 0.17434819042682648, 0.07788331309954326, 0.43922651807467145, 0.4922158320744832, 0.2241355280081431, 0.2534480591615041, 0.13812978068987528, 0.1161143829425176, 0.127000592648983, 0.11958492050568263, 0.10747578243414561, 0.10902788490056992, 0.1005226622025172, 0.14949332674344382, 0.242084672053655, 0.2100425809621811, 0.13625101993481317, 0.20424161851406097, 0.13498793790737787, 0.21518805623054504, 0.10001454253991444, 0.18180030087629953, 0.14528988798459372, 0.18787985543409982, 0.15409555037816366, 0.12939377625783285, 0.18244081735610962, 0.09840476761261623, 0.4725641111532847, 0.2452148050069809, 0.47915322581926983, 0.2531625231107076, 0.4979204138120015, 0.40499699115753174, 0.5181358059247335, 0.35002756118774414, 0.4712280333042145, 0.34108641743659973, 0.2801343500614166, 0.18231622378031412, 0.15957575539747873, 0.37313533822695416, 0.23116752008597055, 0.5706667502721151, 0.22245389223098755, 0.1599364380041758, 0.2734559079011281, 0.2564029097557068, 0.23644917706648508, 0.35972646872202557, 0.1617396672566732, 0.10840053608020146, 0.19058739642302194, 0.09240042666594188, 0.12578444927930832, 0.0689986099799474, 0.07058187822500865, 0.08584825197855632, 0.06124096860488256, 0.06086567168434461, 0.1141388068596522, 0.10165458669265111, 0.05258567507068316, 0.07396303613980611, 0.0725364660223325, 0.06707135463754337, 0.09896067281564076, 0.06490318725506465, 0.07421648005644481, 0.06129911541938782, 0.05758737400174141, 0.05233166366815567, 0.06025975818435351, 0.09110905478398006, 0.0698081503311793, 0.06966759264469147, 0.05303184688091278, 0.05795390158891678, 0.06083901102344195, 0.09593770901362102, 0.0648835798104604, 0.05150692040721575, 0.06926077231764793, 0.06523323928316434, 0.0653229442735513, 0.05612028141816457, 0.07295363644758861], "accuracy": [50.91001871066508, 68.34495662527641, 93.65538356863412, 92.77087940125871, 92.99200544310257, 92.92396666099677, 96.25786698418098, 95.37336281680558, 95.35635312127913, 95.35635312127913, 95.42439190338493, 95.33934342575267, 96.34291546181323, 96.27487667970743, 95.30532403469978, 70.55621704371492, 70.60724613029427, 96.49600272155128, 96.22384759312808, 96.20683789760163, 96.59806089470999, 96.47899302602484, 96.59806089470999, 96.46198333049838, 96.35992515733969, 96.41095424391904, 96.49600272155128, 96.53002211260419, 96.51301241707773, 96.54703180813064, 96.34291546181323, 96.08777002891648, 95.86664398707264, 96.37693485286613, 96.08777002891648, 96.30889607076033, 96.41095424391904, 96.46198333049838, 96.51301241707773, 96.44497363497193, 96.27487667970743, 70.65827521687362, 96.05375063786359, 69.77377104949821, 96.35992515733969, 67.63054941316551, 67.63054941316551, 68.43000510290865, 68.3789760163293, 67.3924136757952, 68.02177241027385, 95.40738220785848, 96.39394454839258, 95.16924647048818, 69.43357713896921, 95.44140159891138, 69.36553835686341, 95.15223677496172, 96.71712876339514, 69.56965470318082, 95.39037251233204, 95.35635312127913, 70.87940125871746, 95.95169246470488, 96.53002211260419, 96.46198333049838, 96.70011906786868, 96.32590576628678, 96.61507059023643, 95.18625616601463, 96.20683789760163, 96.30889607076033, 95.56046946759653, 90.5936383738731, 96.49600272155128, 95.25429494812043, 95.47542098996428, 95.93468276917844, 96.53002211260419, 95.40738220785848, 95.35635312127913, 95.73056642286103, 95.93468276917844, 96.34291546181323, 95.22027555706752, 95.32233373022623, 96.15580881102228, 95.57747916312297, 96.37693485286613, 95.22027555706752, 95.45841129443782, 96.56404150365708, 94.06361626126892, 96.20683789760163, 94.99914951522368, 94.45483925837728, 96.27487667970743, 96.18982820207518, 95.45841129443782, 94.26773260758632], "precision": [26.557632398753896, 34.90529570931581, 87.09338929695699, 87.25824800910125, 88.74709976798144, 88.78504672897196, 90.56603773584906, 90.8080808080808, 90.71644803229061, 90.71644803229061, 91.16751269035534, 91.0386965376782, 91.86834462729912, 91.51398264223722, 91.02040816326532, 38.07255404910224, 38.11445341159207, 91.1487758945386, 90.625, 91.4811229428848, 92.5531914893617, 91.93083573487031, 92.63565891472868, 92.08494208494209, 91.87620889748548, 91.8997107039537, 92.01923076923076, 91.63498098859316, 91.4691943127962, 91.48533585619678, 91.22974261201145, 91.2621359223301, 91.06967615309127, 91.72281039461019, 91.50390625, 91.45052833813641, 91.73871277617675, 92.66144814090019, 93.01868239921338, 92.73797841020608, 93.4409687184662, 38.1651376146789, 90.92664092664093, 37.414228963524735, 90.61913696060037, 35.989104528430374, 35.998638992854715, 36.555786555786554, 36.55505695547118, 35.68251796099897, 36.05299860529986, 87.77985074626866, 93.05555555555556, 97.1563981042654, 35.924617196702, 96.7741935483871, 35.73407202216066, 95.42857142857143, 97.73950484391818, 35.938119793732646, 96.98025551684088, 96.86411149825784, 37.864823348694316, 98.16933638443935, 98.34437086092716, 98.33702882483371, 98.36244541484717, 98.3221476510067, 98.24753559693319, 98.18621523579202, 98.20022497187851, 98.10479375696767, 97.78296382730454, 88.24383164005806, 97.91666666666666, 98.07923169267707, 97.76995305164318, 97.83845278725825, 97.81659388646288, 94.4078947368421, 98.09296781883194, 97.58897818599311, 98.1672394043528, 98.21627647714605, 98.07460890493381, 97.85969084423306, 96.11231101511879, 98.12206572769952, 98.11320754716981, 98.19059107358264, 98.22064056939502, 98.24175824175823, 94.95694956949569, 98.63791146424518, 98.51851851851852, 99.21671018276761, 99.3127147766323, 98.85844748858447, 98.56630824372759, 98.8173455978975], "recall": [94.72222222222221, 83.61111111111111, 76.85185185185185, 71.01851851851852, 70.83333333333334, 70.37037037037037, 88.88888888888889, 83.24074074074073, 83.24074074074073, 83.24074074074073, 83.14814814814815, 82.77777777777777, 87.87037037037037, 87.87037037037037, 82.5925925925926, 96.2037037037037, 96.2037037037037, 89.62962962962962, 88.61111111111111, 87.5, 88.61111111111111, 88.61111111111111, 88.51851851851852, 88.33333333333333, 87.96296296296296, 88.24074074074075, 88.61111111111111, 89.25925925925927, 89.35185185185185, 89.53703703703704, 88.61111111111111, 87.03703703703704, 85.92592592592592, 88.24074074074075, 86.75925925925925, 88.14814814814815, 88.42592592592592, 87.68518518518519, 87.5925925925926, 87.5, 85.74074074074073, 96.29629629629629, 87.22222222222223, 95.92592592592592, 89.44444444444444, 97.87037037037038, 97.96296296296296, 97.68518518518519, 98.05555555555556, 96.57407407407408, 95.74074074074073, 87.12962962962963, 86.85185185185185, 75.92592592592592, 84.72222222222221, 77.77777777777779, 83.61111111111111, 77.31481481481481, 84.07407407407408, 83.88888888888889, 77.31481481481481, 77.22222222222223, 91.2962962962963, 79.44444444444444, 82.5, 82.12962962962963, 83.42592592592592, 81.38888888888889, 83.05555555555556, 75.18518518518519, 80.83333333333333, 81.48148148148148, 77.5925925925926, 56.2962962962963, 82.68518518518519, 75.64814814814815, 77.12962962962962, 79.62962962962963, 82.96296296296296, 79.72222222222223, 76.20370370370371, 78.70370370370371, 79.35185185185185, 81.57407407407408, 75.46296296296296, 76.20370370370371, 82.4074074074074, 77.4074074074074, 81.85185185185185, 75.37037037037037, 76.66666666666667, 82.77777777777777, 71.48148148148148, 80.46296296296296, 73.88888888888889, 70.37037037037037, 80.27777777777779, 80.18518518518518, 76.38888888888889, 69.62962962962963],