{"loss": [0.2651652495066325, 0.3421168625354767, 0.3828827242056529, 0.18677755693594614, 0.22726947565873465, 0.174061248699824, 0.16665510833263397, 0.14726240932941437, 0.1779116988182068, 0.13606253763039908, 0.15004088977972665, 0.1354819486538569, 0.14208831389745077, 0.12082901100317638, 0.11805336425701778, 0.12755175431569418, 0.12590385725100836, 0.11820158859093984, 0.11583922058343887, 0.11574618269999822, 0.11629592378934224, 0.11732432494560878, 0.11681691060463588, 0.11233874162038167, 0.11576543748378754, 0.10545119643211365, 0.09965024888515472, 0.09574791540702184, 0.12623080611228943, 0.096417302886645, 0.10038833816846211, 0.09604903310537338, 0.09308371941248576, 0.08932434270779292, 0.09443199386199315, 0.0897800624370575, 0.09662107129891713, 0.09709405650695165, 0.09206589808066686, 0.09711003800233205, 0.08875224739313126, 0.105811541279157, 0.09848259637753169, 0.08384307970603307, 0.08544230709473292, 0.08854005734125774, 0.08846288671096166, 0.08867549647887547, 0.09090046832958858, 0.08733695248762767, 0.0888362576564153, 0.0894920031229655, 0.0916951447725296, 0.09115202228228252, 0.09076311687628429, 0.08524799098571141, 0.08974361668030421, 0.09365322937568028, 0.09109483659267426, 0.09606671581665675, 0.09103064239025116, 0.10622303932905197, 0.08709045002857844, 0.10067785282929738, 0.09387582292159398, 0.09358021865288417, 0.08587498466173808, 0.08776766061782837, 0.09023287147283554, 0.0920449619491895, 0.09062223384777705, 0.09013825903336208, 0.09411683926979701, 0.10153952489296596, 0.10333860665559769, 0.10039690881967545, 0.08957547942797343, 0.09226210167010625, 0.08984792480866115, 0.09414045761028926, 0.08749926586945851, 0.0902860661347707, 0.09446621686220169, 0.09474802265564601, 0.09021574010451634, 0.09097200632095337, 0.10012078285217285, 0.09071336438258489, 0.09149670352538426, 0.097709059715271, 0.0954674556851387, 0.09835203737020493, 0.09218950321276982, 0.09224606553713481, 0.10219007233778636, 0.09176620344320933, 0.09526559958855312, 0.09144788483778636, 0.09252824137608211, 0.09472432732582092], "accuracy": [88.43340704201395, 72.12110903214833, 72.03606055451607, 96.27487667970743, 96.30889607076033, 95.79860520496683, 96.63208028576288, 96.10477972444293, 96.05375063786359, 96.42796393944549, 96.56404150365708, 96.66609967681579, 96.47899302602484, 96.76815784997449, 96.83619663208029, 96.35992515733969, 96.32590576628678, 97.00629358734479, 96.63208028576288, 96.70011906786868, 96.70011906786868, 96.66609967681579, 96.71712876339514, 96.88722571865964, 96.76815784997449, 96.88722571865964, 96.95526450076544, 97.0403129783977, 96.56404150365708, 96.88722571865964, 96.73413845892159, 97.49957475761184, 97.36349719340024, 97.61864262629699, 97.39751658445314, 97.61864262629699, 96.80217724102738, 96.81918693655383, 97.49957475761184, 96.81918693655383, 97.70369110392924, 96.78516754550094, 97.5165844531383, 97.68668140840279, 97.43153597550604, 97.5846232352441, 97.60163293077053, 97.63565232182344, 97.63565232182344, 97.66967171287634, 97.66967171287634, 97.61864262629699, 97.5846232352441, 97.65266201734988, 97.61864262629699, 97.65266201734988, 97.60163293077053, 97.53359414866473, 97.56761353971764, 97.5846232352441, 97.70369110392924, 97.60163293077053, 97.65266201734988, 97.55060384419119, 97.5846232352441, 97.61864262629699, 97.65266201734988, 97.61864262629699, 97.65266201734988, 97.63565232182344, 97.61864262629699, 97.66967171287634, 97.61864262629699, 97.5846232352441, 97.53359414866473, 97.61864262629699, 97.5846232352441, 97.5846232352441, 97.60163293077053, 97.60163293077053, 97.65266201734988, 97.5846232352441, 97.5846232352441, 97.56761353971764, 97.55060384419119, 97.55060384419119, 97.56761353971764, 97.61864262629699, 97.61864262629699, 97.53359414866473, 97.5165844531383, 97.56761353971764, 97.55060384419119, 97.56761353971764, 97.56761353971764, 97.55060384419119, 97.60163293077053, 97.60163293077053, 97.60163293077053, 97.5165844531383], "precision": [86.4963503649635, 39.52005999250094, 39.334341906202724, 91.43407122232917, 91.53031761308951, 92.02825428859738, 92.32245681381957, 92.5074925074925, 92.4, 92.39766081871345, 93.9879759519038, 92.41842610364684, 92.33753637245393, 94.14682539682539, 93.90962671905697, 94.27402862985686, 94.1717791411043, 93.96887159533074, 94.18837675350701, 94.3, 94.3, 94.28857715430861, 94.30569430569432, 94.1871921182266, 94.41117764471058, 94.1871921182266, 94.1234084231146, 94.15204678362574, 92.87109375, 94.10029498525073, 94.48897795591182, 99.46977730646871, 97.82833505687694, 99.47368421052632, 97.8328173374613, 99.47368421052632, 94.95967741935483, 94.96475327291037, 99.46977730646871, 95.05549949545913, 99.47643979057592, 95.04550050556118, 99.57537154989384, 99.47589098532494, 97.83728115345005, 99.6822033898305, 99.4731296101159, 99.47423764458465, 99.47423764458465, 99.3717277486911, 99.47534102833158, 99.6828752642706, 99.6822033898305, 99.37106918238993, 99.89384288747345, 99.37106918238993, 99.68253968253968, 99.36642027455122, 99.68186638388123, 99.57716701902748, 99.78925184404636, 99.68253968253968, 99.26778242677824, 99.47145877378436, 99.47257383966245, 99.47368421052632, 99.26778242677824, 99.78813559322035, 99.26778242677824, 99.57850368809274, 99.57805907172997, 99.3717277486911, 99.6828752642706, 99.47257383966245, 99.36642027455122, 99.57805907172997, 99.47257383966245, 99.6822033898305, 99.57761351636748, 99.4731296101159, 99.26778242677824, 99.36842105263159, 99.36842105263159, 99.57671957671957, 99.57627118644068, 99.57627118644068, 99.57671957671957, 99.16317991631799, 99.36974789915966, 99.36642027455122, 99.36575052854123, 99.36775553213909, 99.57627118644068, 99.57671957671957, 99.47201689545935, 99.47145877378436, 99.68253968253968, 99.57761351636748, 99.57761351636748, 99.57537154989384], "recall": [43.888888888888886, 97.5925925925926, 96.29629629629629, 87.96296296296296, 88.05555555555556, 84.44444444444444, 89.07407407407408, 85.74074074074073, 85.55555555555556, 87.77777777777777, 86.85185185185185, 89.16666666666667, 88.14814814814815, 87.87037037037037, 88.51851851851852, 85.37037037037038, 85.27777777777777, 89.44444444444444, 87.03703703703704, 87.31481481481481, 87.31481481481481, 87.12962962962963, 87.4074074074074, 88.51851851851852, 87.5925925925926, 88.51851851851852, 88.98148148148148, 89.44444444444444, 88.05555555555556, 88.61111111111111, 87.31481481481481, 86.85185185185185, 87.5925925925926, 87.5, 87.77777777777777, 87.5, 87.22222222222223, 87.31481481481481, 86.85185185185185, 87.22222222222223, 87.96296296296296, 87.03703703703704, 86.85185185185185, 87.87037037037037, 87.96296296296296, 87.12962962962963, 87.4074074074074, 87.5925925925926, 87.5925925925926, 87.87037037037037, 87.77777777777777, 87.31481481481481, 87.12962962962963, 87.77777777777777, 87.12962962962963, 87.77777777777777, 87.22222222222223, 87.12962962962963, 87.03703703703704, 87.22222222222223, 87.68518518518519, 87.22222222222223, 87.87037037037037, 87.12962962962963, 87.31481481481481, 87.5, 87.87037037037037, 87.22222222222223, 87.87037037037037, 87.5, 87.4074074074074, 87.87037037037037, 87.31481481481481, 87.31481481481481, 87.12962962962963, 87.4074074074074, 87.31481481481481, 87.12962962962963, 87.31481481481481, 87.4074074074074, 87.87037037037037, 87.4074074074074, 87.4074074074074, 87.12962962962963, 87.03703703703704, 87.03703703703704, 87.12962962962963, 87.77777777777777, 87.5925925925926, 87.12962962962963, 87.03703703703704, 87.31481481481481, 87.03703703703704, 87.12962962962963, 87.22222222222223, 87.12962962962963, 87.22222222222223, 87.31481481481481, 87.31481481481481, 86.85185185185185],