{"loss": [0.53899652024974, 0.558096821460387, 0.4097436559589013, 0.209288549002098, 0.1285729585012988, 0.1992607224813622, 0.15886150172952077, 0.14220956722071962, 0.23834181868511697, 0.20245473068612424, 0.20472867219992305, 0.1381382213541023, 0.1129524435483567, 0.2440053603976317, 0.06275574224697344, 0.17784548164142863, 0.24804715273658867, 0.2725996613178564, 0.10309356529994504, 0.1443875320053295, 0.14707513945177197, 0.17582355652247433, 0.08991077383878925, 0.07816702814813217, 0.10488905318324333, 0.09728924901244919, 0.09555629346236262, 0.07234056312185914, 0.08383083997456275, 0.07494938794685446, 0.07146004428226582, 0.07637304605146789, 0.08867067486331191, 0.08102693758479765, 0.11361715457726108, 0.07611697093765858, 0.08284012231287426, 0.1126596635794672, 0.09262361875532762, 0.07807903815283561, 0.08563041566547168, 0.11161239369286467, 0.06450874421178647, 0.09228600602111091, 0.11275913429689473, 0.07269694512386037, 0.10675572023888968, 0.07702575382047697, 0.0802081618103725, 0.10760746656856297, 0.07650675236389202, 0.06973234088534651, 0.07221905690739336, 0.0741858085106208, 0.08890234488669944, 0.09202511182925462, 0.07663632985001997, 0.08960709562423923, 0.07290544377579151, 0.07468976359814405, 0.07524839693391898, 0.08526319407594754, 0.07252463133519758, 0.08297210971827355, 0.0572311907004484, 0.11007721573316856, 0.0995356873811587, 0.058808815561781594, 0.1080896600311541, 0.06299292324262712, 0.07551043028133395, 0.2925421877399735, 0.10714087049152864, 0.059605030494782586, 0.05648857507976177, 0.06570773110117602, 0.07626235885950534, 0.06937206991057357, 0.08294032213440083, 0.06349909407309377, 0.3418832245161352, 0.11341031569400398, 0.07097997849948866, 0.062267187507013266, 0.07128521877482695, 0.061272495813445065, 0.07073627194673147, 0.06531148139164662, 0.08736027982693327, 0.07661254133310412, 0.06272232700544207, 0.10605204337701687, 0.056715438114580415, 0.06540635809727499, 0.07348967040888965, 0.06406188307522351, 0.07915928653623584, 0.09462378207978833, 0.05491903076408957, 0.05303260045753711], "accuracy": [81.69756761353972, 45.19476101377786, 71.27062425582582, 95.56046946759653, 96.32590576628678, 96.07076033339003, 95.88365368259907, 95.79860520496683, 95.74757611838749, 95.66252764075523, 95.78159550944038, 95.74757611838749, 96.07076033339003, 95.98571185575778, 95.90066337812553, 96.35992515733969, 95.88365368259907, 96.44497363497193, 96.59806089470999, 96.47899302602484, 96.51301241707773, 96.47899302602484, 96.56404150365708, 96.58105119918353, 96.49600272155128, 96.58105119918353, 96.63208028576288, 96.61507059023643, 96.61507059023643, 96.49600272155128, 96.58105119918353, 96.56404150365708, 96.66609967681579, 96.53002211260419, 96.56404150365708, 96.51301241707773, 96.64908998128934, 96.63208028576288, 96.59806089470999, 96.47899302602484, 96.54703180813064, 96.68310937234223, 96.56404150365708, 96.59806089470999, 96.71712876339514, 96.54703180813064, 96.54703180813064, 96.44497363497193, 96.68310937234223, 96.51301241707773, 96.63208028576288, 96.51301241707773, 96.47899302602484, 96.59806089470999, 96.66609967681579, 96.63208028576288, 96.73413845892159, 96.68310937234223, 96.66609967681579, 96.61507059023643, 96.63208028576288, 96.64908998128934, 96.51301241707773, 96.59806089470999, 97.02330328287124, 96.15580881102228, 96.61507059023643, 96.58105119918353, 96.64908998128934, 96.58105119918353, 96.63208028576288, 72.76747746215342, 97.14237115155639, 96.66609967681579, 97.14237115155639, 97.05732267392413, 96.80217724102738, 97.07433236945059, 96.68310937234223, 97.07433236945059, 71.98503146793672, 96.78516754550094, 96.70011906786868, 96.64908998128934, 96.63208028576288, 97.07433236945059, 97.15938084708284, 96.73413845892159, 97.17639054260928, 96.70011906786868, 96.78516754550094, 95.88365368259907, 97.17639054260928, 96.70011906786868, 96.75114815444803, 96.75114815444803, 96.39394454839258, 96.25786698418098, 96.75114815444803, 97.17639054260928], "precision": [100.0, 25.06983240223464, 38.30195927775644, 89.87341772151899, 90.67796610169492, 88.27772768259693, 90.44401544401545, 87.15432649420161, 86.79078014184397, 86.40776699029125, 87.01067615658363, 88.71268656716418, 90.31339031339031, 89.88657844990549, 96.353591160221, 89.65201465201466, 89.60302457466919, 92.65426052889325, 93.82470119521913, 93.26065411298316, 93.44587884806356, 93.17507418397626, 94.25403225806451, 94.34914228052472, 93.43936381709742, 93.993993993994, 94.27710843373494, 94.18254764292878, 94.18254764292878, 94.23076923076923, 94.25981873111783, 94.25403225806451, 94.28857715430861, 94.15322580645162, 94.16498993963782, 94.23660262891809, 94.73150962512665, 94.18837675350701, 94.35483870967742, 94.86125385405961, 94.97435897435898, 91.54929577464789, 94.97950819672131, 94.98977505112475, 92.03791469194313, 94.88229273285567, 94.69928644240571, 91.99614271938283, 91.9431279620853, 94.59734964322121, 94.8170731707317, 94.68845760980592, 94.86125385405961, 94.80651731160896, 94.73684210526315, 94.7261663286004, 94.75806451612904, 94.74216380182003, 94.82758620689656, 94.2713567839196, 94.7261663286004, 94.64105156723963, 94.32624113475178, 94.89795918367348, 97.4816369359916, 91.29593810444874, 94.72081218274113, 94.98464687819856, 94.28284854563691, 94.43882709807887, 94.27710843373494, 39.85196727697702, 97.4012474012474, 95.01018329938901, 97.79874213836479, 96.89762150982419, 94.77911646586345, 96.900826446281, 94.38314944834504, 96.900826446281, 39.191765154403356, 91.90968955785512, 94.9290060851927, 94.46122860020141, 94.90835030549898, 97.39039665970772, 97.30569948186528, 94.84848484848484, 97.30848861283644, 94.47791164658635, 95.04550050556118, 89.90476190476191, 97.40663900414937, 94.47791164658635, 94.85368314833501, 94.94438827098078, 92.71653543307087, 91.82879377431907, 94.94438827098078, 97.40663900414937], "recall": [0.3703703703703704, 99.72222222222223, 92.31481481481481, 85.46296296296296, 89.16666666666667, 90.64814814814814, 86.75925925925925, 90.46296296296296, 90.64814814814814, 90.64814814814814, 90.55555555555556, 88.05555555555556, 88.05555555555556, 88.05555555555556, 80.74074074074075, 90.64814814814814, 87.77777777777777, 87.5925925925926, 87.22222222222223, 87.12962962962963, 87.12962962962963, 87.22222222222223, 86.57407407407408, 86.57407407407408, 87.03703703703704, 86.94444444444444, 86.94444444444444, 86.94444444444444, 86.94444444444444, 86.20370370370371, 86.66666666666667, 86.57407407407408, 87.12962962962963, 86.48148148148148, 86.66666666666667, 86.29629629629629, 86.57407407407408, 87.03703703703704, 86.66666666666667, 85.46296296296296, 85.74074074074073, 90.27777777777779, 85.83333333333333, 86.01851851851852, 89.9074074074074, 85.83333333333333, 86.01851851851852, 88.33333333333333, 89.81481481481481, 85.92592592592592, 86.38888888888889, 85.83333333333333, 85.46296296296296, 86.20370370370371, 86.66666666666667, 86.48148148148148, 87.03703703703704, 86.75925925925925, 86.57407407407408, 86.85185185185185, 86.48148148148148, 86.66666666666667, 86.20370370370371, 86.11111111111111, 86.01851851851852, 87.4074074074074, 86.38888888888889, 85.92592592592592, 87.03703703703704, 86.48148148148148, 86.94444444444444, 94.72222222222221, 86.75925925925925, 86.38888888888889, 86.38888888888889, 86.75925925925925, 87.4074074074074, 86.85185185185185, 87.12962962962963, 86.85185185185185, 95.18518518518519, 90.46296296296296, 86.66666666666667, 86.85185185185185, 86.29629629629629, 86.38888888888889, 86.94444444444444, 86.94444444444444, 87.03703703703704, 87.12962962962963, 87.03703703703704, 87.4074074074074, 86.94444444444444, 87.12962962962963, 87.03703703703704, 86.94444444444444, 87.22222222222223, 87.4074074074074, 86.94444444444444, 86.94444444444444],