{"loss": [0.7389308869838714, 0.7908245980739593, 0.5628564894199372, 0.4458524316549301, 0.2671648383140564, 0.1642615392804146, 0.09699480384588241, 0.10032303407788276, 0.13755877912044526, 0.210616634786129, 0.14618117958307267, 0.144284126162529, 0.19339746832847596, 0.09074429050087929, 0.11027496233582497, 0.15245266109704972, 0.16372444480657578, 0.17850541323423386, 0.12613313645124435, 0.09480898901820183, 0.0856279730796814, 0.10682877004146576, 0.11140924617648125, 0.12962114289402962, 0.1007068246603012, 0.11742617413401604, 0.10994151011109352, 0.12320920974016189, 0.12928526699543, 0.1318354494869709, 0.13852872997522353, 0.11912258565425873, 0.10711425989866256, 0.058022993803024295, 0.04877970851957798, 0.060856492072343824, 0.09271063208580017, 0.11248706132173539, 0.07073389068245887, 0.07387697994709015, 0.073068917542696, 0.0813990868628025, 0.09878372102975845, 0.142535313218832, 0.08950618430972099, 0.09813672676682472, 0.09994126558303833, 0.08924423083662987, 0.10825571641325951, 0.1198515236377716, 0.06730831563472747, 0.042367177084088326, 0.08310493603348731, 0.08025156557559968, 0.17387737035751344, 0.15197879523038865, 0.20139810889959336, 0.14149863943457602, 0.06834142282605171, 0.09007200822234154, 0.1312003917992115, 0.17329745143651962, 0.21770201176404952, 0.16086490899324418, 0.13887738063931465, 0.13739057406783103, 0.18803129643201827, 0.18219140768051148, 0.21484432071447374, 0.24570952653884887, 0.22630484998226166, 0.20346581935882568, 0.12752465531229973, 0.12074870839715005, 0.27362133264541627, 0.1307547062635422, 0.1562731996178627, 0.10454272106289864, 0.09736191555857658, 0.08815837502479554, 0.1633199319243431, 0.16136206686496735, 0.13813114091753959, 0.10666652768850327, 0.15623290091753006, 0.09569534584879875, 0.10057636350393295, 0.0958139345049858, 0.08404823392629623, 0.07142638601362705, 0.07552236616611481, 0.06774863936007022, 0.07176749184727668, 0.07131587080657482, 0.08497225344181061, 0.0806727409362793, 0.08035015240311623, 0.11037575602531433, 0.05845508947968483, 0.10232599377632141], "accuracy": [45.692708333333336, 58.380208333333336, 64.13020833333333, 92.28125, 92.46354166666667, 94.65625, 94.60416666666667, 94.375, 94.35416666666667, 94.31770833333333, 96.28125, 96.35416666666667, 94.46354166666667, 96.453125, 93.8125, 94.16145833333333, 94.67708333333333, 94.546875, 94.79166666666667, 94.59895833333333, 94.74479166666667, 94.72916666666667, 94.80729166666667, 94.484375, 94.94791666666667, 93.60416666666667, 94.13020833333333, 93.66666666666667, 94.57291666666667, 93.47395833333333, 93.453125, 93.45833333333333, 95.58854166666667, 95.61979166666667, 95.36458333333333, 94.96875, 94.015625, 95.390625, 95.34895833333333, 95.31770833333333, 95.171875, 95.609375, 93.85416666666667, 95.72916666666667, 95.27083333333333, 95.125, 95.546875, 95.328125, 93.78125, 95.55208333333333, 95.63020833333333, 95.83854166666667, 93.68229166666667, 95.6875, 92.875, 93.65625, 93.22395833333333, 95.58854166666667, 95.76041666666667, 95.265625, 93.734375, 92.3125, 92.5625, 92.97916666666667, 94.6875, 92.484375, 92.421875, 95.07291666666667, 92.90104166666667, 92.671875, 94.41145833333333, 93.18229166666667, 94.36979166666667, 93.59375, 94.89583333333333, 94.52083333333333, 94.41666666666667, 94.5625, 94.46875, 95.109375, 94.97916666666667, 94.6875, 94.671875, 95.203125, 95.859375, 94.90625, 95.328125, 95.109375, 95.578125, 95.54166666666667, 95.33333333333333, 94.53125, 95.46875, 95.5625, 94.48958333333333, 94.57291666666667, 95.98958333333333, 94.796875, 94.80729166666667, 94.859375], "precision": [15.399007565281053, 18.0910333228214, 19.01434809731753, 60.101476014760145, 61.49732620320856, 84.0701219512195, 84.10493827160494, 83.70786516853933, 76.32241813602015, 70.88161209068011, 87.5, 89.9737876802097, 72.00821777092963, 88.74296435272045, 66.68185961713765, 68.48681166126794, 72.79187817258884, 72.46525990735975, 74.21052631578947, 75.214163335237, 75.46115148127446, 74.48759439050701, 74.53482190324296, 72.06560738083034, 75.37393162393163, 71.12332112332112, 73.14652656158785, 72.70967741935483, 74.6629213483146, 69.31094383323682, 69.39730836746637, 69.46072684642438, 91.75097276264592, 91.98443579766537, 92.21311475409836, 87.5, 73.32123411978222, 87.47284576393918, 87.454412837345, 92.08573784006595, 90.13742926434924, 90.76457229371688, 72.50608272506082, 92.3076923076923, 87.15124816446402, 84.64788732394366, 91.43968871595331, 89.07563025210085, 72.1341463414634, 90.37878787878788, 91.6089299461124, 92.55884586180714, 71.00415923945336, 90.56463595839524, 64.64968152866241, 70.08009153318078, 66.19570905285191, 89.13202042304887, 90.66176470588235, 84.59958932238193, 69.90560799555803, 60.85043988269795, 61.56015037593985, 64.18650793650794, 77.07581227436823, 61.04678091709125, 60.87973795039775, 77.35955056179775, 62.734339277549154, 62.65416872224962, 67.36367363673637, 69.95427824951012, 83.47964884277734, 74.53769559032717, 75.05330490405117, 85.45751633986927, 75.08875739644971, 86.74496644295301, 85.33772652388797, 83.71134020618557, 81.61375661375662, 80.04005340453939, 79.2563600782779, 85.20084566596195, 89.86534372785259, 83.40425531914893, 88.60377358490567, 84.46943078004216, 91.86864738076622, 93.11183144246354, 91.49108589951378, 92.48046875, 89.77272727272727, 90.09009009009009, 88.14159292035399, 88.98756660746004, 96.14767255216692, 93.40245051837888, 95.28949950932287, 93.72071227741331], "recall": [98.59375, 89.63541666666667, 79.375, 67.86458333333333, 65.88541666666666, 57.447916666666664, 56.770833333333336, 54.322916666666664, 63.125, 73.28125, 73.28125, 71.51041666666667, 73.02083333333333, 73.90625, 76.19791666666667, 77.08333333333334, 74.6875, 73.33333333333333, 73.4375, 68.59375, 70.3125, 71.92708333333333, 73.02083333333333, 73.22916666666667, 73.48958333333333, 60.677083333333336, 65.26041666666667, 58.69791666666667, 69.21875, 62.34375, 61.77083333333333, 61.71875, 61.40624999999999, 61.5625, 58.59375, 57.96875, 63.125, 62.916666666666664, 62.44791666666667, 58.177083333333336, 58.072916666666664, 62.44791666666667, 62.083333333333336, 62.5, 61.82291666666667, 62.60416666666667, 61.197916666666664, 60.729166666666664, 61.61458333333333, 62.135416666666664, 61.979166666666664, 63.489583333333336, 62.239583333333336, 63.489583333333336, 63.4375, 63.802083333333336, 65.88541666666666, 63.645833333333336, 64.21875, 64.375, 65.57291666666667, 64.84375, 68.22916666666666, 67.39583333333333, 66.71875, 68.64583333333333, 67.76041666666667, 71.71875, 71.45833333333333, 66.14583333333334, 85.57291666666667, 55.78125000000001, 54.479166666666664, 54.58333333333333, 73.33333333333333, 54.479166666666664, 66.09375, 53.85416666666667, 53.95833333333333, 63.4375, 64.27083333333333, 62.44791666666667, 63.28125, 62.96874999999999, 66.04166666666667, 61.25000000000001, 61.145833333333336, 62.60416666666667, 61.197916666666664, 59.84374999999999, 58.802083333333336, 49.322916666666664, 61.71875, 62.5, 51.87500000000001, 52.1875, 62.39583333333333, 51.61458333333333, 50.572916666666664, 52.083333333333336],